record_type,item_id,item_version,locale,candidate_fingerprint,technical_or_decision_name,semantic_contract,primary_text,explanation_or_tip,example,workflow_effect_or_options,candidate_status,reviewer_name,reviewer_decision,reviewed_at_rfc3339,evidence_reference,reviewer_comments
"concept","copilot.workflow.name","1.0","en","fnv1a64:4a149e693daab18d","workflow_display_name","names.workflow | does_not_route","Workflow name","The short name employees use to find and recognise this approval process.","Supplier payment request","It changes how the workflow is listed and searched; it does not change who approves.","approved","","","","",""
"concept","copilot.workflow.name","1.0","zh-Hant","fnv1a64:4a149e693daab18d","workflow_display_name","names.workflow | does_not_route","流程名稱","這是同事用來尋找及辨認審批流程的簡短名稱。","供應商付款申請","名稱只影響流程在清單和搜尋中的顯示，不會改變審批人。","approved","","","","",""
"concept","copilot.workflow.name","1.0","zh-Hans","fnv1a64:4a149e693daab18d","workflow_display_name","names.workflow | does_not_route","流程名称","这是员工用来查找和识别审批流程的简短名称。","供应商付款申请","名称只影响流程在列表和搜索中的显示，不会改变审批人。","approved","","","","",""
"concept","copilot.workflow.purpose","1.0","en","fnv1a64:4a149e693daab18d","workflow_business_purpose","describes.business_outcome | does_not_route","Business purpose","The practical business job this workflow is meant to complete.","Approve supplier payments before Finance pays them.","It helps employees and reviewers understand when the workflow should be used.","approved","","","","",""
"concept","copilot.workflow.purpose","1.0","zh-Hant","fnv1a64:4a149e693daab18d","workflow_business_purpose","describes.business_outcome | does_not_route","業務目的","這是流程要完成的實際業務工作。","在財務付款前審批供應商付款。","它協助同事及審批人判斷何時應使用此流程。","approved","","","","",""
"concept","copilot.workflow.purpose","1.0","zh-Hans","fnv1a64:4a149e693daab18d","workflow_business_purpose","describes.business_outcome | does_not_route","业务目的","这是流程要完成的实际业务工作。","在财务付款前审批供应商付款。","它帮助员工和审批人判断何时应使用此流程。","approved","","","","",""
"concept","copilot.workflow.scope","1.0","en","fnv1a64:4a149e693daab18d","workflow_request_scope","includes.request_types | excludes.request_types","Requests covered","This defines which kinds of request belong in this workflow and which similar requests do not.","Use it for supplier invoices, but not for employee expense claims.","It helps requesters choose the correct workflow and keeps unrelated requests out.","approved","","","","",""
"concept","copilot.workflow.scope","1.0","zh-Hant","fnv1a64:4a149e693daab18d","workflow_request_scope","includes.request_types | excludes.request_types","適用申請","這項資料界定哪些申請應使用此流程，以及哪些相近申請不應使用。","供應商發票使用此流程；員工報銷則使用其他流程。","它協助申請人選擇正確流程，避免不相關申請進入。","approved","","","","",""
"concept","copilot.workflow.scope","1.0","zh-Hans","fnv1a64:4a149e693daab18d","workflow_request_scope","includes.request_types | excludes.request_types","适用申请","这项信息界定哪些申请应使用此流程，以及哪些相近申请不应使用。","供应商发票使用此流程；员工报销则使用其他流程。","它帮助申请人选择正确流程，避免无关申请进入。","approved","","","","",""
"concept","copilot.request.initiator_policy","1.0","en","fnv1a64:4a149e693daab18d","request_initiator_policy","controls.who_can_start | may_use.directory_roles","Who may start a request","This decides whether every employee or only people in named job roles may submit a new request.","Only Procurement Managers and Finance Officers may start it.","It controls access to the request form; it does not decide who approves later.","approved","","","","",""
"concept","copilot.request.initiator_policy","1.0","zh-Hant","fnv1a64:4a149e693daab18d","request_initiator_policy","controls.who_can_start | may_use.directory_roles","誰可發起申請","這項設定決定所有員工都可提交，還是只有指定職位的同事可提交新申請。","只有採購經理及財務主任可以發起申請。","它控制誰可使用申請表格，不會決定之後由誰審批。","approved","","","","",""
"concept","copilot.request.initiator_policy","1.0","zh-Hans","fnv1a64:4a149e693daab18d","request_initiator_policy","controls.who_can_start | may_use.directory_roles","谁可发起申请","这项设置决定所有员工都可提交，还是只有指定职位的员工可提交新申请。","只有采购经理和财务专员可以发起申请。","它控制谁可使用申请表单，不会决定之后由谁审批。","approved","","","","",""
"concept","copilot.request.fields","1.0","en","fnv1a64:4a149e693daab18d","request_form_fields","collects.request_data | supports.conditions","Information on the request form","These are the details a requester must enter so reviewers can understand and decide the request.","Supplier name, amount, cost centre, and payment date","The fields appear on the request form and may also be used by routing rules.","approved","","","","",""
"concept","copilot.request.fields","1.0","zh-Hant","fnv1a64:4a149e693daab18d","request_form_fields","collects.request_data | supports.conditions","申請表格資料","這些是申請人必須填寫的資料，讓審批人了解申請並作出決定。","供應商名稱、金額、成本中心及付款日期","這些欄位會顯示在申請表格，亦可供流程規則使用。","approved","","","","",""
"concept","copilot.request.fields","1.0","zh-Hans","fnv1a64:4a149e693daab18d","request_form_fields","collects.request_data | supports.conditions","申请表单信息","这些是申请人必须填写的信息，让审批人了解申请并作出决定。","供应商名称、金额、成本中心和付款日期","这些字段会显示在申请表单，也可供流程规则使用。","approved","","","","",""
"concept","copilot.attachments.requirements","1.0","en","fnv1a64:4a149e693daab18d","attachment_requirements","collects.files | collects.forms | may_bind.stage","Files and in-app forms","This lists the documents, uploads, or in-app forms a requester or contributor must provide.","Require a supplier quotation in PDF format and an in-app declaration form before the Finance review.","It controls which files or forms are requested, whether they are mandatory, how many are needed, and when they must be provided.","approved","","","","",""
"concept","copilot.attachments.requirements","1.0","zh-Hant","fnv1a64:4a149e693daab18d","attachment_requirements","collects.files | collects.forms | may_bind.stage","檔案及應用程式內表格","這項設定列出申請人或協作者必須提供的文件、上載檔案或應用程式內表格。","在財務審閱前，必須提供一份 PDF 供應商報價單及填寫應用程式內聲明表格。","它控制需要哪些檔案或表格、是否必交、所需數量，以及須在哪個步驟前提供。","approved","","","","",""
"concept","copilot.attachments.requirements","1.0","zh-Hans","fnv1a64:4a149e693daab18d","attachment_requirements","collects.files | collects.forms | may_bind.stage","文件及应用内表单","这项设置列出申请人或协作者必须提供的文档、上传文件或应用内表单。","在财务审核前，必须提供一份 PDF 供应商报价单并填写应用内声明表单。","它控制需要哪些文件或表单、是否必交、所需数量，以及须在哪个步骤前提供。","approved","","","","",""
"concept","copilot.workflow.stages","1.0","en","fnv1a64:4a149e693daab18d","ordered_workflow_stages","orders.actions | may_run.parallel | resolves.participants","Steps and people","These are the actions and responsible people in the process. Steps usually happen in order, while independent steps may happen at the same time.","The manager and Finance review at the same time; the Director approves after both finish.","The sequence, any same-time groups, and each person-setting decide who receives the request and when.","approved","","","","",""
"concept","copilot.workflow.stages","1.0","zh-Hant","fnv1a64:4a149e693daab18d","ordered_workflow_stages","orders.actions | may_run.parallel | resolves.participants","步驟及處理人","這些是流程中的工作及負責人。步驟通常按次序進行，互不依賴的步驟亦可同時進行。","經理及財務部同時審閱；兩者完成後再由董事批准。","步驟次序、同時進行的組別及處理人設定，會決定誰在何時收到申請。","approved","","","","",""
"concept","copilot.workflow.stages","1.0","zh-Hans","fnv1a64:4a149e693daab18d","ordered_workflow_stages","orders.actions | may_run.parallel | resolves.participants","步骤及处理人","这些是流程中的工作及负责人。步骤通常按顺序进行，互不依赖的步骤也可同时进行。","经理及财务部门同时审核；两者完成后再由总监批准。","步骤顺序、同时进行的分组及处理人设置，会决定谁在何时收到申请。","approved","","","","",""
"concept","copilot.workflow.conditions","1.0","en","fnv1a64:4a149e693daab18d","conditional_workflow_routes","compares.request_field | selects.route","Rules for different requests","A rule checks one item on the request and sends matching requests along a specified path.","If Amount is at least HK$10,000, send the request to Finance; otherwise continue to the manager.","It changes the path only when the stated check matches; every rule also needs a clear other path.","approved","","","","",""
"concept","copilot.workflow.conditions","1.0","zh-Hant","fnv1a64:4a149e693daab18d","conditional_workflow_routes","compares.request_field | selects.route","不同申請的處理規則","規則會檢查申請內的一項資料，並把符合條件的申請送到指定處理路徑。","若金額不少於 HK$10,000，先交財務部；否則繼續交經理。","只有符合指定檢查時才會改變路徑；每項規則亦須清楚列出其他申請的處理方式。","approved","","","","",""
"concept","copilot.workflow.conditions","1.0","zh-Hans","fnv1a64:4a149e693daab18d","conditional_workflow_routes","compares.request_field | selects.route","不同申请的处理规则","规则会检查申请中的一项信息，并把符合条件的申请送到指定处理路径。","若金额不少于 HK$10,000，先交财务部门；否则继续交经理。","只有符合指定检查时才会改变路径；每项规则也须清楚列出其他申请的处理方式。","approved","","","","",""
"concept","copilot.workflow.rejection_policy","1.0","en","fnv1a64:4a149e693daab18d","rejection_outcome_policy","controls.rejection_outcome | may_allow.correction","What happens after rejection","This decides whether a rejected request ends or returns so the requester can correct and resubmit it.","Return the request to the requester with comments, then send the corrected request back to the same reviewer.","It controls the next state and route after someone rejects the request.","approved","","","","",""
"concept","copilot.workflow.rejection_policy","1.0","zh-Hant","fnv1a64:4a149e693daab18d","rejection_outcome_policy","controls.rejection_outcome | may_allow.correction","申請被拒後如何處理","這項設定決定被拒申請會結束，還是退回讓申請人更正後再提交。","連同意見退回申請人；更正後再交回同一位審批人。","它控制申請被拒後的狀態及下一個處理路徑。","approved","","","","",""
"concept","copilot.workflow.rejection_policy","1.0","zh-Hans","fnv1a64:4a149e693daab18d","rejection_outcome_policy","controls.rejection_outcome | may_allow.correction","申请被拒后如何处理","这项设置决定被拒申请会结束，还是退回让申请人更正后再提交。","连同意见退回申请人；更正后再交回同一位审批人。","它控制申请被拒后的状态及下一个处理路径。","approved","","","","",""
"concept","copilot.collaboration.policy","1.0","en","fnv1a64:4a149e693daab18d","request_collaboration_policy","controls.contributors | controls.correction_check","Help from other colleagues","This controls whether another colleague may provide files and whether corrected files need a separate check.","Procurement may upload the quotation, and the Procurement Manager checks any replacement.","It decides who may contribute documents and whether the request must pause for confirmation.","approved","","","","",""
"concept","copilot.collaboration.policy","1.0","zh-Hant","fnv1a64:4a149e693daab18d","request_collaboration_policy","controls.contributors | controls.correction_check","其他同事協助","這項設定控制其他同事可否提供檔案，以及更正檔案是否需要另行檢查。","採購部可上載報價單；如有替換檔案，則由採購經理核對。","它決定誰可協助提供文件，以及申請是否須暫停等候確認。","approved","","","","",""
"concept","copilot.collaboration.policy","1.0","zh-Hans","fnv1a64:4a149e693daab18d","request_collaboration_policy","controls.contributors | controls.correction_check","其他员工协助","这项设置控制其他员工能否提供文件，以及更正文件是否需要另行检查。","采购部门可上传报价单；如有替换文件，则由采购经理核对。","它决定谁可协助提供文档，以及申请是否须暂停等待确认。","approved","","","","",""
"concept","copilot.timing.rules","1.0","en","fnv1a64:4a149e693daab18d","due_reminder_overdue_rules","sets.due_time | sets.reminder | sets.overdue_action","Reply times and overdue actions","This states how long each person has, when to remind them, and what to do if no reply arrives.","Allow two working days, remind after one day, then notify the person’s manager when overdue.","It controls due dates, reminders, and the action taken after the time limit passes.","approved","","","","",""
"concept","copilot.timing.rules","1.0","zh-Hant","fnv1a64:4a149e693daab18d","due_reminder_overdue_rules","sets.due_time | sets.reminder | sets.overdue_action","回覆期限及逾期處理","這項設定說明每位處理人有多少時間、何時提醒，以及未有回覆時如何處理。","限期為兩個工作天；一天後提醒；逾期後通知其經理。","它控制截止時間、提醒及超過期限後採取的行動。","approved","","","","",""
"concept","copilot.timing.rules","1.0","zh-Hans","fnv1a64:4a149e693daab18d","due_reminder_overdue_rules","sets.due_time | sets.reminder | sets.overdue_action","回复期限及逾期处理","这项设置说明每位处理人有多少时间、何时提醒，以及没有回复时如何处理。","期限为两个工作日；一天后提醒；逾期后通知其经理。","它控制截止时间、提醒及超过期限后采取的行动。","approved","","","","",""
"concept","copilot.visibility.policy","1.0","en","fnv1a64:4a149e693daab18d","request_visibility_policy","controls.who_can_view | does_not_assign.action","Who may view the request","This lists the people or groups allowed to see the request, its documents, and its progress.","The requester, current reviewer, Finance team, and workflow owner may view it.","It controls visibility only; viewing permission does not give someone approval authority.","approved","","","","",""
"concept","copilot.visibility.policy","1.0","zh-Hant","fnv1a64:4a149e693daab18d","request_visibility_policy","controls.who_can_view | does_not_assign.action","誰可查看申請","這項設定列出可查看申請、文件及進度的人士或小組。","申請人、目前審批人、財務團隊及流程負責部門可以查看。","它只控制查看權限；可以查看並不代表有權審批。","approved","","","","",""
"concept","copilot.visibility.policy","1.0","zh-Hans","fnv1a64:4a149e693daab18d","request_visibility_policy","controls.who_can_view | does_not_assign.action","谁可查看申请","这项设置列出可查看申请、文档和进度的人员或小组。","申请人、当前审批人、财务团队和流程负责部门可以查看。","它只控制查看权限；可以查看并不代表有权审批。","approved","","","","",""
"concept","copilot.notifications.rules","1.0","en","fnv1a64:4a149e693daab18d","workflow_notification_rules","selects.event | selects.recipient | selects.channel","Messages sent by the workflow","Each notification says what event sends a message, who receives it, and where it is delivered.","When a request is returned for changes, email the requester and show an in-app message.","It controls communication only; a notification does not approve, reject, or reroute a request.","approved","","","","",""
"concept","copilot.notifications.rules","1.0","zh-Hant","fnv1a64:4a149e693daab18d","workflow_notification_rules","selects.event | selects.recipient | selects.channel","流程發出的通知","每項通知會說明哪個事件觸發訊息、誰會收到，以及經哪個渠道發送。","申請被退回更正時，以電郵及應用程式內訊息通知申請人。","它只控制溝通；通知本身不會批准、拒絕或改變申請路徑。","approved","","","","",""
"concept","copilot.notifications.rules","1.0","zh-Hans","fnv1a64:4a149e693daab18d","workflow_notification_rules","selects.event | selects.recipient | selects.channel","流程发出的通知","每项通知会说明哪个事件触发消息、谁会收到，以及通过哪个渠道发送。","申请被退回更正时，以电子邮件及应用内消息通知申请人。","它只控制沟通；通知本身不会批准、拒绝或改变申请路径。","approved","","","","",""
"concept","copilot.governance.owner","1.0","en","fnv1a64:4a149e693daab18d","workflow_business_owner","identifies.business_owner | owns.change_decisions","Department responsible for the workflow","This is the business department accountable for keeping the workflow correct and deciding when it should change.","Procurement owns the supplier onboarding workflow.","It identifies the accountable business owner; it does not automatically assign every approval to that department.","approved","","","","",""
"concept","copilot.governance.owner","1.0","zh-Hant","fnv1a64:4a149e693daab18d","workflow_business_owner","identifies.business_owner | owns.change_decisions","流程負責部門","這是負責確保流程正確，並決定何時需要修改的業務部門。","供應商登記流程由採購部負責。","它列出須承擔責任的業務部門，但不會自動把每項審批交給該部門。","approved","","","","",""
"concept","copilot.governance.owner","1.0","zh-Hans","fnv1a64:4a149e693daab18d","workflow_business_owner","identifies.business_owner | owns.change_decisions","流程负责部门","这是负责确保流程正确，并决定何时需要修改的业务部门。","供应商登记流程由采购部门负责。","它列出须承担责任的业务部门，但不会自动把每项审批交给该部门。","approved","","","","",""
"concept","copilot.governance.policies","1.0","en","fnv1a64:4a149e693daab18d","workflow_governance_policies","identifies.change_reviewer | identifies.applicable_policies","company policies","This records who checks workflow changes and which company policies the workflow must follow.","Finance Control reviews changes; the Purchasing Policy and HK$50,000 spending rule apply.","It provides governance evidence and review requirements without replacing the approval stages.","approved","","","","",""
"concept","copilot.governance.policies","1.0","zh-Hant","fnv1a64:4a149e693daab18d","workflow_governance_policies","identifies.change_reviewer | identifies.applicable_policies","審閱責任及公司政策","這項資料記錄由誰檢查流程更改，以及流程必須遵從哪些公司政策。","由財務監控組審閱更改，並須遵從採購政策及 HK$50,000 開支規則。","它提供管治及審閱依據，但不會取代流程內的審批步驟。","approved","","","","",""
"concept","copilot.governance.policies","1.0","zh-Hans","fnv1a64:4a149e693daab18d","workflow_governance_policies","identifies.change_reviewer | identifies.applicable_policies","审核责任及公司政策","这项信息记录由谁检查流程更改，以及流程必须遵守哪些公司政策。","由财务监控组审核更改，并须遵守采购政策及 HK$50,000 支出规则。","它提供治理及审核依据，但不会取代流程内的审批步骤。","approved","","","","",""
"concept","copilot.governance.retention","1.0","en","fnv1a64:4a149e693daab18d","workflow_record_retention","sets.retention_period | covers.records_and_files","How long records are kept","This states how long completed requests, decisions, and attached files must remain available.","Keep the request, approval history, and attachments for seven years.","It controls the retention requirement used by records management and audit processes.","approved","","","","",""
"concept","copilot.governance.retention","1.0","zh-Hant","fnv1a64:4a149e693daab18d","workflow_record_retention","sets.retention_period | covers.records_and_files","記錄保留期","這項設定說明已完成申請、審批決定及附件須保留多久。","申請、審批記錄及附件保留七年。","它控制記錄管理及審計程序所使用的保留要求。","approved","","","","",""
"concept","copilot.governance.retention","1.0","zh-Hans","fnv1a64:4a149e693daab18d","workflow_record_retention","sets.retention_period | covers.records_and_files","记录保留期","这项设置说明已完成申请、审批决定和附件须保留多久。","申请、审批记录和附件保留七年。","它控制记录管理及审计程序所使用的保留要求。","approved","","","","",""
"question","v2.workflow.name.name","v2.2","en","fnv1a64:df415823535ac40f","decision.workflow.name.name","workflow.name | short_text | v2.fact.workflow.name.v1","What should we call this approval workflow?","Use a short name people will recognise, such as ‘Supplier payment request’.","","","approved","","","","",""
"question","v2.workflow.name.name","v2.2","zh-Hant","fnv1a64:df415823535ac40f","decision.workflow.name.name","workflow.name | short_text | v2.fact.workflow.name.v1","這個審批流程應叫甚麼名稱？","請用同事一看便明白的簡短名稱，例如「供應商付款申請」。","","","approved","","","","",""
"question","v2.workflow.name.name","v2.2","zh-Hans","fnv1a64:df415823535ac40f","decision.workflow.name.name","workflow.name | short_text | v2.fact.workflow.name.v1","这个审批流程应叫什么名称？","请用同事一看就明白的简短名称，例如“供应商付款申请”。","","","approved","","","","",""
"question","v2.workflow.purpose.purpose","v2.2","en","fnv1a64:df415823535ac40f","decision.workflow.purpose.purpose","workflow.purpose | long_text | v2.fact.workflow.purpose.v1","What job should this workflow help people complete?","Describe the business job, not the software. For example: approve supplier payments before Finance pays them.","","","approved","","","","",""
"question","v2.workflow.purpose.purpose","v2.2","zh-Hant","fnv1a64:df415823535ac40f","decision.workflow.purpose.purpose","workflow.purpose | long_text | v2.fact.workflow.purpose.v1","此流程要協助完成甚麼工作？","請描述業務工作，而不是軟件功能。例如：財務付款前先審批供應商付款。","","","approved","","","","",""
"question","v2.workflow.purpose.purpose","v2.2","zh-Hans","fnv1a64:df415823535ac40f","decision.workflow.purpose.purpose","workflow.purpose | long_text | v2.fact.workflow.purpose.v1","此流程要协助完成什么工作？","请描述业务工作，而不是软件功能。例如：财务付款前先审批供应商付款。","","","approved","","","","",""
"question","v2.workflow.scope.included","v2.2","en","fnv1a64:df415823535ac40f","decision.workflow.scope.included","workflow.scope | long_text | v2.fact.workflow.scope.v1","What requests belong in this workflow?","Say which requests belong here. Name a familiar request type so people know when to use this workflow.","Supplier invoice requests.","","approved","","","","",""
"question","v2.workflow.scope.included","v2.2","zh-Hant","fnv1a64:df415823535ac40f","decision.workflow.scope.included","workflow.scope | long_text | v2.fact.workflow.scope.v1","哪些申請應使用此流程？","請說明哪些申請屬於此流程。列出熟悉的申請種類，讓同事知道何時使用。","供應商發票申請。","","approved","","","","",""
"question","v2.workflow.scope.included","v2.2","zh-Hans","fnv1a64:df415823535ac40f","decision.workflow.scope.included","workflow.scope | long_text | v2.fact.workflow.scope.v1","哪些申请应使用此流程？","请说明哪些申请属于此流程。列出熟悉的申请种类，让同事知道何时使用。","供应商发票申请。","","approved","","","","",""
"question","v2.workflow.scope.excluded","v2.2","en","fnv1a64:df415823535ac40f","decision.workflow.scope.excluded","workflow.scope | long_text | v2.fact.workflow.scope.v1","What requests should not use this workflow?","List similar requests that should use another process. This prevents people from choosing the wrong workflow.","Staff expense claims.","","approved","","","","",""
"question","v2.workflow.scope.excluded","v2.2","zh-Hant","fnv1a64:df415823535ac40f","decision.workflow.scope.excluded","workflow.scope | long_text | v2.fact.workflow.scope.v1","哪些申請不應使用此流程？","列出看似相近但應使用其他流程的申請，避免同事選錯流程。","員工報銷申請。","","approved","","","","",""
"question","v2.workflow.scope.excluded","v2.2","zh-Hans","fnv1a64:df415823535ac40f","decision.workflow.scope.excluded","workflow.scope | long_text | v2.fact.workflow.scope.v1","哪些申请不应使用此流程？","列出看似相近但应使用其他流程的申请，避免同事选错流程。","员工报销申请。","","approved","","","","",""
"question","v2.request.initiator_policy.who_can_start","v2.2","en","fnv1a64:df415823535ac40f","decision.request.initiator_policy.who_can_start","request.initiator_policy | choice | v2.fact.request.initiator_policy.v1","Who may start a request?","Choose whether every employee may submit this request, or only people in named job roles.","","any_employee: Any employee | selected_roles: Selected roles","approved","","","","",""
"question","v2.request.initiator_policy.who_can_start","v2.2","zh-Hant","fnv1a64:df415823535ac40f","decision.request.initiator_policy.who_can_start","request.initiator_policy | choice | v2.fact.request.initiator_policy.v1","誰可以發起申請？","請選擇所有員工都可提交，還是只有指定職位的同事可提交。","","any_employee: 任何員工 | selected_roles: 指定職位","approved","","","","",""
"question","v2.request.initiator_policy.who_can_start","v2.2","zh-Hans","fnv1a64:df415823535ac40f","decision.request.initiator_policy.who_can_start","request.initiator_policy | choice | v2.fact.request.initiator_policy.v1","谁可以发起申请？","请选择所有员工都可提交，还是只有指定职位的同事可提交。","","any_employee: 任何员工 | selected_roles: 指定职位","approved","","","","",""
"question","v2.request.initiator_policy.initiator_roles","v2.2","en","fnv1a64:df415823535ac40f","decision.request.initiator_policy.initiator_roles","request.initiator_policy | short_text | v2.fact.request.initiator_policy.v1","Which job roles may start a request?","List the job roles that may start a request, for example ‘Procurement Manager’ or ‘Finance Officer’.","Procurement Manager and Finance Officer.","","approved","","","","",""
"question","v2.request.initiator_policy.initiator_roles","v2.2","zh-Hant","fnv1a64:df415823535ac40f","decision.request.initiator_policy.initiator_roles","request.initiator_policy | short_text | v2.fact.request.initiator_policy.v1","哪些職位可以發起申請？","列出可發起申請的職位，例如「採購經理」或「財務主任」。","採購經理及財務主任。","","approved","","","","",""
"question","v2.request.initiator_policy.initiator_roles","v2.2","zh-Hans","fnv1a64:df415823535ac40f","decision.request.initiator_policy.initiator_roles","request.initiator_policy | short_text | v2.fact.request.initiator_policy.v1","哪些职位可以发起申请？","列出可发起申请的职位，例如“采购经理”或“财务专员”。","采购经理和财务专员。","","approved","","","","",""
"question","v2.request.fields.first_required_field","v2.2","en","fnv1a64:df415823535ac40f","decision.request.fields.first_required_field","request.fields | short_text | v2.fact.request.fields.v1","What is one piece of information every request must include?","Choose one item every requester must fill in. Start with the detail that helps reviewers make a decision, such as amount or supplier name.","Invoice amount.","","approved","","","","",""
"question","v2.request.fields.first_required_field","v2.2","zh-Hant","fnv1a64:df415823535ac40f","decision.request.fields.first_required_field","request.fields | short_text | v2.fact.request.fields.v1","每個申請必須提供的一項資料是甚麼？","選擇每位申請人都必須填寫的一項資料。先填有助審批人決定的資料，例如金額或供應商名稱。","發票金額。","","approved","","","","",""
"question","v2.request.fields.first_required_field","v2.2","zh-Hans","fnv1a64:df415823535ac40f","decision.request.fields.first_required_field","request.fields | short_text | v2.fact.request.fields.v1","每个申请必须提供的一项资料是什么？","选择每位申请人都必须填写的一项资料。先填有助审批人决定的资料，例如金额或供应商名称。","发票金额。","","approved","","","","",""
"question","v2.attachments.requirements.needed","v2.2","en","fnv1a64:df415823535ac40f","decision.attachments.requirements.needed","attachments.requirements | choice | v2.fact.attachments.requirements.v1","Does every request need a file or an in-app form?","Choose Yes when a file is needed for every request. For example, a quotation, invoice, or signed form.","","yes: Yes | no: No","approved","","","","",""
"question","v2.attachments.requirements.needed","v2.2","zh-Hant","fnv1a64:df415823535ac40f","decision.attachments.requirements.needed","attachments.requirements | choice | v2.fact.attachments.requirements.v1","每個申請是否都需要檔案或應用程式內表格？","若每份申請都需要檔案，請選「是」，例如報價單、發票或已簽署表格。","","yes: 是 | no: 否","approved","","","","",""
"question","v2.attachments.requirements.needed","v2.2","zh-Hans","fnv1a64:df415823535ac40f","decision.attachments.requirements.needed","attachments.requirements | choice | v2.fact.attachments.requirements.v1","每个申请是否都需要文件或应用内表单？","若每份申请都需要文件，请选“是”，例如报价单、发票或已签署表格。","","yes: 是 | no: 否","approved","","","","",""
"question","v2.attachments.requirements.first_file","v2.2","en","fnv1a64:df415823535ac40f","decision.attachments.requirements.first_file","attachments.requirements | short_text | v2.fact.attachments.requirements.v1","What is one file or in-app form the requester must provide?","Name one file that every requester must attach. Be specific, for example ‘supplier quotation’ rather than ‘supporting document’.","Supplier quotation.","","approved","","","","",""
"question","v2.attachments.requirements.first_file","v2.2","zh-Hant","fnv1a64:df415823535ac40f","decision.attachments.requirements.first_file","attachments.requirements | short_text | v2.fact.attachments.requirements.v1","申請人必須提供的其中一份檔案或應用程式內表格是甚麼？","請列出每位申請人都必須附上的一份檔案。請具體，例如「供應商報價單」，不要只寫「證明文件」。","供應商報價單。","","approved","","","","",""
"question","v2.attachments.requirements.first_file","v2.2","zh-Hans","fnv1a64:df415823535ac40f","decision.attachments.requirements.first_file","attachments.requirements | short_text | v2.fact.attachments.requirements.v1","申请人必须提供的其中一份文件或应用内表单是什么？","请列出每位申请人都必须附上的一份文件。请具体，例如“供应商报价单”，不要只写“证明文件”。","供应商报价单。","","approved","","","","",""
"question","v2.workflow.stages.first_stage","v2.2","en","fnv1a64:df415823535ac40f","decision.workflow.stages.first_stage","workflow.stages | short_text | v2.fact.workflow.stages.v1","What is the first step after a request is sent?","Describe one action in order, such as ‘Manager checks the request’ or ‘Finance approves payment’. Do not combine several actions in one step.","A manager checks the request.","","approved","","","","",""
"question","v2.workflow.stages.first_stage","v2.2","zh-Hant","fnv1a64:df415823535ac40f","decision.workflow.stages.first_stage","workflow.stages | short_text | v2.fact.workflow.stages.v1","申請提交後的第一步是甚麼？","按次序描述一項工作，例如「經理檢查申請」或「財務批准付款」。不要把多項工作合併成一步。","經理檢查申請。","","approved","","","","",""
"question","v2.workflow.stages.first_stage","v2.2","zh-Hans","fnv1a64:df415823535ac40f","decision.workflow.stages.first_stage","workflow.stages | short_text | v2.fact.workflow.stages.v1","申请提交后的第一步是什么？","按顺序描述一项工作，例如“经理检查申请”或“财务批准付款”。不要把多项工作合并成一步。","经理检查申请。","","approved","","","","",""
"question","v2.workflow.stages.first_stage_person_mode","v2.2","en","fnv1a64:df415823535ac40f","decision.workflow.stages.first_stage_person_mode","workflow.stages | choice | v2.fact.workflow.stages.v1","How should we choose the person for that first step?","Choose how this step finds its person: the same email every time, a job role in the staff directory, an email entered on the request, or a person chosen later.","","fixed_email: A fixed email address | directory_role: A job role from the staff directory | request_field: An email entered in the request | assigned_later: Assigned later","approved","","","","",""
"question","v2.workflow.stages.first_stage_person_mode","v2.2","zh-Hant","fnv1a64:df415823535ac40f","decision.workflow.stages.first_stage_person_mode","workflow.stages | choice | v2.fact.workflow.stages.v1","第一步的處理人應如何決定？","選擇此步驟如何找到處理人：每次使用同一電郵、員工目錄中的職位、申請內填寫的電郵，或稍後才指派人選。","","fixed_email: 指定電郵地址 | directory_role: 員工目錄中的職位 | request_field: 申請內填寫的電郵 | assigned_later: 稍後指派","approved","","","","",""
"question","v2.workflow.stages.first_stage_person_mode","v2.2","zh-Hans","fnv1a64:df415823535ac40f","decision.workflow.stages.first_stage_person_mode","workflow.stages | choice | v2.fact.workflow.stages.v1","第一步的处理人应如何决定？","选择此步骤如何找到处理人：每次使用同一电子邮件、员工目录中的职位、申请内填写的电子邮件，或稍后才指派人选。","","fixed_email: 指定电子邮件地址 | directory_role: 员工目录中的职位 | request_field: 申请内填写的电子邮件 | assigned_later: 稍后指派","approved","","","","",""
"question","v2.workflow.stages.first_stage_person_detail","v2.2","en","fnv1a64:df415823535ac40f","decision.workflow.stages.first_stage_person_detail","workflow.stages | short_text | v2.fact.workflow.stages.v1","Please give the email address, job role, or request field for that person.","Give the one detail needed for the option you just chose. If a person will be chosen later, this question will not appear.","","","approved","","","","",""
"question_prompt_variant","v2.workflow.stages.first_stage_person_detail#fixed_email","v2.2","en","fnv1a64:df415823535ac40f","decision.workflow.stages.first_stage_person_mode | fixed_email","workflow.stages | resolver-specific visible prompt","What fixed email address should receive this step?","","","","approved","","","","",""
"question_prompt_variant","v2.workflow.stages.first_stage_person_detail#directory_role","v2.2","en","fnv1a64:df415823535ac40f","decision.workflow.stages.first_stage_person_mode | directory_role","workflow.stages | resolver-specific visible prompt","Which job role in the staff directory should receive this step?","","","","approved","","","","",""
"question_prompt_variant","v2.workflow.stages.first_stage_person_detail#request_field","v2.2","en","fnv1a64:df415823535ac40f","decision.workflow.stages.first_stage_person_mode | request_field","workflow.stages | resolver-specific visible prompt","Which request field will contain this person's email address?","","","","approved","","","","",""
"question","v2.workflow.stages.first_stage_person_detail","v2.2","zh-Hant","fnv1a64:df415823535ac40f","decision.workflow.stages.first_stage_person_detail","workflow.stages | short_text | v2.fact.workflow.stages.v1","請提供該人士的電郵地址、職位或申請欄位。","請提供剛才所選方式所需的一項資料。若選擇稍後指派人選，便不會看到此問題。","","","approved","","","","",""
"question_prompt_variant","v2.workflow.stages.first_stage_person_detail#fixed_email","v2.2","zh-Hant","fnv1a64:df415823535ac40f","decision.workflow.stages.first_stage_person_mode | fixed_email","workflow.stages | resolver-specific visible prompt","此步驟應交給哪個指定電郵地址？","","","","approved","","","","",""
"question_prompt_variant","v2.workflow.stages.first_stage_person_detail#directory_role","v2.2","zh-Hant","fnv1a64:df415823535ac40f","decision.workflow.stages.first_stage_person_mode | directory_role","workflow.stages | resolver-specific visible prompt","此步驟應交給員工目錄中的哪個職位？","","","","approved","","","","",""
"question_prompt_variant","v2.workflow.stages.first_stage_person_detail#request_field","v2.2","zh-Hant","fnv1a64:df415823535ac40f","decision.workflow.stages.first_stage_person_mode | request_field","workflow.stages | resolver-specific visible prompt","哪個申請欄位會填寫此人的電郵地址？","","","","approved","","","","",""
"question","v2.workflow.stages.first_stage_person_detail","v2.2","zh-Hans","fnv1a64:df415823535ac40f","decision.workflow.stages.first_stage_person_detail","workflow.stages | short_text | v2.fact.workflow.stages.v1","请提供该人员的电子邮件地址、职位或申请字段。","请提供刚才所选方式所需的一项资料。若选择稍后指派人选，便不会看到此问题。","","","approved","","","","",""
"question_prompt_variant","v2.workflow.stages.first_stage_person_detail#fixed_email","v2.2","zh-Hans","fnv1a64:df415823535ac40f","decision.workflow.stages.first_stage_person_mode | fixed_email","workflow.stages | resolver-specific visible prompt","此步骤应交给哪个指定电子邮件地址？","","","","approved","","","","",""
"question_prompt_variant","v2.workflow.stages.first_stage_person_detail#directory_role","v2.2","zh-Hans","fnv1a64:df415823535ac40f","decision.workflow.stages.first_stage_person_mode | directory_role","workflow.stages | resolver-specific visible prompt","此步骤应交给员工目录中的哪个职位？","","","","approved","","","","",""
"question_prompt_variant","v2.workflow.stages.first_stage_person_detail#request_field","v2.2","zh-Hans","fnv1a64:df415823535ac40f","decision.workflow.stages.first_stage_person_mode | request_field","workflow.stages | resolver-specific visible prompt","哪个申请字段会填写此人的电子邮件地址？","","","","approved","","","","",""
"question","v2.workflow.stages.stage_2_needed","v2.2","en","fnv1a64:df415823535ac40f","decision.workflow.stages.stage_2_needed","workflow.stages | choice | v2.fact.workflow.stages.v1","Do you need one more step after the first one?","Choose Yes only if the request needs another separate action after this one. Choose No when the sequence is complete.","","yes: Yes | no: No","approved","","","","",""
"question","v2.workflow.stages.stage_2_needed","v2.2","zh-Hant","fnv1a64:df415823535ac40f","decision.workflow.stages.stage_2_needed","workflow.stages | choice | v2.fact.workflow.stages.v1","第一步之後是否還需要另一個步驟？","只有此步驟後仍需要另一項獨立工作才選「是」。次序完整時請選「否」。","","yes: 是 | no: 否","approved","","","","",""
"question","v2.workflow.stages.stage_2_needed","v2.2","zh-Hans","fnv1a64:df415823535ac40f","decision.workflow.stages.stage_2_needed","workflow.stages | choice | v2.fact.workflow.stages.v1","第一步之后是否还需要另一个步骤？","只有此步骤后仍需要另一项独立工作才选“是”。顺序完整时请选择“否”。","","yes: 是 | no: 否","approved","","","","",""
"question","v2.workflow.stages.stage_2_name","v2.2","en","fnv1a64:df415823535ac40f","decision.workflow.stages.stage_2_name","workflow.stages | short_text | v2.fact.workflow.stages.v1","What is that next step?","Describe one action in order, such as ‘Manager checks the request’ or ‘Finance approves payment’. Do not combine several actions in one step.","","","approved","","","","",""
"question","v2.workflow.stages.stage_2_name","v2.2","zh-Hant","fnv1a64:df415823535ac40f","decision.workflow.stages.stage_2_name","workflow.stages | short_text | v2.fact.workflow.stages.v1","下一個步驟是甚麼？","按次序描述一項工作，例如「經理檢查申請」或「財務批准付款」。不要把多項工作合併成一步。","","","approved","","","","",""
"question","v2.workflow.stages.stage_2_name","v2.2","zh-Hans","fnv1a64:df415823535ac40f","decision.workflow.stages.stage_2_name","workflow.stages | short_text | v2.fact.workflow.stages.v1","下一个步骤是什么？","按顺序描述一项工作，例如“经理检查申请”或“财务批准付款”。不要把多项工作合并成一步。","","","approved","","","","",""
"question","v2.workflow.stages.stage_2_person_mode","v2.2","en","fnv1a64:df415823535ac40f","decision.workflow.stages.stage_2_person_mode","workflow.stages | choice | v2.fact.workflow.stages.v1","How should we choose the person for that next step?","Choose how this step finds its person: the same email every time, a job role in the staff directory, an email entered on the request, or a person chosen later.","","fixed_email: A fixed email address | directory_role: A job role from the staff directory | request_field: An email entered in the request | assigned_later: Assigned later","approved","","","","",""
"question","v2.workflow.stages.stage_2_person_mode","v2.2","zh-Hant","fnv1a64:df415823535ac40f","decision.workflow.stages.stage_2_person_mode","workflow.stages | choice | v2.fact.workflow.stages.v1","下一步的處理人應如何決定？","選擇此步驟如何找到處理人：每次使用同一電郵、員工目錄中的職位、申請內填寫的電郵，或稍後才指派人選。","","fixed_email: 指定電郵地址 | directory_role: 員工目錄中的職位 | request_field: 申請內填寫的電郵 | assigned_later: 稍後指派","approved","","","","",""
"question","v2.workflow.stages.stage_2_person_mode","v2.2","zh-Hans","fnv1a64:df415823535ac40f","decision.workflow.stages.stage_2_person_mode","workflow.stages | choice | v2.fact.workflow.stages.v1","下一步的处理人应如何决定？","选择此步骤如何找到处理人：每次使用同一电子邮件、员工目录中的职位、申请内填写的电子邮件，或稍后才指派人选。","","fixed_email: 指定电子邮件地址 | directory_role: 员工目录中的职位 | request_field: 申请内填写的电子邮件 | assigned_later: 稍后指派","approved","","","","",""
"question","v2.workflow.stages.stage_2_person_detail","v2.2","en","fnv1a64:df415823535ac40f","decision.workflow.stages.stage_2_person_detail","workflow.stages | short_text | v2.fact.workflow.stages.v1","Please give the email address, job role, or request field for that person.","Give the one detail needed for the option you just chose. If a person will be chosen later, this question will not appear.","","","approved","","","","",""
"question_prompt_variant","v2.workflow.stages.stage_2_person_detail#fixed_email","v2.2","en","fnv1a64:df415823535ac40f","decision.workflow.stages.stage_2_person_mode | fixed_email","workflow.stages | resolver-specific visible prompt","What fixed email address should receive this step?","","","","approved","","","","",""
"question_prompt_variant","v2.workflow.stages.stage_2_person_detail#directory_role","v2.2","en","fnv1a64:df415823535ac40f","decision.workflow.stages.stage_2_person_mode | directory_role","workflow.stages | resolver-specific visible prompt","Which job role in the staff directory should receive this step?","","","","approved","","","","",""
"question_prompt_variant","v2.workflow.stages.stage_2_person_detail#request_field","v2.2","en","fnv1a64:df415823535ac40f","decision.workflow.stages.stage_2_person_mode | request_field","workflow.stages | resolver-specific visible prompt","Which request field will contain this person's email address?","","","","approved","","","","",""
"question","v2.workflow.stages.stage_2_person_detail","v2.2","zh-Hant","fnv1a64:df415823535ac40f","decision.workflow.stages.stage_2_person_detail","workflow.stages | short_text | v2.fact.workflow.stages.v1","請提供該人士的電郵地址、職位或申請欄位。","請提供剛才所選方式所需的一項資料。若選擇稍後指派人選，便不會看到此問題。","","","approved","","","","",""
"question_prompt_variant","v2.workflow.stages.stage_2_person_detail#fixed_email","v2.2","zh-Hant","fnv1a64:df415823535ac40f","decision.workflow.stages.stage_2_person_mode | fixed_email","workflow.stages | resolver-specific visible prompt","此步驟應交給哪個指定電郵地址？","","","","approved","","","","",""
"question_prompt_variant","v2.workflow.stages.stage_2_person_detail#directory_role","v2.2","zh-Hant","fnv1a64:df415823535ac40f","decision.workflow.stages.stage_2_person_mode | directory_role","workflow.stages | resolver-specific visible prompt","此步驟應交給員工目錄中的哪個職位？","","","","approved","","","","",""
"question_prompt_variant","v2.workflow.stages.stage_2_person_detail#request_field","v2.2","zh-Hant","fnv1a64:df415823535ac40f","decision.workflow.stages.stage_2_person_mode | request_field","workflow.stages | resolver-specific visible prompt","哪個申請欄位會填寫此人的電郵地址？","","","","approved","","","","",""
"question","v2.workflow.stages.stage_2_person_detail","v2.2","zh-Hans","fnv1a64:df415823535ac40f","decision.workflow.stages.stage_2_person_detail","workflow.stages | short_text | v2.fact.workflow.stages.v1","请提供该人员的电子邮件地址、职位或申请字段。","请提供刚才所选方式所需的一项资料。若选择稍后指派人选，便不会看到此问题。","","","approved","","","","",""
"question_prompt_variant","v2.workflow.stages.stage_2_person_detail#fixed_email","v2.2","zh-Hans","fnv1a64:df415823535ac40f","decision.workflow.stages.stage_2_person_mode | fixed_email","workflow.stages | resolver-specific visible prompt","此步骤应交给哪个指定电子邮件地址？","","","","approved","","","","",""
"question_prompt_variant","v2.workflow.stages.stage_2_person_detail#directory_role","v2.2","zh-Hans","fnv1a64:df415823535ac40f","decision.workflow.stages.stage_2_person_mode | directory_role","workflow.stages | resolver-specific visible prompt","此步骤应交给员工目录中的哪个职位？","","","","approved","","","","",""
"question_prompt_variant","v2.workflow.stages.stage_2_person_detail#request_field","v2.2","zh-Hans","fnv1a64:df415823535ac40f","decision.workflow.stages.stage_2_person_mode | request_field","workflow.stages | resolver-specific visible prompt","哪个申请字段会填写此人的电子邮件地址？","","","","approved","","","","",""
"question","v2.workflow.stages.add_another_02","v2.2","en","fnv1a64:df415823535ac40f","decision.workflow.stages.add_another_02","workflow.stages | choice | v2.fact.workflow.stages.v1","Do you need another step?","Choose Yes only if the request needs another separate action after this one. Choose No when the sequence is complete.","","yes: Yes | no: No","approved","","","","",""
"question","v2.workflow.stages.add_another_02","v2.2","zh-Hant","fnv1a64:df415823535ac40f","decision.workflow.stages.add_another_02","workflow.stages | choice | v2.fact.workflow.stages.v1","是否還需要另一個步驟？","只有此步驟後仍需要另一項獨立工作才選「是」。次序完整時請選「否」。","","yes: 是 | no: 否","approved","","","","",""
"question","v2.workflow.stages.add_another_02","v2.2","zh-Hans","fnv1a64:df415823535ac40f","decision.workflow.stages.add_another_02","workflow.stages | choice | v2.fact.workflow.stages.v1","是否还需要另一个步骤？","只有此步骤后仍需要另一项独立工作才选“是”。顺序完整时请选择“否”。","","yes: 是 | no: 否","approved","","","","",""
"question","v2.workflow.conditions.needed","v2.2","en","fnv1a64:df415823535ac40f","decision.workflow.conditions.needed","workflow.conditions | choice | v2.fact.workflow.conditions.v1","Should some requests use different approval steps?","Choose Yes only when some requests should follow a different path. For example, requests above HK$10,000 may also go to Finance.","Requests over HK$10,000 need Finance approval.","yes: Yes | no: No","approved","","","","",""
"question","v2.workflow.conditions.needed","v2.2","zh-Hant","fnv1a64:df415823535ac40f","decision.workflow.conditions.needed","workflow.conditions | choice | v2.fact.workflow.conditions.v1","某些申請是否需要使用不同的審批步驟？","只有部分申請需要走不同處理方式時才選「是」。例如超過 HK$10,000 的申請也交財務部處理。","超過 HK$10,000 的申請須財務部審批。","yes: 是 | no: 否","approved","","","","",""
"question","v2.workflow.conditions.needed","v2.2","zh-Hans","fnv1a64:df415823535ac40f","decision.workflow.conditions.needed","workflow.conditions | choice | v2.fact.workflow.conditions.v1","某些申请是否需要使用不同的审批步骤？","只有部分申请需要走不同处理方式时才选“是”。例如超过 HK$10,000 的申请也交财务部处理。","超过 HK$10,000 的申请须财务部审批。","yes: 是 | no: 否","approved","","","","",""
"question","v2.workflow.conditions.field","v2.2","en","fnv1a64:df415823535ac40f","decision.workflow.conditions.field","workflow.conditions | short_text | v2.fact.workflow.conditions.v1","Which request detail decides which approval steps to use?","Name the request detail that decides which path to use, such as amount, country, or purchase type.","","","approved","","","","",""
"question","v2.workflow.conditions.field","v2.2","zh-Hant","fnv1a64:df415823535ac40f","decision.workflow.conditions.field","workflow.conditions | short_text | v2.fact.workflow.conditions.v1","哪一項申請資料決定應使用哪些審批步驟？","請列出決定使用哪種處理方式的申請資料，例如金額、國家或採購類別。","","","approved","","","","",""
"question","v2.workflow.conditions.field","v2.2","zh-Hans","fnv1a64:df415823535ac40f","decision.workflow.conditions.field","workflow.conditions | short_text | v2.fact.workflow.conditions.v1","哪一项申请信息决定应使用哪些审批步骤？","请列出决定使用哪种处理方式的申请资料，例如金额、国家或采购类别。","","","approved","","","","",""
"question","v2.workflow.conditions.comparison","v2.2","en","fnv1a64:df415823535ac40f","decision.workflow.conditions.comparison","workflow.conditions | choice | v2.fact.workflow.conditions.v1","How should we compare that detail?","Choose the simple check to make. For example, ‘at least’ lets an amount of HK$10,000 or more use the different path.","","equals: Equals | not_equals: Does not equal | greater_than: Greater than | at_least: At least | less_than: Less than | at_most: At most","approved","","","","",""
"question","v2.workflow.conditions.comparison","v2.2","zh-Hant","fnv1a64:df415823535ac40f","decision.workflow.conditions.comparison","workflow.conditions | choice | v2.fact.workflow.conditions.v1","應如何比較這項資料？","選擇簡單的檢查方法。例如選「不少於」，金額為 HK$10,000 或以上便使用不同處理方式。","","equals: 等於 | not_equals: 不等於 | greater_than: 大於 | at_least: 不少於 | less_than: 小於 | at_most: 不多於","approved","","","","",""
"question","v2.workflow.conditions.comparison","v2.2","zh-Hans","fnv1a64:df415823535ac40f","decision.workflow.conditions.comparison","workflow.conditions | choice | v2.fact.workflow.conditions.v1","应如何比较这项资料？","选择简单的检查方法。例如选“不少于”，金额为 HK$10,000 或以上便使用不同处理方式。","","equals: 等于 | not_equals: 不等于 | greater_than: 大于 | at_least: 不少于 | less_than: 小于 | at_most: 不多于","approved","","","","",""
"question","v2.workflow.conditions.value","v2.2","en","fnv1a64:df415823535ac40f","decision.workflow.conditions.value","workflow.conditions | short_text | v2.fact.workflow.conditions.v1","What value should make the request use those different approval steps?","Enter the value used by the check, such as ‘10000’ for an amount or ‘Hong Kong’ for a location.","","","approved","","","","",""
"question","v2.workflow.conditions.value","v2.2","zh-Hant","fnv1a64:df415823535ac40f","decision.workflow.conditions.value","workflow.conditions | short_text | v2.fact.workflow.conditions.v1","甚麼數值會令申請使用那些不同的審批步驟？","填寫檢查時使用的數值，例如金額填「10000」，地點填「香港」。","","","approved","","","","",""
"question","v2.workflow.conditions.value","v2.2","zh-Hans","fnv1a64:df415823535ac40f","decision.workflow.conditions.value","workflow.conditions | short_text | v2.fact.workflow.conditions.v1","什么数值会让申请使用那些不同的审批步骤？","填写检查时使用的数值，例如金额填“10000”，地点填“香港”。","","","approved","","","","",""
"question","v2.workflow.conditions.matching_action","v2.2","en","fnv1a64:df415823535ac40f","decision.workflow.conditions.matching_action","workflow.conditions | short_text | v2.fact.workflow.conditions.v1","What should happen when the request matches that value?","Say what should happen when the request meets this check, for example ‘send it to Finance before the manager’.","","","approved","","","","",""
"question","v2.workflow.conditions.matching_action","v2.2","zh-Hant","fnv1a64:df415823535ac40f","decision.workflow.conditions.matching_action","workflow.conditions | short_text | v2.fact.workflow.conditions.v1","申請符合該數值時應如何處理？","說明申請符合此檢查時應如何處理，例如「先交財務部，再交經理」。","","","approved","","","","",""
"question","v2.workflow.conditions.matching_action","v2.2","zh-Hans","fnv1a64:df415823535ac40f","decision.workflow.conditions.matching_action","workflow.conditions | short_text | v2.fact.workflow.conditions.v1","申请符合该数值时应如何处理？","说明申请符合此检查时应如何处理，例如“先交财务部，再交经理”。","","","approved","","","","",""
"question","v2.workflow.conditions.other_action","v2.2","en","fnv1a64:df415823535ac40f","decision.workflow.conditions.other_action","workflow.conditions | short_text | v2.fact.workflow.conditions.v1","What should happen when the request does not match?","Say what should happen when the request does not meet the check. This is the normal path for the other requests.","","","approved","","","","",""
"question","v2.workflow.conditions.other_action","v2.2","zh-Hant","fnv1a64:df415823535ac40f","decision.workflow.conditions.other_action","workflow.conditions | short_text | v2.fact.workflow.conditions.v1","申請不符合時應如何處理？","說明申請不符合此檢查時應如何處理，這是其他申請的正常處理方式。","","","approved","","","","",""
"question","v2.workflow.conditions.other_action","v2.2","zh-Hans","fnv1a64:df415823535ac40f","decision.workflow.conditions.other_action","workflow.conditions | short_text | v2.fact.workflow.conditions.v1","申请不符合时应如何处理？","说明申请不符合此检查时应如何处理，这是其他申请的正常处理方式。","","","approved","","","","",""
"question","v2.workflow.rejection_policy.after_rejection","v2.2","en","fnv1a64:df415823535ac40f","decision.workflow.rejection_policy.after_rejection","workflow.rejection_policy | choice | v2.fact.workflow.rejection_policy.v1","What should happen if someone does not approve the request?","Choose whether the requester can fix the request and send it again, or whether the request should end after it is not approved.","","return_for_correction: Send it back for correction | close: Close the request","approved","","","","",""
"question","v2.workflow.rejection_policy.after_rejection","v2.2","zh-Hant","fnv1a64:df415823535ac40f","decision.workflow.rejection_policy.after_rejection","workflow.rejection_policy | choice | v2.fact.workflow.rejection_policy.v1","如有人不批准申請，應如何處理？","選擇申請人可否更正後再次提交，或在不獲批准後便結束申請。","","return_for_correction: 退回更正 | close: 結束申請","approved","","","","",""
"question","v2.workflow.rejection_policy.after_rejection","v2.2","zh-Hans","fnv1a64:df415823535ac40f","decision.workflow.rejection_policy.after_rejection","workflow.rejection_policy | choice | v2.fact.workflow.rejection_policy.v1","如有人不批准申请，应如何处理？","选择申请人可否更正后再次提交，或在不获批准后便结束申请。","","return_for_correction: 退回更正 | close: 结束申请","approved","","","","",""
"question","v2.collaboration.policy.another_person_upload","v2.2","en","fnv1a64:df415823535ac40f","decision.collaboration.policy.another_person_upload","collaboration.policy | choice | v2.fact.collaboration.policy.v1","Can another person upload a quotation or comparison file for this request?","Choose Yes if a colleague may add a quotation or comparison file for the requester. This is useful when documents come from another team.","","yes: Yes | no: No","approved","","","","",""
"question","v2.collaboration.policy.another_person_upload","v2.2","zh-Hant","fnv1a64:df415823535ac40f","decision.collaboration.policy.another_person_upload","collaboration.policy | choice | v2.fact.collaboration.policy.v1","其他人可否為此申請上載報價單或比較檔案？","若同事可代申請人補交報價單或比較檔案，請選「是」。文件由另一團隊提供時會很有用。","","yes: 是 | no: 否","approved","","","","",""
"question","v2.collaboration.policy.another_person_upload","v2.2","zh-Hans","fnv1a64:df415823535ac40f","decision.collaboration.policy.another_person_upload","collaboration.policy | choice | v2.fact.collaboration.policy.v1","其他人能否为此申请上传报价单或比较文件？","若同事可代申请人补交报价单或比较文件，请选“是”。文件由另一团队提供时会很有用。","","yes: 是 | no: 否","approved","","","","",""
"question","v2.collaboration.policy.corrected_file_check","v2.2","en","fnv1a64:df415823535ac40f","decision.collaboration.policy.corrected_file_check","collaboration.policy | choice | v2.fact.collaboration.policy.v1","Before a corrected file is used, must someone check it?","Choose Yes if someone should check a replacement file before the request continues. For example, check that a revised quotation is the correct one.","","yes: Yes | no: No","approved","","","","",""
"question","v2.collaboration.policy.corrected_file_check","v2.2","zh-Hant","fnv1a64:df415823535ac40f","decision.collaboration.policy.corrected_file_check","collaboration.policy | choice | v2.fact.collaboration.policy.v1","使用更正檔案前，是否必須由人檢查？","若更正檔案在申請繼續前需要由人檢查，請選「是」。例如確認更新的報價單是否正確。","","yes: 是 | no: 否","approved","","","","",""
"question","v2.collaboration.policy.corrected_file_check","v2.2","zh-Hans","fnv1a64:df415823535ac40f","decision.collaboration.policy.corrected_file_check","collaboration.policy | choice | v2.fact.collaboration.policy.v1","使用更正文件前，是否必须由人检查？","若更正文件在申请继续前需要由人检查，请选“是”。例如确认更新的报价单是否正确。","","yes: 是 | no: 否","approved","","","","",""
"question","v2.collaboration.policy.correction_checker","v2.2","en","fnv1a64:df415823535ac40f","decision.collaboration.policy.correction_checker","collaboration.policy | short_text | v2.fact.collaboration.policy.v1","Who should check the corrected file?","Name the person or job role that checks replacement files, for example ‘Procurement Manager’.","","","approved","","","","",""
"question","v2.collaboration.policy.correction_checker","v2.2","zh-Hant","fnv1a64:df415823535ac40f","decision.collaboration.policy.correction_checker","collaboration.policy | short_text | v2.fact.collaboration.policy.v1","誰應檢查更正檔案？","列出檢查更正檔案的人或職位，例如「採購經理」。","","","approved","","","","",""
"question","v2.collaboration.policy.correction_checker","v2.2","zh-Hans","fnv1a64:df415823535ac40f","decision.collaboration.policy.correction_checker","collaboration.policy | short_text | v2.fact.collaboration.policy.v1","谁应检查更正文件？","列出检查更正文件的人或职位，例如“采购经理”。","","","approved","","","","",""
"question","v2.timing.rules.due_time","v2.2","en","fnv1a64:df415823535ac40f","decision.timing.rules.due_time","timing.rules | short_text | v2.fact.timing.rules.v1","How long should each person have to reply?","State how much time each person gets to reply, such as ‘2 working days’ or ‘48 hours’.","48 hours.","","approved","","","","",""
"question","v2.timing.rules.due_time","v2.2","zh-Hant","fnv1a64:df415823535ac40f","decision.timing.rules.due_time","timing.rules | short_text | v2.fact.timing.rules.v1","每位處理人應有多久時間回覆？","說明每位處理人有多少時間回覆，例如「2 個工作天」或「48 小時」。","48 小時。","","approved","","","","",""
"question","v2.timing.rules.due_time","v2.2","zh-Hans","fnv1a64:df415823535ac40f","decision.timing.rules.due_time","timing.rules | short_text | v2.fact.timing.rules.v1","每位处理人应有多长时间回复？","说明每位处理人有多少时间回复，例如“2 个工作日”或“48 小时”。","48 小时。","","approved","","","","",""
"question","v2.timing.rules.reminder_time","v2.2","en","fnv1a64:df415823535ac40f","decision.timing.rules.reminder_time","timing.rules | short_text | v2.fact.timing.rules.v1","If there is no reply, when should the system send a reminder?","Say when to send a reminder if there is no reply, for example ‘after 24 hours’ or ‘one day before the due time’.","","","approved","","","","",""
"question","v2.timing.rules.reminder_time","v2.2","zh-Hant","fnv1a64:df415823535ac40f","decision.timing.rules.reminder_time","timing.rules | short_text | v2.fact.timing.rules.v1","如沒有回覆，系統應何時發出提醒？","說明未有回覆時何時發出提醒，例如「24 小時後」或「截止前一天」。","","","approved","","","","",""
"question","v2.timing.rules.reminder_time","v2.2","zh-Hans","fnv1a64:df415823535ac40f","decision.timing.rules.reminder_time","timing.rules | short_text | v2.fact.timing.rules.v1","如没有回复，系统应何时发送提醒？","说明未有回复时何时发出提醒，例如“24 小时后”或“截止前一天”。","","","approved","","","","",""
"question","v2.timing.rules.overdue_action","v2.2","en","fnv1a64:df415823535ac40f","decision.timing.rules.overdue_action","timing.rules | short_text | v2.fact.timing.rules.v1","If there is still no reply, what should the system do next?","Say what happens after the reply time has passed, for example remind the person again, ask their manager, or assign it to a backup person.","","","approved","","","","",""
"question","v2.timing.rules.overdue_action","v2.2","zh-Hant","fnv1a64:df415823535ac40f","decision.timing.rules.overdue_action","timing.rules | short_text | v2.fact.timing.rules.v1","如仍沒有回覆，系統下一步應如何處理？","說明回覆期限過後如何處理，例如再次提醒、通知其經理，或交給後備處理人。","","","approved","","","","",""
"question","v2.timing.rules.overdue_action","v2.2","zh-Hans","fnv1a64:df415823535ac40f","decision.timing.rules.overdue_action","timing.rules | short_text | v2.fact.timing.rules.v1","如仍没有回复，系统下一步应如何处理？","说明回复期限过后如何处理，例如再次提醒、通知其经理，或交给后备处理人。","","","approved","","","","",""
"question","v2.visibility.policy.who_can_view","v2.2","en","fnv1a64:df415823535ac40f","decision.visibility.policy.who_can_view","visibility.policy | short_text | v2.fact.visibility.policy.v1","Who should be able to see the request and its progress?","List who may see the request and its progress. For example: requester, current reviewer, Finance, and the workflow owner.","","","approved","","","","",""
"question","v2.visibility.policy.who_can_view","v2.2","zh-Hant","fnv1a64:df415823535ac40f","decision.visibility.policy.who_can_view","visibility.policy | short_text | v2.fact.visibility.policy.v1","誰應可查看申請及其進度？","列出可查看申請及進度的人，例如申請人、目前處理人、財務部及流程負責部門。","","","approved","","","","",""
"question","v2.visibility.policy.who_can_view","v2.2","zh-Hans","fnv1a64:df415823535ac40f","decision.visibility.policy.who_can_view","visibility.policy | short_text | v2.fact.visibility.policy.v1","谁应可查看申请及其进度？","列出可查看申请及进度的人，例如申请人、目前处理人、财务部及流程负责部门。","","","approved","","","","",""
"question","v2.notifications.rules.needed","v2.2","en","fnv1a64:df415823535ac40f","decision.notifications.rules.needed","notifications.rules | choice | v2.fact.notifications.rules.v1","Should the system send any messages about this request?","Choose Yes if the system should tell people about important changes, such as a new task, approval, or a request returned for changes.","","yes: Yes | no: No","approved","","","","",""
"question","v2.notifications.rules.needed","v2.2","zh-Hant","fnv1a64:df415823535ac40f","decision.notifications.rules.needed","notifications.rules | choice | v2.fact.notifications.rules.v1","系統是否需要發送有關此申請的通知？","若系統應在重要變更時通知相關人士，請選「是」，例如新工作、獲批或退回更正。","","yes: 是 | no: 否","approved","","","","",""
"question","v2.notifications.rules.needed","v2.2","zh-Hans","fnv1a64:df415823535ac40f","decision.notifications.rules.needed","notifications.rules | choice | v2.fact.notifications.rules.v1","系统是否需要发送有关此申请的通知？","若系统应在重要变更时通知相关人员，请选“是”，例如新工作、获批或退回更正。","","yes: 是 | no: 否","approved","","","","",""
"question","v2.notifications.rules.event","v2.2","en","fnv1a64:df415823535ac40f","decision.notifications.rules.event","notifications.rules | short_text | v2.fact.notifications.rules.v1","What event should send a message?","Name one event that should send a message, for example ‘a new reviewer is assigned’ or ‘the request is approved’.","A request is approved.","","approved","","","","",""
"question","v2.notifications.rules.event","v2.2","zh-Hant","fnv1a64:df415823535ac40f","decision.notifications.rules.event","notifications.rules | short_text | v2.fact.notifications.rules.v1","哪個事件應發出通知？","列出一個應發出通知的事件，例如「指派了新的處理人」或「申請已獲批」。","申請獲批。","","approved","","","","",""
"question","v2.notifications.rules.event","v2.2","zh-Hans","fnv1a64:df415823535ac40f","decision.notifications.rules.event","notifications.rules | short_text | v2.fact.notifications.rules.v1","哪个事件应发送通知？","列出一个应发送通知的事件，例如“指派了新的处理人”或“申请已获批”。","申请获批。","","approved","","","","",""
"question","v2.notifications.rules.recipient","v2.2","en","fnv1a64:df415823535ac40f","decision.notifications.rules.recipient","notifications.rules | short_text | v2.fact.notifications.rules.v1","Who should receive that message?","Name who should receive this message. For example, the requester only, the current reviewer, or Finance.","","","approved","","","","",""
"question","v2.notifications.rules.recipient","v2.2","zh-Hant","fnv1a64:df415823535ac40f","decision.notifications.rules.recipient","notifications.rules | short_text | v2.fact.notifications.rules.v1","誰應收到該通知？","列出誰應收到這則通知，例如只通知申請人、目前處理人或財務部。","","","approved","","","","",""
"question","v2.notifications.rules.recipient","v2.2","zh-Hans","fnv1a64:df415823535ac40f","decision.notifications.rules.recipient","notifications.rules | short_text | v2.fact.notifications.rules.v1","谁应收到该通知？","列出谁应收到这则通知，例如只通知申请人、目前处理人或财务部。","","","approved","","","","",""
"question","v2.notifications.rules.channel","v2.2","en","fnv1a64:df415823535ac40f","decision.notifications.rules.channel","notifications.rules | choice | v2.fact.notifications.rules.v1","How should that message be sent?","Choose where this message should arrive: inside this app, by email, or both if your policy needs both.","In the app or by email.","in_app: In the app | email: By email","approved","","","","",""
"question","v2.notifications.rules.channel","v2.2","zh-Hant","fnv1a64:df415823535ac40f","decision.notifications.rules.channel","notifications.rules | choice | v2.fact.notifications.rules.v1","該通知應如何發送？","選擇通知應送到哪裡：此應用程式內、電郵，或按公司規定兩者都使用。","在應用程式內或以電郵發送。","in_app: 應用程式內 | email: 電郵","approved","","","","",""
"question","v2.notifications.rules.channel","v2.2","zh-Hans","fnv1a64:df415823535ac40f","decision.notifications.rules.channel","notifications.rules | choice | v2.fact.notifications.rules.v1","该通知应如何发送？","选择通知应送到哪里：此应用内、电子邮件，或按公司规定两者都使用。","在应用内或通过电子邮件发送。","in_app: 应用内 | email: 电子邮件","approved","","","","",""
"question","v2.governance.owner.owning_department","v2.2","en","fnv1a64:df415823535ac40f","decision.governance.owner.owning_department","governance.owner | short_text | v2.fact.governance.owner.v1","Which department is responsible for this workflow?","Name the business department that owns this workflow and decides when it needs to change, for example Finance or Procurement.","","","approved","","","","",""
"question","v2.governance.owner.owning_department","v2.2","zh-Hant","fnv1a64:df415823535ac40f","decision.governance.owner.owning_department","governance.owner | short_text | v2.fact.governance.owner.v1","哪個部門負責此流程？","列出負責此流程及決定何時修改的業務部門，例如財務部或採購部。","","","approved","","","","",""
"question","v2.governance.owner.owning_department","v2.2","zh-Hans","fnv1a64:df415823535ac40f","decision.governance.owner.owning_department","governance.owner | short_text | v2.fact.governance.owner.v1","哪个部门负责此流程？","列出负责此流程及决定何时修改的业务部门，例如财务部或采购部。","","","approved","","","","",""
"question","v2.governance.policies.reviewer","v2.2","en","fnv1a64:df415823535ac40f","decision.governance.policies.reviewer","governance.policies | short_text | v2.fact.governance.policies.v1","Who should review changes to this workflow?","Name the person, job role, or group that checks proposed changes before they are used.","","","approved","","","","",""
"question","v2.governance.policies.reviewer","v2.2","zh-Hant","fnv1a64:df415823535ac40f","decision.governance.policies.reviewer","governance.policies | short_text | v2.fact.governance.policies.v1","誰應審核此流程的更改？","列出在流程更改使用前負責檢查的人、職位或小組。","","","approved","","","","",""
"question","v2.governance.policies.reviewer","v2.2","zh-Hans","fnv1a64:df415823535ac40f","decision.governance.policies.reviewer","governance.policies | short_text | v2.fact.governance.policies.v1","谁应审核此流程的更改？","列出在流程更改使用前负责检查的人、职位或小组。","","","approved","","","","",""
"question","v2.governance.policies.policy_name","v2.2","en","fnv1a64:df415823535ac40f","decision.governance.policies.policy_name","governance.policies | short_text | v2.fact.governance.policies.v1","Is there a policy or rule this workflow must follow?","Name any company rule this workflow must follow, such as a purchasing policy, spending limit, or data handling rule.","","","approved","","","","",""
"question","v2.governance.policies.policy_name","v2.2","zh-Hant","fnv1a64:df415823535ac40f","decision.governance.policies.policy_name","governance.policies | short_text | v2.fact.governance.policies.v1","此流程是否必須遵從某項政策或規則？","列出此流程必須遵從的公司規則，例如採購政策、開支限額或資料處理規則。","","","approved","","","","",""
"question","v2.governance.policies.policy_name","v2.2","zh-Hans","fnv1a64:df415823535ac40f","decision.governance.policies.policy_name","governance.policies | short_text | v2.fact.governance.policies.v1","此流程是否必须遵从某项政策或规则？","列出此流程必须遵从的公司规则，例如采购政策、开支限额或资料处理规则。","","","approved","","","","",""
"question","v2.governance.retention.retention","v2.2","en","fnv1a64:df415823535ac40f","decision.governance.retention.retention","governance.retention | short_text | v2.fact.governance.retention.v1","How long should the request records be kept?","State how long request records and attached files should be kept, for example ‘7 years’.","","","approved","","","","",""
"question","v2.governance.retention.retention","v2.2","zh-Hant","fnv1a64:df415823535ac40f","decision.governance.retention.retention","governance.retention | short_text | v2.fact.governance.retention.v1","申請記錄應保留多久？","說明申請記錄及附件應保留多久，例如「7 年」。","","","approved","","","","",""
"question","v2.governance.retention.retention","v2.2","zh-Hans","fnv1a64:df415823535ac40f","decision.governance.retention.retention","governance.retention | short_text | v2.fact.governance.retention.v1","申请记录应保留多久？","说明申请记录及附件应保留多久，例如“7 年”。","","","approved","","","","",""
"question","v2.request.fields.add_another_01","v2.2","en","fnv1a64:df415823535ac40f","decision.request.fields.add_another_01","request.fields | choice | v2.fact.request.fields.v1","Do you need another request detail?","Choose Yes only if you need one more different item from the requester. Choose No when the request form has enough information.","","yes: Yes | no: No","approved","","","","",""
"question","v2.request.fields.add_another_01","v2.2","zh-Hant","fnv1a64:df415823535ac40f","decision.request.fields.add_another_01","request.fields | choice | v2.fact.request.fields.v1","是否還需要另一項申請資料？","只有仍需要申請人提供另一項不同資料時才選「是」。表格資料足夠時請選「否」。","","yes: 是 | no: 否","approved","","","","",""
"question","v2.request.fields.add_another_01","v2.2","zh-Hans","fnv1a64:df415823535ac40f","decision.request.fields.add_another_01","request.fields | choice | v2.fact.request.fields.v1","是否还需要另一项申请资料？","只有仍需要申请人提供另一项不同资料时才选“是”。表格资料足够时请选择“否”。","","yes: 是 | no: 否","approved","","","","",""
"question","v2.request.fields.field_02","v2.2","en","fnv1a64:df415823535ac40f","decision.request.fields.field_02","request.fields | short_text | v2.fact.request.fields.v1","What is another request detail to collect?","Add one more request detail only when it is needed to review or process the request. Keep the wording clear for the requester.","","","approved","","","","",""
"question","v2.request.fields.field_02","v2.2","zh-Hant","fnv1a64:df415823535ac40f","decision.request.fields.field_02","request.fields | short_text | v2.fact.request.fields.v1","還要收集哪一項申請資料？","只有在審批或處理申請時需要，才加入另一項資料。請用申請人容易明白的名稱。","","","approved","","","","",""
"question","v2.request.fields.field_02","v2.2","zh-Hans","fnv1a64:df415823535ac40f","decision.request.fields.field_02","request.fields | short_text | v2.fact.request.fields.v1","还要收集哪一项申请资料？","只有在审批或处理申请时需要，才加入另一项资料。请用申请人容易明白的名称。","","","approved","","","","",""
"question","v2.request.fields.add_another_02","v2.2","en","fnv1a64:df415823535ac40f","decision.request.fields.add_another_02","request.fields | choice | v2.fact.request.fields.v1","Do you need another request detail?","Choose Yes only if you need one more different item from the requester. Choose No when the request form has enough information.","","yes: Yes | no: No","approved","","","","",""
"question","v2.request.fields.add_another_02","v2.2","zh-Hant","fnv1a64:df415823535ac40f","decision.request.fields.add_another_02","request.fields | choice | v2.fact.request.fields.v1","是否還需要另一項申請資料？","只有仍需要申請人提供另一項不同資料時才選「是」。表格資料足夠時請選「否」。","","yes: 是 | no: 否","approved","","","","",""
"question","v2.request.fields.add_another_02","v2.2","zh-Hans","fnv1a64:df415823535ac40f","decision.request.fields.add_another_02","request.fields | choice | v2.fact.request.fields.v1","是否还需要另一项申请资料？","只有仍需要申请人提供另一项不同资料时才选“是”。表格资料足够时请选择“否”。","","yes: 是 | no: 否","approved","","","","",""
"question","v2.request.fields.field_03","v2.2","en","fnv1a64:df415823535ac40f","decision.request.fields.field_03","request.fields | short_text | v2.fact.request.fields.v1","What is another request detail to collect?","Add one more request detail only when it is needed to review or process the request. Keep the wording clear for the requester.","","","approved","","","","",""
"question","v2.request.fields.field_03","v2.2","zh-Hant","fnv1a64:df415823535ac40f","decision.request.fields.field_03","request.fields | short_text | v2.fact.request.fields.v1","還要收集哪一項申請資料？","只有在審批或處理申請時需要，才加入另一項資料。請用申請人容易明白的名稱。","","","approved","","","","",""
"question","v2.request.fields.field_03","v2.2","zh-Hans","fnv1a64:df415823535ac40f","decision.request.fields.field_03","request.fields | short_text | v2.fact.request.fields.v1","还要收集哪一项申请资料？","只有在审批或处理申请时需要，才加入另一项资料。请用申请人容易明白的名称。","","","approved","","","","",""
"question","v2.request.fields.add_another_03","v2.2","en","fnv1a64:df415823535ac40f","decision.request.fields.add_another_03","request.fields | choice | v2.fact.request.fields.v1","Do you need another request detail?","Choose Yes only if you need one more different item from the requester. Choose No when the request form has enough information.","","yes: Yes | no: No","approved","","","","",""
"question","v2.request.fields.add_another_03","v2.2","zh-Hant","fnv1a64:df415823535ac40f","decision.request.fields.add_another_03","request.fields | choice | v2.fact.request.fields.v1","是否還需要另一項申請資料？","只有仍需要申請人提供另一項不同資料時才選「是」。表格資料足夠時請選「否」。","","yes: 是 | no: 否","approved","","","","",""
"question","v2.request.fields.add_another_03","v2.2","zh-Hans","fnv1a64:df415823535ac40f","decision.request.fields.add_another_03","request.fields | choice | v2.fact.request.fields.v1","是否还需要另一项申请资料？","只有仍需要申请人提供另一项不同资料时才选“是”。表格资料足够时请选择“否”。","","yes: 是 | no: 否","approved","","","","",""
"question","v2.request.fields.field_04","v2.2","en","fnv1a64:df415823535ac40f","decision.request.fields.field_04","request.fields | short_text | v2.fact.request.fields.v1","What is another request detail to collect?","Add one more request detail only when it is needed to review or process the request. Keep the wording clear for the requester.","","","approved","","","","",""
"question","v2.request.fields.field_04","v2.2","zh-Hant","fnv1a64:df415823535ac40f","decision.request.fields.field_04","request.fields | short_text | v2.fact.request.fields.v1","還要收集哪一項申請資料？","只有在審批或處理申請時需要，才加入另一項資料。請用申請人容易明白的名稱。","","","approved","","","","",""
"question","v2.request.fields.field_04","v2.2","zh-Hans","fnv1a64:df415823535ac40f","decision.request.fields.field_04","request.fields | short_text | v2.fact.request.fields.v1","还要收集哪一项申请资料？","只有在审批或处理申请时需要，才加入另一项资料。请用申请人容易明白的名称。","","","approved","","","","",""
"question","v2.request.fields.add_another_04","v2.2","en","fnv1a64:df415823535ac40f","decision.request.fields.add_another_04","request.fields | choice | v2.fact.request.fields.v1","Do you need another request detail?","Choose Yes only if you need one more different item from the requester. Choose No when the request form has enough information.","","yes: Yes | no: No","approved","","","","",""
"question","v2.request.fields.add_another_04","v2.2","zh-Hant","fnv1a64:df415823535ac40f","decision.request.fields.add_another_04","request.fields | choice | v2.fact.request.fields.v1","是否還需要另一項申請資料？","只有仍需要申請人提供另一項不同資料時才選「是」。表格資料足夠時請選「否」。","","yes: 是 | no: 否","approved","","","","",""
"question","v2.request.fields.add_another_04","v2.2","zh-Hans","fnv1a64:df415823535ac40f","decision.request.fields.add_another_04","request.fields | choice | v2.fact.request.fields.v1","是否还需要另一项申请资料？","只有仍需要申请人提供另一项不同资料时才选“是”。表格资料足够时请选择“否”。","","yes: 是 | no: 否","approved","","","","",""
"question","v2.request.fields.field_05","v2.2","en","fnv1a64:df415823535ac40f","decision.request.fields.field_05","request.fields | short_text | v2.fact.request.fields.v1","What is another request detail to collect?","Add one more request detail only when it is needed to review or process the request. Keep the wording clear for the requester.","","","approved","","","","",""
"question","v2.request.fields.field_05","v2.2","zh-Hant","fnv1a64:df415823535ac40f","decision.request.fields.field_05","request.fields | short_text | v2.fact.request.fields.v1","還要收集哪一項申請資料？","只有在審批或處理申請時需要，才加入另一項資料。請用申請人容易明白的名稱。","","","approved","","","","",""
"question","v2.request.fields.field_05","v2.2","zh-Hans","fnv1a64:df415823535ac40f","decision.request.fields.field_05","request.fields | short_text | v2.fact.request.fields.v1","还要收集哪一项申请资料？","只有在审批或处理申请时需要，才加入另一项资料。请用申请人容易明白的名称。","","","approved","","","","",""
"question","v2.request.fields.add_another_05","v2.2","en","fnv1a64:df415823535ac40f","decision.request.fields.add_another_05","request.fields | choice | v2.fact.request.fields.v1","Do you need another request detail?","Choose Yes only if you need one more different item from the requester. Choose No when the request form has enough information.","","yes: Yes | no: No","approved","","","","",""
"question","v2.request.fields.add_another_05","v2.2","zh-Hant","fnv1a64:df415823535ac40f","decision.request.fields.add_another_05","request.fields | choice | v2.fact.request.fields.v1","是否還需要另一項申請資料？","只有仍需要申請人提供另一項不同資料時才選「是」。表格資料足夠時請選「否」。","","yes: 是 | no: 否","approved","","","","",""
"question","v2.request.fields.add_another_05","v2.2","zh-Hans","fnv1a64:df415823535ac40f","decision.request.fields.add_another_05","request.fields | choice | v2.fact.request.fields.v1","是否还需要另一项申请资料？","只有仍需要申请人提供另一项不同资料时才选“是”。表格资料足够时请选择“否”。","","yes: 是 | no: 否","approved","","","","",""
"question","v2.request.fields.field_06","v2.2","en","fnv1a64:df415823535ac40f","decision.request.fields.field_06","request.fields | short_text | v2.fact.request.fields.v1","What is another request detail to collect?","Add one more request detail only when it is needed to review or process the request. Keep the wording clear for the requester.","","","approved","","","","",""
"question","v2.request.fields.field_06","v2.2","zh-Hant","fnv1a64:df415823535ac40f","decision.request.fields.field_06","request.fields | short_text | v2.fact.request.fields.v1","還要收集哪一項申請資料？","只有在審批或處理申請時需要，才加入另一項資料。請用申請人容易明白的名稱。","","","approved","","","","",""
"question","v2.request.fields.field_06","v2.2","zh-Hans","fnv1a64:df415823535ac40f","decision.request.fields.field_06","request.fields | short_text | v2.fact.request.fields.v1","还要收集哪一项申请资料？","只有在审批或处理申请时需要，才加入另一项资料。请用申请人容易明白的名称。","","","approved","","","","",""
"question","v2.request.fields.add_another_06","v2.2","en","fnv1a64:df415823535ac40f","decision.request.fields.add_another_06","request.fields | choice | v2.fact.request.fields.v1","Do you need another request detail?","Choose Yes only if you need one more different item from the requester. Choose No when the request form has enough information.","","yes: Yes | no: No","approved","","","","",""
"question","v2.request.fields.add_another_06","v2.2","zh-Hant","fnv1a64:df415823535ac40f","decision.request.fields.add_another_06","request.fields | choice | v2.fact.request.fields.v1","是否還需要另一項申請資料？","只有仍需要申請人提供另一項不同資料時才選「是」。表格資料足夠時請選「否」。","","yes: 是 | no: 否","approved","","","","",""
"question","v2.request.fields.add_another_06","v2.2","zh-Hans","fnv1a64:df415823535ac40f","decision.request.fields.add_another_06","request.fields | choice | v2.fact.request.fields.v1","是否还需要另一项申请资料？","只有仍需要申请人提供另一项不同资料时才选“是”。表格资料足够时请选择“否”。","","yes: 是 | no: 否","approved","","","","",""
"question","v2.request.fields.field_07","v2.2","en","fnv1a64:df415823535ac40f","decision.request.fields.field_07","request.fields | short_text | v2.fact.request.fields.v1","What is another request detail to collect?","Add one more request detail only when it is needed to review or process the request. Keep the wording clear for the requester.","","","approved","","","","",""
"question","v2.request.fields.field_07","v2.2","zh-Hant","fnv1a64:df415823535ac40f","decision.request.fields.field_07","request.fields | short_text | v2.fact.request.fields.v1","還要收集哪一項申請資料？","只有在審批或處理申請時需要，才加入另一項資料。請用申請人容易明白的名稱。","","","approved","","","","",""
"question","v2.request.fields.field_07","v2.2","zh-Hans","fnv1a64:df415823535ac40f","decision.request.fields.field_07","request.fields | short_text | v2.fact.request.fields.v1","还要收集哪一项申请资料？","只有在审批或处理申请时需要，才加入另一项资料。请用申请人容易明白的名称。","","","approved","","","","",""
"question","v2.request.fields.add_another_07","v2.2","en","fnv1a64:df415823535ac40f","decision.request.fields.add_another_07","request.fields | choice | v2.fact.request.fields.v1","Do you need another request detail?","Choose Yes only if you need one more different item from the requester. Choose No when the request form has enough information.","","yes: Yes | no: No","approved","","","","",""
"question","v2.request.fields.add_another_07","v2.2","zh-Hant","fnv1a64:df415823535ac40f","decision.request.fields.add_another_07","request.fields | choice | v2.fact.request.fields.v1","是否還需要另一項申請資料？","只有仍需要申請人提供另一項不同資料時才選「是」。表格資料足夠時請選「否」。","","yes: 是 | no: 否","approved","","","","",""
"question","v2.request.fields.add_another_07","v2.2","zh-Hans","fnv1a64:df415823535ac40f","decision.request.fields.add_another_07","request.fields | choice | v2.fact.request.fields.v1","是否还需要另一项申请资料？","只有仍需要申请人提供另一项不同资料时才选“是”。表格资料足够时请选择“否”。","","yes: 是 | no: 否","approved","","","","",""
"question","v2.request.fields.field_08","v2.2","en","fnv1a64:df415823535ac40f","decision.request.fields.field_08","request.fields | short_text | v2.fact.request.fields.v1","What is another request detail to collect?","Add one more request detail only when it is needed to review or process the request. Keep the wording clear for the requester.","","","approved","","","","",""
"question","v2.request.fields.field_08","v2.2","zh-Hant","fnv1a64:df415823535ac40f","decision.request.fields.field_08","request.fields | short_text | v2.fact.request.fields.v1","還要收集哪一項申請資料？","只有在審批或處理申請時需要，才加入另一項資料。請用申請人容易明白的名稱。","","","approved","","","","",""
"question","v2.request.fields.field_08","v2.2","zh-Hans","fnv1a64:df415823535ac40f","decision.request.fields.field_08","request.fields | short_text | v2.fact.request.fields.v1","还要收集哪一项申请资料？","只有在审批或处理申请时需要，才加入另一项资料。请用申请人容易明白的名称。","","","approved","","","","",""
"question","v2.request.fields.add_another_08","v2.2","en","fnv1a64:df415823535ac40f","decision.request.fields.add_another_08","request.fields | choice | v2.fact.request.fields.v1","Do you need another request detail?","Choose Yes only if you need one more different item from the requester. Choose No when the request form has enough information.","","yes: Yes | no: No","approved","","","","",""
"question","v2.request.fields.add_another_08","v2.2","zh-Hant","fnv1a64:df415823535ac40f","decision.request.fields.add_another_08","request.fields | choice | v2.fact.request.fields.v1","是否還需要另一項申請資料？","只有仍需要申請人提供另一項不同資料時才選「是」。表格資料足夠時請選「否」。","","yes: 是 | no: 否","approved","","","","",""
"question","v2.request.fields.add_another_08","v2.2","zh-Hans","fnv1a64:df415823535ac40f","decision.request.fields.add_another_08","request.fields | choice | v2.fact.request.fields.v1","是否还需要另一项申请资料？","只有仍需要申请人提供另一项不同资料时才选“是”。表格资料足够时请选择“否”。","","yes: 是 | no: 否","approved","","","","",""
"question","v2.request.fields.field_09","v2.2","en","fnv1a64:df415823535ac40f","decision.request.fields.field_09","request.fields | short_text | v2.fact.request.fields.v1","What is another request detail to collect?","Add one more request detail only when it is needed to review or process the request. Keep the wording clear for the requester.","","","approved","","","","",""
"question","v2.request.fields.field_09","v2.2","zh-Hant","fnv1a64:df415823535ac40f","decision.request.fields.field_09","request.fields | short_text | v2.fact.request.fields.v1","還要收集哪一項申請資料？","只有在審批或處理申請時需要，才加入另一項資料。請用申請人容易明白的名稱。","","","approved","","","","",""
"question","v2.request.fields.field_09","v2.2","zh-Hans","fnv1a64:df415823535ac40f","decision.request.fields.field_09","request.fields | short_text | v2.fact.request.fields.v1","还要收集哪一项申请资料？","只有在审批或处理申请时需要，才加入另一项资料。请用申请人容易明白的名称。","","","approved","","","","",""
"question","v2.request.fields.add_another_09","v2.2","en","fnv1a64:df415823535ac40f","decision.request.fields.add_another_09","request.fields | choice | v2.fact.request.fields.v1","Do you need another request detail?","Choose Yes only if you need one more different item from the requester. Choose No when the request form has enough information.","","yes: Yes | no: No","approved","","","","",""
"question","v2.request.fields.add_another_09","v2.2","zh-Hant","fnv1a64:df415823535ac40f","decision.request.fields.add_another_09","request.fields | choice | v2.fact.request.fields.v1","是否還需要另一項申請資料？","只有仍需要申請人提供另一項不同資料時才選「是」。表格資料足夠時請選「否」。","","yes: 是 | no: 否","approved","","","","",""
"question","v2.request.fields.add_another_09","v2.2","zh-Hans","fnv1a64:df415823535ac40f","decision.request.fields.add_another_09","request.fields | choice | v2.fact.request.fields.v1","是否还需要另一项申请资料？","只有仍需要申请人提供另一项不同资料时才选“是”。表格资料足够时请选择“否”。","","yes: 是 | no: 否","approved","","","","",""
"question","v2.request.fields.field_10","v2.2","en","fnv1a64:df415823535ac40f","decision.request.fields.field_10","request.fields | short_text | v2.fact.request.fields.v1","What is another request detail to collect?","Add one more request detail only when it is needed to review or process the request. Keep the wording clear for the requester.","","","approved","","","","",""
"question","v2.request.fields.field_10","v2.2","zh-Hant","fnv1a64:df415823535ac40f","decision.request.fields.field_10","request.fields | short_text | v2.fact.request.fields.v1","還要收集哪一項申請資料？","只有在審批或處理申請時需要，才加入另一項資料。請用申請人容易明白的名稱。","","","approved","","","","",""
"question","v2.request.fields.field_10","v2.2","zh-Hans","fnv1a64:df415823535ac40f","decision.request.fields.field_10","request.fields | short_text | v2.fact.request.fields.v1","还要收集哪一项申请资料？","只有在审批或处理申请时需要，才加入另一项资料。请用申请人容易明白的名称。","","","approved","","","","",""
"question","v2.request.fields.add_another_10","v2.2","en","fnv1a64:df415823535ac40f","decision.request.fields.add_another_10","request.fields | choice | v2.fact.request.fields.v1","Do you need another request detail?","Choose Yes only if you need one more different item from the requester. Choose No when the request form has enough information.","","yes: Yes | no: No","approved","","","","",""
"question","v2.request.fields.add_another_10","v2.2","zh-Hant","fnv1a64:df415823535ac40f","decision.request.fields.add_another_10","request.fields | choice | v2.fact.request.fields.v1","是否還需要另一項申請資料？","只有仍需要申請人提供另一項不同資料時才選「是」。表格資料足夠時請選「否」。","","yes: 是 | no: 否","approved","","","","",""
"question","v2.request.fields.add_another_10","v2.2","zh-Hans","fnv1a64:df415823535ac40f","decision.request.fields.add_another_10","request.fields | choice | v2.fact.request.fields.v1","是否还需要另一项申请资料？","只有仍需要申请人提供另一项不同资料时才选“是”。表格资料足够时请选择“否”。","","yes: 是 | no: 否","approved","","","","",""
"question","v2.request.fields.field_11","v2.2","en","fnv1a64:df415823535ac40f","decision.request.fields.field_11","request.fields | short_text | v2.fact.request.fields.v1","What is another request detail to collect?","Add one more request detail only when it is needed to review or process the request. Keep the wording clear for the requester.","","","approved","","","","",""
"question","v2.request.fields.field_11","v2.2","zh-Hant","fnv1a64:df415823535ac40f","decision.request.fields.field_11","request.fields | short_text | v2.fact.request.fields.v1","還要收集哪一項申請資料？","只有在審批或處理申請時需要，才加入另一項資料。請用申請人容易明白的名稱。","","","approved","","","","",""
"question","v2.request.fields.field_11","v2.2","zh-Hans","fnv1a64:df415823535ac40f","decision.request.fields.field_11","request.fields | short_text | v2.fact.request.fields.v1","还要收集哪一项申请资料？","只有在审批或处理申请时需要，才加入另一项资料。请用申请人容易明白的名称。","","","approved","","","","",""
"question","v2.request.fields.add_another_11","v2.2","en","fnv1a64:df415823535ac40f","decision.request.fields.add_another_11","request.fields | choice | v2.fact.request.fields.v1","Do you need another request detail?","Choose Yes only if you need one more different item from the requester. Choose No when the request form has enough information.","","yes: Yes | no: No","approved","","","","",""
"question","v2.request.fields.add_another_11","v2.2","zh-Hant","fnv1a64:df415823535ac40f","decision.request.fields.add_another_11","request.fields | choice | v2.fact.request.fields.v1","是否還需要另一項申請資料？","只有仍需要申請人提供另一項不同資料時才選「是」。表格資料足夠時請選「否」。","","yes: 是 | no: 否","approved","","","","",""
"question","v2.request.fields.add_another_11","v2.2","zh-Hans","fnv1a64:df415823535ac40f","decision.request.fields.add_another_11","request.fields | choice | v2.fact.request.fields.v1","是否还需要另一项申请资料？","只有仍需要申请人提供另一项不同资料时才选“是”。表格资料足够时请选择“否”。","","yes: 是 | no: 否","approved","","","","",""
"question","v2.request.fields.field_12","v2.2","en","fnv1a64:df415823535ac40f","decision.request.fields.field_12","request.fields | short_text | v2.fact.request.fields.v1","What is another request detail to collect?","Add one more request detail only when it is needed to review or process the request. Keep the wording clear for the requester.","","","approved","","","","",""
"question","v2.request.fields.field_12","v2.2","zh-Hant","fnv1a64:df415823535ac40f","decision.request.fields.field_12","request.fields | short_text | v2.fact.request.fields.v1","還要收集哪一項申請資料？","只有在審批或處理申請時需要，才加入另一項資料。請用申請人容易明白的名稱。","","","approved","","","","",""
"question","v2.request.fields.field_12","v2.2","zh-Hans","fnv1a64:df415823535ac40f","decision.request.fields.field_12","request.fields | short_text | v2.fact.request.fields.v1","还要收集哪一项申请资料？","只有在审批或处理申请时需要，才加入另一项资料。请用申请人容易明白的名称。","","","approved","","","","",""
"question","v2.request.fields.add_another_12","v2.2","en","fnv1a64:df415823535ac40f","decision.request.fields.add_another_12","request.fields | choice | v2.fact.request.fields.v1","Do you need another request detail?","Choose Yes only if you need one more different item from the requester. Choose No when the request form has enough information.","","yes: Yes | no: No","approved","","","","",""
"question","v2.request.fields.add_another_12","v2.2","zh-Hant","fnv1a64:df415823535ac40f","decision.request.fields.add_another_12","request.fields | choice | v2.fact.request.fields.v1","是否還需要另一項申請資料？","只有仍需要申請人提供另一項不同資料時才選「是」。表格資料足夠時請選「否」。","","yes: 是 | no: 否","approved","","","","",""
"question","v2.request.fields.add_another_12","v2.2","zh-Hans","fnv1a64:df415823535ac40f","decision.request.fields.add_another_12","request.fields | choice | v2.fact.request.fields.v1","是否还需要另一项申请资料？","只有仍需要申请人提供另一项不同资料时才选“是”。表格资料足够时请选择“否”。","","yes: 是 | no: 否","approved","","","","",""
"question","v2.request.fields.field_13","v2.2","en","fnv1a64:df415823535ac40f","decision.request.fields.field_13","request.fields | short_text | v2.fact.request.fields.v1","What is another request detail to collect?","Add one more request detail only when it is needed to review or process the request. Keep the wording clear for the requester.","","","approved","","","","",""
"question","v2.request.fields.field_13","v2.2","zh-Hant","fnv1a64:df415823535ac40f","decision.request.fields.field_13","request.fields | short_text | v2.fact.request.fields.v1","還要收集哪一項申請資料？","只有在審批或處理申請時需要，才加入另一項資料。請用申請人容易明白的名稱。","","","approved","","","","",""
"question","v2.request.fields.field_13","v2.2","zh-Hans","fnv1a64:df415823535ac40f","decision.request.fields.field_13","request.fields | short_text | v2.fact.request.fields.v1","还要收集哪一项申请资料？","只有在审批或处理申请时需要，才加入另一项资料。请用申请人容易明白的名称。","","","approved","","","","",""
"question","v2.request.fields.add_another_13","v2.2","en","fnv1a64:df415823535ac40f","decision.request.fields.add_another_13","request.fields | choice | v2.fact.request.fields.v1","Do you need another request detail?","Choose Yes only if you need one more different item from the requester. Choose No when the request form has enough information.","","yes: Yes | no: No","approved","","","","",""
"question","v2.request.fields.add_another_13","v2.2","zh-Hant","fnv1a64:df415823535ac40f","decision.request.fields.add_another_13","request.fields | choice | v2.fact.request.fields.v1","是否還需要另一項申請資料？","只有仍需要申請人提供另一項不同資料時才選「是」。表格資料足夠時請選「否」。","","yes: 是 | no: 否","approved","","","","",""
"question","v2.request.fields.add_another_13","v2.2","zh-Hans","fnv1a64:df415823535ac40f","decision.request.fields.add_another_13","request.fields | choice | v2.fact.request.fields.v1","是否还需要另一项申请资料？","只有仍需要申请人提供另一项不同资料时才选“是”。表格资料足够时请选择“否”。","","yes: 是 | no: 否","approved","","","","",""
"question","v2.request.fields.field_14","v2.2","en","fnv1a64:df415823535ac40f","decision.request.fields.field_14","request.fields | short_text | v2.fact.request.fields.v1","What is another request detail to collect?","Add one more request detail only when it is needed to review or process the request. Keep the wording clear for the requester.","","","approved","","","","",""
"question","v2.request.fields.field_14","v2.2","zh-Hant","fnv1a64:df415823535ac40f","decision.request.fields.field_14","request.fields | short_text | v2.fact.request.fields.v1","還要收集哪一項申請資料？","只有在審批或處理申請時需要，才加入另一項資料。請用申請人容易明白的名稱。","","","approved","","","","",""
"question","v2.request.fields.field_14","v2.2","zh-Hans","fnv1a64:df415823535ac40f","decision.request.fields.field_14","request.fields | short_text | v2.fact.request.fields.v1","还要收集哪一项申请资料？","只有在审批或处理申请时需要，才加入另一项资料。请用申请人容易明白的名称。","","","approved","","","","",""
"question","v2.request.fields.add_another_14","v2.2","en","fnv1a64:df415823535ac40f","decision.request.fields.add_another_14","request.fields | choice | v2.fact.request.fields.v1","Do you need another request detail?","Choose Yes only if you need one more different item from the requester. Choose No when the request form has enough information.","","yes: Yes | no: No","approved","","","","",""
"question","v2.request.fields.add_another_14","v2.2","zh-Hant","fnv1a64:df415823535ac40f","decision.request.fields.add_another_14","request.fields | choice | v2.fact.request.fields.v1","是否還需要另一項申請資料？","只有仍需要申請人提供另一項不同資料時才選「是」。表格資料足夠時請選「否」。","","yes: 是 | no: 否","approved","","","","",""
"question","v2.request.fields.add_another_14","v2.2","zh-Hans","fnv1a64:df415823535ac40f","decision.request.fields.add_another_14","request.fields | choice | v2.fact.request.fields.v1","是否还需要另一项申请资料？","只有仍需要申请人提供另一项不同资料时才选“是”。表格资料足够时请选择“否”。","","yes: 是 | no: 否","approved","","","","",""
"question","v2.request.fields.field_15","v2.2","en","fnv1a64:df415823535ac40f","decision.request.fields.field_15","request.fields | short_text | v2.fact.request.fields.v1","What is another request detail to collect?","Add one more request detail only when it is needed to review or process the request. Keep the wording clear for the requester.","","","approved","","","","",""
"question","v2.request.fields.field_15","v2.2","zh-Hant","fnv1a64:df415823535ac40f","decision.request.fields.field_15","request.fields | short_text | v2.fact.request.fields.v1","還要收集哪一項申請資料？","只有在審批或處理申請時需要，才加入另一項資料。請用申請人容易明白的名稱。","","","approved","","","","",""
"question","v2.request.fields.field_15","v2.2","zh-Hans","fnv1a64:df415823535ac40f","decision.request.fields.field_15","request.fields | short_text | v2.fact.request.fields.v1","还要收集哪一项申请资料？","只有在审批或处理申请时需要，才加入另一项资料。请用申请人容易明白的名称。","","","approved","","","","",""
"question","v2.request.fields.add_another_15","v2.2","en","fnv1a64:df415823535ac40f","decision.request.fields.add_another_15","request.fields | choice | v2.fact.request.fields.v1","Do you need another request detail?","Choose Yes only if you need one more different item from the requester. Choose No when the request form has enough information.","","yes: Yes | no: No","approved","","","","",""
"question","v2.request.fields.add_another_15","v2.2","zh-Hant","fnv1a64:df415823535ac40f","decision.request.fields.add_another_15","request.fields | choice | v2.fact.request.fields.v1","是否還需要另一項申請資料？","只有仍需要申請人提供另一項不同資料時才選「是」。表格資料足夠時請選「否」。","","yes: 是 | no: 否","approved","","","","",""
"question","v2.request.fields.add_another_15","v2.2","zh-Hans","fnv1a64:df415823535ac40f","decision.request.fields.add_another_15","request.fields | choice | v2.fact.request.fields.v1","是否还需要另一项申请资料？","只有仍需要申请人提供另一项不同资料时才选“是”。表格资料足够时请选择“否”。","","yes: 是 | no: 否","approved","","","","",""
"question","v2.request.fields.field_16","v2.2","en","fnv1a64:df415823535ac40f","decision.request.fields.field_16","request.fields | short_text | v2.fact.request.fields.v1","What is another request detail to collect?","Add one more request detail only when it is needed to review or process the request. Keep the wording clear for the requester.","","","approved","","","","",""
"question","v2.request.fields.field_16","v2.2","zh-Hant","fnv1a64:df415823535ac40f","decision.request.fields.field_16","request.fields | short_text | v2.fact.request.fields.v1","還要收集哪一項申請資料？","只有在審批或處理申請時需要，才加入另一項資料。請用申請人容易明白的名稱。","","","approved","","","","",""
"question","v2.request.fields.field_16","v2.2","zh-Hans","fnv1a64:df415823535ac40f","decision.request.fields.field_16","request.fields | short_text | v2.fact.request.fields.v1","还要收集哪一项申请资料？","只有在审批或处理申请时需要，才加入另一项资料。请用申请人容易明白的名称。","","","approved","","","","",""
"question","v2.request.fields.add_another_16","v2.2","en","fnv1a64:df415823535ac40f","decision.request.fields.add_another_16","request.fields | choice | v2.fact.request.fields.v1","Do you need another request detail?","Choose Yes only if you need one more different item from the requester. Choose No when the request form has enough information.","","yes: Yes | no: No","approved","","","","",""
"question","v2.request.fields.add_another_16","v2.2","zh-Hant","fnv1a64:df415823535ac40f","decision.request.fields.add_another_16","request.fields | choice | v2.fact.request.fields.v1","是否還需要另一項申請資料？","只有仍需要申請人提供另一項不同資料時才選「是」。表格資料足夠時請選「否」。","","yes: 是 | no: 否","approved","","","","",""
"question","v2.request.fields.add_another_16","v2.2","zh-Hans","fnv1a64:df415823535ac40f","decision.request.fields.add_another_16","request.fields | choice | v2.fact.request.fields.v1","是否还需要另一项申请资料？","只有仍需要申请人提供另一项不同资料时才选“是”。表格资料足够时请选择“否”。","","yes: 是 | no: 否","approved","","","","",""
"question","v2.request.fields.field_17","v2.2","en","fnv1a64:df415823535ac40f","decision.request.fields.field_17","request.fields | short_text | v2.fact.request.fields.v1","What is another request detail to collect?","Add one more request detail only when it is needed to review or process the request. Keep the wording clear for the requester.","","","approved","","","","",""
"question","v2.request.fields.field_17","v2.2","zh-Hant","fnv1a64:df415823535ac40f","decision.request.fields.field_17","request.fields | short_text | v2.fact.request.fields.v1","還要收集哪一項申請資料？","只有在審批或處理申請時需要，才加入另一項資料。請用申請人容易明白的名稱。","","","approved","","","","",""
"question","v2.request.fields.field_17","v2.2","zh-Hans","fnv1a64:df415823535ac40f","decision.request.fields.field_17","request.fields | short_text | v2.fact.request.fields.v1","还要收集哪一项申请资料？","只有在审批或处理申请时需要，才加入另一项资料。请用申请人容易明白的名称。","","","approved","","","","",""
"question","v2.request.fields.add_another_17","v2.2","en","fnv1a64:df415823535ac40f","decision.request.fields.add_another_17","request.fields | choice | v2.fact.request.fields.v1","Do you need another request detail?","Choose Yes only if you need one more different item from the requester. Choose No when the request form has enough information.","","yes: Yes | no: No","approved","","","","",""
"question","v2.request.fields.add_another_17","v2.2","zh-Hant","fnv1a64:df415823535ac40f","decision.request.fields.add_another_17","request.fields | choice | v2.fact.request.fields.v1","是否還需要另一項申請資料？","只有仍需要申請人提供另一項不同資料時才選「是」。表格資料足夠時請選「否」。","","yes: 是 | no: 否","approved","","","","",""
"question","v2.request.fields.add_another_17","v2.2","zh-Hans","fnv1a64:df415823535ac40f","decision.request.fields.add_another_17","request.fields | choice | v2.fact.request.fields.v1","是否还需要另一项申请资料？","只有仍需要申请人提供另一项不同资料时才选“是”。表格资料足够时请选择“否”。","","yes: 是 | no: 否","approved","","","","",""
"question","v2.request.fields.field_18","v2.2","en","fnv1a64:df415823535ac40f","decision.request.fields.field_18","request.fields | short_text | v2.fact.request.fields.v1","What is another request detail to collect?","Add one more request detail only when it is needed to review or process the request. Keep the wording clear for the requester.","","","approved","","","","",""
"question","v2.request.fields.field_18","v2.2","zh-Hant","fnv1a64:df415823535ac40f","decision.request.fields.field_18","request.fields | short_text | v2.fact.request.fields.v1","還要收集哪一項申請資料？","只有在審批或處理申請時需要，才加入另一項資料。請用申請人容易明白的名稱。","","","approved","","","","",""
"question","v2.request.fields.field_18","v2.2","zh-Hans","fnv1a64:df415823535ac40f","decision.request.fields.field_18","request.fields | short_text | v2.fact.request.fields.v1","还要收集哪一项申请资料？","只有在审批或处理申请时需要，才加入另一项资料。请用申请人容易明白的名称。","","","approved","","","","",""
"question","v2.request.fields.add_another_18","v2.2","en","fnv1a64:df415823535ac40f","decision.request.fields.add_another_18","request.fields | choice | v2.fact.request.fields.v1","Do you need another request detail?","Choose Yes only if you need one more different item from the requester. Choose No when the request form has enough information.","","yes: Yes | no: No","approved","","","","",""
"question","v2.request.fields.add_another_18","v2.2","zh-Hant","fnv1a64:df415823535ac40f","decision.request.fields.add_another_18","request.fields | choice | v2.fact.request.fields.v1","是否還需要另一項申請資料？","只有仍需要申請人提供另一項不同資料時才選「是」。表格資料足夠時請選「否」。","","yes: 是 | no: 否","approved","","","","",""
"question","v2.request.fields.add_another_18","v2.2","zh-Hans","fnv1a64:df415823535ac40f","decision.request.fields.add_another_18","request.fields | choice | v2.fact.request.fields.v1","是否还需要另一项申请资料？","只有仍需要申请人提供另一项不同资料时才选“是”。表格资料足够时请选择“否”。","","yes: 是 | no: 否","approved","","","","",""
"question","v2.request.fields.field_19","v2.2","en","fnv1a64:df415823535ac40f","decision.request.fields.field_19","request.fields | short_text | v2.fact.request.fields.v1","What is another request detail to collect?","Add one more request detail only when it is needed to review or process the request. Keep the wording clear for the requester.","","","approved","","","","",""
"question","v2.request.fields.field_19","v2.2","zh-Hant","fnv1a64:df415823535ac40f","decision.request.fields.field_19","request.fields | short_text | v2.fact.request.fields.v1","還要收集哪一項申請資料？","只有在審批或處理申請時需要，才加入另一項資料。請用申請人容易明白的名稱。","","","approved","","","","",""
"question","v2.request.fields.field_19","v2.2","zh-Hans","fnv1a64:df415823535ac40f","decision.request.fields.field_19","request.fields | short_text | v2.fact.request.fields.v1","还要收集哪一项申请资料？","只有在审批或处理申请时需要，才加入另一项资料。请用申请人容易明白的名称。","","","approved","","","","",""
"question","v2.request.fields.add_another_19","v2.2","en","fnv1a64:df415823535ac40f","decision.request.fields.add_another_19","request.fields | choice | v2.fact.request.fields.v1","Do you need another request detail?","Choose Yes only if you need one more different item from the requester. Choose No when the request form has enough information.","","yes: Yes | no: No","approved","","","","",""
"question","v2.request.fields.add_another_19","v2.2","zh-Hant","fnv1a64:df415823535ac40f","decision.request.fields.add_another_19","request.fields | choice | v2.fact.request.fields.v1","是否還需要另一項申請資料？","只有仍需要申請人提供另一項不同資料時才選「是」。表格資料足夠時請選「否」。","","yes: 是 | no: 否","approved","","","","",""
"question","v2.request.fields.add_another_19","v2.2","zh-Hans","fnv1a64:df415823535ac40f","decision.request.fields.add_another_19","request.fields | choice | v2.fact.request.fields.v1","是否还需要另一项申请资料？","只有仍需要申请人提供另一项不同资料时才选“是”。表格资料足够时请选择“否”。","","yes: 是 | no: 否","approved","","","","",""
"question","v2.request.fields.field_20","v2.2","en","fnv1a64:df415823535ac40f","decision.request.fields.field_20","request.fields | short_text | v2.fact.request.fields.v1","What is another request detail to collect?","Add one more request detail only when it is needed to review or process the request. Keep the wording clear for the requester.","","","approved","","","","",""
"question","v2.request.fields.field_20","v2.2","zh-Hant","fnv1a64:df415823535ac40f","decision.request.fields.field_20","request.fields | short_text | v2.fact.request.fields.v1","還要收集哪一項申請資料？","只有在審批或處理申請時需要，才加入另一項資料。請用申請人容易明白的名稱。","","","approved","","","","",""
"question","v2.request.fields.field_20","v2.2","zh-Hans","fnv1a64:df415823535ac40f","decision.request.fields.field_20","request.fields | short_text | v2.fact.request.fields.v1","还要收集哪一项申请资料？","只有在审批或处理申请时需要，才加入另一项资料。请用申请人容易明白的名称。","","","approved","","","","",""
"question","v2.attachments.requirements.add_another_01","v2.2","en","fnv1a64:df415823535ac40f","decision.attachments.requirements.add_another_01","attachments.requirements | choice | v2.fact.attachments.requirements.v1","Do you need another required file or in-app form?","Choose Yes only if another different file is required from every requester. Choose No when the file list is complete.","","yes: Yes | no: No","approved","","","","",""
"question","v2.attachments.requirements.add_another_01","v2.2","zh-Hant","fnv1a64:df415823535ac40f","decision.attachments.requirements.add_another_01","attachments.requirements | choice | v2.fact.attachments.requirements.v1","是否還需要另一份必須提供的檔案或應用程式內表格？","只有每位申請人仍必須交另一份不同檔案時才選「是」。檔案清單完整時請選「否」。","","yes: 是 | no: 否","approved","","","","",""
"question","v2.attachments.requirements.add_another_01","v2.2","zh-Hans","fnv1a64:df415823535ac40f","decision.attachments.requirements.add_another_01","attachments.requirements | choice | v2.fact.attachments.requirements.v1","是否还需要另一份必须提供的文件或应用内表单？","只有每位申请人仍必须交另一份不同文件时才选“是”。文件清单完整时请选择“否”。","","yes: 是 | no: 否","approved","","","","",""
"question","v2.attachments.requirements.file_02","v2.2","en","fnv1a64:df415823535ac40f","decision.attachments.requirements.file_02","attachments.requirements | short_text | v2.fact.attachments.requirements.v1","What is another required file or in-app form?","Add another required file only if reviewers truly need it. Give the file a clear everyday name.","","","approved","","","","",""
"question","v2.attachments.requirements.file_02","v2.2","zh-Hant","fnv1a64:df415823535ac40f","decision.attachments.requirements.file_02","attachments.requirements | short_text | v2.fact.attachments.requirements.v1","另一份必須提供的檔案或應用程式內表格是甚麼？","只有審批人確實需要時才加入另一份必交檔案，並使用清楚易懂的檔案名稱。","","","approved","","","","",""
"question","v2.attachments.requirements.file_02","v2.2","zh-Hans","fnv1a64:df415823535ac40f","decision.attachments.requirements.file_02","attachments.requirements | short_text | v2.fact.attachments.requirements.v1","另一份必须提供的文件或应用内表单是什么？","只有审批人确实需要时才加入另一份必交文件，并使用清楚易懂的文件名称。","","","approved","","","","",""
"question","v2.attachments.requirements.add_another_02","v2.2","en","fnv1a64:df415823535ac40f","decision.attachments.requirements.add_another_02","attachments.requirements | choice | v2.fact.attachments.requirements.v1","Do you need another required file or in-app form?","Choose Yes only if another different file is required from every requester. Choose No when the file list is complete.","","yes: Yes | no: No","approved","","","","",""
"question","v2.attachments.requirements.add_another_02","v2.2","zh-Hant","fnv1a64:df415823535ac40f","decision.attachments.requirements.add_another_02","attachments.requirements | choice | v2.fact.attachments.requirements.v1","是否還需要另一份必須提供的檔案或應用程式內表格？","只有每位申請人仍必須交另一份不同檔案時才選「是」。檔案清單完整時請選「否」。","","yes: 是 | no: 否","approved","","","","",""
"question","v2.attachments.requirements.add_another_02","v2.2","zh-Hans","fnv1a64:df415823535ac40f","decision.attachments.requirements.add_another_02","attachments.requirements | choice | v2.fact.attachments.requirements.v1","是否还需要另一份必须提供的文件或应用内表单？","只有每位申请人仍必须交另一份不同文件时才选“是”。文件清单完整时请选择“否”。","","yes: 是 | no: 否","approved","","","","",""
"question","v2.attachments.requirements.file_03","v2.2","en","fnv1a64:df415823535ac40f","decision.attachments.requirements.file_03","attachments.requirements | short_text | v2.fact.attachments.requirements.v1","What is another required file or in-app form?","Add another required file only if reviewers truly need it. Give the file a clear everyday name.","","","approved","","","","",""
"question","v2.attachments.requirements.file_03","v2.2","zh-Hant","fnv1a64:df415823535ac40f","decision.attachments.requirements.file_03","attachments.requirements | short_text | v2.fact.attachments.requirements.v1","另一份必須提供的檔案或應用程式內表格是甚麼？","只有審批人確實需要時才加入另一份必交檔案，並使用清楚易懂的檔案名稱。","","","approved","","","","",""
"question","v2.attachments.requirements.file_03","v2.2","zh-Hans","fnv1a64:df415823535ac40f","decision.attachments.requirements.file_03","attachments.requirements | short_text | v2.fact.attachments.requirements.v1","另一份必须提供的文件或应用内表单是什么？","只有审批人确实需要时才加入另一份必交文件，并使用清楚易懂的文件名称。","","","approved","","","","",""
"question","v2.attachments.requirements.add_another_03","v2.2","en","fnv1a64:df415823535ac40f","decision.attachments.requirements.add_another_03","attachments.requirements | choice | v2.fact.attachments.requirements.v1","Do you need another required file or in-app form?","Choose Yes only if another different file is required from every requester. Choose No when the file list is complete.","","yes: Yes | no: No","approved","","","","",""
"question","v2.attachments.requirements.add_another_03","v2.2","zh-Hant","fnv1a64:df415823535ac40f","decision.attachments.requirements.add_another_03","attachments.requirements | choice | v2.fact.attachments.requirements.v1","是否還需要另一份必須提供的檔案或應用程式內表格？","只有每位申請人仍必須交另一份不同檔案時才選「是」。檔案清單完整時請選「否」。","","yes: 是 | no: 否","approved","","","","",""
"question","v2.attachments.requirements.add_another_03","v2.2","zh-Hans","fnv1a64:df415823535ac40f","decision.attachments.requirements.add_another_03","attachments.requirements | choice | v2.fact.attachments.requirements.v1","是否还需要另一份必须提供的文件或应用内表单？","只有每位申请人仍必须交另一份不同文件时才选“是”。文件清单完整时请选择“否”。","","yes: 是 | no: 否","approved","","","","",""
"question","v2.attachments.requirements.file_04","v2.2","en","fnv1a64:df415823535ac40f","decision.attachments.requirements.file_04","attachments.requirements | short_text | v2.fact.attachments.requirements.v1","What is another required file or in-app form?","Add another required file only if reviewers truly need it. Give the file a clear everyday name.","","","approved","","","","",""
"question","v2.attachments.requirements.file_04","v2.2","zh-Hant","fnv1a64:df415823535ac40f","decision.attachments.requirements.file_04","attachments.requirements | short_text | v2.fact.attachments.requirements.v1","另一份必須提供的檔案或應用程式內表格是甚麼？","只有審批人確實需要時才加入另一份必交檔案，並使用清楚易懂的檔案名稱。","","","approved","","","","",""
"question","v2.attachments.requirements.file_04","v2.2","zh-Hans","fnv1a64:df415823535ac40f","decision.attachments.requirements.file_04","attachments.requirements | short_text | v2.fact.attachments.requirements.v1","另一份必须提供的文件或应用内表单是什么？","只有审批人确实需要时才加入另一份必交文件，并使用清楚易懂的文件名称。","","","approved","","","","",""
"question","v2.attachments.requirements.add_another_04","v2.2","en","fnv1a64:df415823535ac40f","decision.attachments.requirements.add_another_04","attachments.requirements | choice | v2.fact.attachments.requirements.v1","Do you need another required file or in-app form?","Choose Yes only if another different file is required from every requester. Choose No when the file list is complete.","","yes: Yes | no: No","approved","","","","",""
"question","v2.attachments.requirements.add_another_04","v2.2","zh-Hant","fnv1a64:df415823535ac40f","decision.attachments.requirements.add_another_04","attachments.requirements | choice | v2.fact.attachments.requirements.v1","是否還需要另一份必須提供的檔案或應用程式內表格？","只有每位申請人仍必須交另一份不同檔案時才選「是」。檔案清單完整時請選「否」。","","yes: 是 | no: 否","approved","","","","",""
"question","v2.attachments.requirements.add_another_04","v2.2","zh-Hans","fnv1a64:df415823535ac40f","decision.attachments.requirements.add_another_04","attachments.requirements | choice | v2.fact.attachments.requirements.v1","是否还需要另一份必须提供的文件或应用内表单？","只有每位申请人仍必须交另一份不同文件时才选“是”。文件清单完整时请选择“否”。","","yes: 是 | no: 否","approved","","","","",""
"question","v2.attachments.requirements.file_05","v2.2","en","fnv1a64:df415823535ac40f","decision.attachments.requirements.file_05","attachments.requirements | short_text | v2.fact.attachments.requirements.v1","What is another required file or in-app form?","Add another required file only if reviewers truly need it. Give the file a clear everyday name.","","","approved","","","","",""
"question","v2.attachments.requirements.file_05","v2.2","zh-Hant","fnv1a64:df415823535ac40f","decision.attachments.requirements.file_05","attachments.requirements | short_text | v2.fact.attachments.requirements.v1","另一份必須提供的檔案或應用程式內表格是甚麼？","只有審批人確實需要時才加入另一份必交檔案，並使用清楚易懂的檔案名稱。","","","approved","","","","",""
"question","v2.attachments.requirements.file_05","v2.2","zh-Hans","fnv1a64:df415823535ac40f","decision.attachments.requirements.file_05","attachments.requirements | short_text | v2.fact.attachments.requirements.v1","另一份必须提供的文件或应用内表单是什么？","只有审批人确实需要时才加入另一份必交文件，并使用清楚易懂的文件名称。","","","approved","","","","",""
"question","v2.attachments.requirements.add_another_05","v2.2","en","fnv1a64:df415823535ac40f","decision.attachments.requirements.add_another_05","attachments.requirements | choice | v2.fact.attachments.requirements.v1","Do you need another required file or in-app form?","Choose Yes only if another different file is required from every requester. Choose No when the file list is complete.","","yes: Yes | no: No","approved","","","","",""
"question","v2.attachments.requirements.add_another_05","v2.2","zh-Hant","fnv1a64:df415823535ac40f","decision.attachments.requirements.add_another_05","attachments.requirements | choice | v2.fact.attachments.requirements.v1","是否還需要另一份必須提供的檔案或應用程式內表格？","只有每位申請人仍必須交另一份不同檔案時才選「是」。檔案清單完整時請選「否」。","","yes: 是 | no: 否","approved","","","","",""
"question","v2.attachments.requirements.add_another_05","v2.2","zh-Hans","fnv1a64:df415823535ac40f","decision.attachments.requirements.add_another_05","attachments.requirements | choice | v2.fact.attachments.requirements.v1","是否还需要另一份必须提供的文件或应用内表单？","只有每位申请人仍必须交另一份不同文件时才选“是”。文件清单完整时请选择“否”。","","yes: 是 | no: 否","approved","","","","",""
"question","v2.attachments.requirements.file_06","v2.2","en","fnv1a64:df415823535ac40f","decision.attachments.requirements.file_06","attachments.requirements | short_text | v2.fact.attachments.requirements.v1","What is another required file or in-app form?","Add another required file only if reviewers truly need it. Give the file a clear everyday name.","","","approved","","","","",""
"question","v2.attachments.requirements.file_06","v2.2","zh-Hant","fnv1a64:df415823535ac40f","decision.attachments.requirements.file_06","attachments.requirements | short_text | v2.fact.attachments.requirements.v1","另一份必須提供的檔案或應用程式內表格是甚麼？","只有審批人確實需要時才加入另一份必交檔案，並使用清楚易懂的檔案名稱。","","","approved","","","","",""
"question","v2.attachments.requirements.file_06","v2.2","zh-Hans","fnv1a64:df415823535ac40f","decision.attachments.requirements.file_06","attachments.requirements | short_text | v2.fact.attachments.requirements.v1","另一份必须提供的文件或应用内表单是什么？","只有审批人确实需要时才加入另一份必交文件，并使用清楚易懂的文件名称。","","","approved","","","","",""
"question","v2.attachments.requirements.add_another_06","v2.2","en","fnv1a64:df415823535ac40f","decision.attachments.requirements.add_another_06","attachments.requirements | choice | v2.fact.attachments.requirements.v1","Do you need another required file or in-app form?","Choose Yes only if another different file is required from every requester. Choose No when the file list is complete.","","yes: Yes | no: No","approved","","","","",""
"question","v2.attachments.requirements.add_another_06","v2.2","zh-Hant","fnv1a64:df415823535ac40f","decision.attachments.requirements.add_another_06","attachments.requirements | choice | v2.fact.attachments.requirements.v1","是否還需要另一份必須提供的檔案或應用程式內表格？","只有每位申請人仍必須交另一份不同檔案時才選「是」。檔案清單完整時請選「否」。","","yes: 是 | no: 否","approved","","","","",""
"question","v2.attachments.requirements.add_another_06","v2.2","zh-Hans","fnv1a64:df415823535ac40f","decision.attachments.requirements.add_another_06","attachments.requirements | choice | v2.fact.attachments.requirements.v1","是否还需要另一份必须提供的文件或应用内表单？","只有每位申请人仍必须交另一份不同文件时才选“是”。文件清单完整时请选择“否”。","","yes: 是 | no: 否","approved","","","","",""
"question","v2.attachments.requirements.file_07","v2.2","en","fnv1a64:df415823535ac40f","decision.attachments.requirements.file_07","attachments.requirements | short_text | v2.fact.attachments.requirements.v1","What is another required file or in-app form?","Add another required file only if reviewers truly need it. Give the file a clear everyday name.","","","approved","","","","",""
"question","v2.attachments.requirements.file_07","v2.2","zh-Hant","fnv1a64:df415823535ac40f","decision.attachments.requirements.file_07","attachments.requirements | short_text | v2.fact.attachments.requirements.v1","另一份必須提供的檔案或應用程式內表格是甚麼？","只有審批人確實需要時才加入另一份必交檔案，並使用清楚易懂的檔案名稱。","","","approved","","","","",""
"question","v2.attachments.requirements.file_07","v2.2","zh-Hans","fnv1a64:df415823535ac40f","decision.attachments.requirements.file_07","attachments.requirements | short_text | v2.fact.attachments.requirements.v1","另一份必须提供的文件或应用内表单是什么？","只有审批人确实需要时才加入另一份必交文件，并使用清楚易懂的文件名称。","","","approved","","","","",""
"question","v2.attachments.requirements.add_another_07","v2.2","en","fnv1a64:df415823535ac40f","decision.attachments.requirements.add_another_07","attachments.requirements | choice | v2.fact.attachments.requirements.v1","Do you need another required file or in-app form?","Choose Yes only if another different file is required from every requester. Choose No when the file list is complete.","","yes: Yes | no: No","approved","","","","",""
"question","v2.attachments.requirements.add_another_07","v2.2","zh-Hant","fnv1a64:df415823535ac40f","decision.attachments.requirements.add_another_07","attachments.requirements | choice | v2.fact.attachments.requirements.v1","是否還需要另一份必須提供的檔案或應用程式內表格？","只有每位申請人仍必須交另一份不同檔案時才選「是」。檔案清單完整時請選「否」。","","yes: 是 | no: 否","approved","","","","",""
"question","v2.attachments.requirements.add_another_07","v2.2","zh-Hans","fnv1a64:df415823535ac40f","decision.attachments.requirements.add_another_07","attachments.requirements | choice | v2.fact.attachments.requirements.v1","是否还需要另一份必须提供的文件或应用内表单？","只有每位申请人仍必须交另一份不同文件时才选“是”。文件清单完整时请选择“否”。","","yes: 是 | no: 否","approved","","","","",""
"question","v2.attachments.requirements.file_08","v2.2","en","fnv1a64:df415823535ac40f","decision.attachments.requirements.file_08","attachments.requirements | short_text | v2.fact.attachments.requirements.v1","What is another required file or in-app form?","Add another required file only if reviewers truly need it. Give the file a clear everyday name.","","","approved","","","","",""
"question","v2.attachments.requirements.file_08","v2.2","zh-Hant","fnv1a64:df415823535ac40f","decision.attachments.requirements.file_08","attachments.requirements | short_text | v2.fact.attachments.requirements.v1","另一份必須提供的檔案或應用程式內表格是甚麼？","只有審批人確實需要時才加入另一份必交檔案，並使用清楚易懂的檔案名稱。","","","approved","","","","",""
"question","v2.attachments.requirements.file_08","v2.2","zh-Hans","fnv1a64:df415823535ac40f","decision.attachments.requirements.file_08","attachments.requirements | short_text | v2.fact.attachments.requirements.v1","另一份必须提供的文件或应用内表单是什么？","只有审批人确实需要时才加入另一份必交文件，并使用清楚易懂的文件名称。","","","approved","","","","",""
"question","v2.attachments.requirements.add_another_08","v2.2","en","fnv1a64:df415823535ac40f","decision.attachments.requirements.add_another_08","attachments.requirements | choice | v2.fact.attachments.requirements.v1","Do you need another required file or in-app form?","Choose Yes only if another different file is required from every requester. Choose No when the file list is complete.","","yes: Yes | no: No","approved","","","","",""
"question","v2.attachments.requirements.add_another_08","v2.2","zh-Hant","fnv1a64:df415823535ac40f","decision.attachments.requirements.add_another_08","attachments.requirements | choice | v2.fact.attachments.requirements.v1","是否還需要另一份必須提供的檔案或應用程式內表格？","只有每位申請人仍必須交另一份不同檔案時才選「是」。檔案清單完整時請選「否」。","","yes: 是 | no: 否","approved","","","","",""
"question","v2.attachments.requirements.add_another_08","v2.2","zh-Hans","fnv1a64:df415823535ac40f","decision.attachments.requirements.add_another_08","attachments.requirements | choice | v2.fact.attachments.requirements.v1","是否还需要另一份必须提供的文件或应用内表单？","只有每位申请人仍必须交另一份不同文件时才选“是”。文件清单完整时请选择“否”。","","yes: 是 | no: 否","approved","","","","",""
"question","v2.attachments.requirements.file_09","v2.2","en","fnv1a64:df415823535ac40f","decision.attachments.requirements.file_09","attachments.requirements | short_text | v2.fact.attachments.requirements.v1","What is another required file or in-app form?","Add another required file only if reviewers truly need it. Give the file a clear everyday name.","","","approved","","","","",""
"question","v2.attachments.requirements.file_09","v2.2","zh-Hant","fnv1a64:df415823535ac40f","decision.attachments.requirements.file_09","attachments.requirements | short_text | v2.fact.attachments.requirements.v1","另一份必須提供的檔案或應用程式內表格是甚麼？","只有審批人確實需要時才加入另一份必交檔案，並使用清楚易懂的檔案名稱。","","","approved","","","","",""
"question","v2.attachments.requirements.file_09","v2.2","zh-Hans","fnv1a64:df415823535ac40f","decision.attachments.requirements.file_09","attachments.requirements | short_text | v2.fact.attachments.requirements.v1","另一份必须提供的文件或应用内表单是什么？","只有审批人确实需要时才加入另一份必交文件，并使用清楚易懂的文件名称。","","","approved","","","","",""
"question","v2.attachments.requirements.add_another_09","v2.2","en","fnv1a64:df415823535ac40f","decision.attachments.requirements.add_another_09","attachments.requirements | choice | v2.fact.attachments.requirements.v1","Do you need another required file or in-app form?","Choose Yes only if another different file is required from every requester. Choose No when the file list is complete.","","yes: Yes | no: No","approved","","","","",""
"question","v2.attachments.requirements.add_another_09","v2.2","zh-Hant","fnv1a64:df415823535ac40f","decision.attachments.requirements.add_another_09","attachments.requirements | choice | v2.fact.attachments.requirements.v1","是否還需要另一份必須提供的檔案或應用程式內表格？","只有每位申請人仍必須交另一份不同檔案時才選「是」。檔案清單完整時請選「否」。","","yes: 是 | no: 否","approved","","","","",""
"question","v2.attachments.requirements.add_another_09","v2.2","zh-Hans","fnv1a64:df415823535ac40f","decision.attachments.requirements.add_another_09","attachments.requirements | choice | v2.fact.attachments.requirements.v1","是否还需要另一份必须提供的文件或应用内表单？","只有每位申请人仍必须交另一份不同文件时才选“是”。文件清单完整时请选择“否”。","","yes: 是 | no: 否","approved","","","","",""
"question","v2.attachments.requirements.file_10","v2.2","en","fnv1a64:df415823535ac40f","decision.attachments.requirements.file_10","attachments.requirements | short_text | v2.fact.attachments.requirements.v1","What is another required file or in-app form?","Add another required file only if reviewers truly need it. Give the file a clear everyday name.","","","approved","","","","",""
"question","v2.attachments.requirements.file_10","v2.2","zh-Hant","fnv1a64:df415823535ac40f","decision.attachments.requirements.file_10","attachments.requirements | short_text | v2.fact.attachments.requirements.v1","另一份必須提供的檔案或應用程式內表格是甚麼？","只有審批人確實需要時才加入另一份必交檔案，並使用清楚易懂的檔案名稱。","","","approved","","","","",""
"question","v2.attachments.requirements.file_10","v2.2","zh-Hans","fnv1a64:df415823535ac40f","decision.attachments.requirements.file_10","attachments.requirements | short_text | v2.fact.attachments.requirements.v1","另一份必须提供的文件或应用内表单是什么？","只有审批人确实需要时才加入另一份必交文件，并使用清楚易懂的文件名称。","","","approved","","","","",""
"question","v2.attachments.requirements.add_another_10","v2.2","en","fnv1a64:df415823535ac40f","decision.attachments.requirements.add_another_10","attachments.requirements | choice | v2.fact.attachments.requirements.v1","Do you need another required file or in-app form?","Choose Yes only if another different file is required from every requester. Choose No when the file list is complete.","","yes: Yes | no: No","approved","","","","",""
"question","v2.attachments.requirements.add_another_10","v2.2","zh-Hant","fnv1a64:df415823535ac40f","decision.attachments.requirements.add_another_10","attachments.requirements | choice | v2.fact.attachments.requirements.v1","是否還需要另一份必須提供的檔案或應用程式內表格？","只有每位申請人仍必須交另一份不同檔案時才選「是」。檔案清單完整時請選「否」。","","yes: 是 | no: 否","approved","","","","",""
"question","v2.attachments.requirements.add_another_10","v2.2","zh-Hans","fnv1a64:df415823535ac40f","decision.attachments.requirements.add_another_10","attachments.requirements | choice | v2.fact.attachments.requirements.v1","是否还需要另一份必须提供的文件或应用内表单？","只有每位申请人仍必须交另一份不同文件时才选“是”。文件清单完整时请选择“否”。","","yes: 是 | no: 否","approved","","","","",""
"question","v2.attachments.requirements.file_11","v2.2","en","fnv1a64:df415823535ac40f","decision.attachments.requirements.file_11","attachments.requirements | short_text | v2.fact.attachments.requirements.v1","What is another required file or in-app form?","Add another required file only if reviewers truly need it. Give the file a clear everyday name.","","","approved","","","","",""
"question","v2.attachments.requirements.file_11","v2.2","zh-Hant","fnv1a64:df415823535ac40f","decision.attachments.requirements.file_11","attachments.requirements | short_text | v2.fact.attachments.requirements.v1","另一份必須提供的檔案或應用程式內表格是甚麼？","只有審批人確實需要時才加入另一份必交檔案，並使用清楚易懂的檔案名稱。","","","approved","","","","",""
"question","v2.attachments.requirements.file_11","v2.2","zh-Hans","fnv1a64:df415823535ac40f","decision.attachments.requirements.file_11","attachments.requirements | short_text | v2.fact.attachments.requirements.v1","另一份必须提供的文件或应用内表单是什么？","只有审批人确实需要时才加入另一份必交文件，并使用清楚易懂的文件名称。","","","approved","","","","",""
"question","v2.attachments.requirements.add_another_11","v2.2","en","fnv1a64:df415823535ac40f","decision.attachments.requirements.add_another_11","attachments.requirements | choice | v2.fact.attachments.requirements.v1","Do you need another required file or in-app form?","Choose Yes only if another different file is required from every requester. Choose No when the file list is complete.","","yes: Yes | no: No","approved","","","","",""
"question","v2.attachments.requirements.add_another_11","v2.2","zh-Hant","fnv1a64:df415823535ac40f","decision.attachments.requirements.add_another_11","attachments.requirements | choice | v2.fact.attachments.requirements.v1","是否還需要另一份必須提供的檔案或應用程式內表格？","只有每位申請人仍必須交另一份不同檔案時才選「是」。檔案清單完整時請選「否」。","","yes: 是 | no: 否","approved","","","","",""
"question","v2.attachments.requirements.add_another_11","v2.2","zh-Hans","fnv1a64:df415823535ac40f","decision.attachments.requirements.add_another_11","attachments.requirements | choice | v2.fact.attachments.requirements.v1","是否还需要另一份必须提供的文件或应用内表单？","只有每位申请人仍必须交另一份不同文件时才选“是”。文件清单完整时请选择“否”。","","yes: 是 | no: 否","approved","","","","",""
"question","v2.attachments.requirements.file_12","v2.2","en","fnv1a64:df415823535ac40f","decision.attachments.requirements.file_12","attachments.requirements | short_text | v2.fact.attachments.requirements.v1","What is another required file or in-app form?","Add another required file only if reviewers truly need it. Give the file a clear everyday name.","","","approved","","","","",""
"question","v2.attachments.requirements.file_12","v2.2","zh-Hant","fnv1a64:df415823535ac40f","decision.attachments.requirements.file_12","attachments.requirements | short_text | v2.fact.attachments.requirements.v1","另一份必須提供的檔案或應用程式內表格是甚麼？","只有審批人確實需要時才加入另一份必交檔案，並使用清楚易懂的檔案名稱。","","","approved","","","","",""
"question","v2.attachments.requirements.file_12","v2.2","zh-Hans","fnv1a64:df415823535ac40f","decision.attachments.requirements.file_12","attachments.requirements | short_text | v2.fact.attachments.requirements.v1","另一份必须提供的文件或应用内表单是什么？","只有审批人确实需要时才加入另一份必交文件，并使用清楚易懂的文件名称。","","","approved","","","","",""
"question","v2.attachments.requirements.add_another_12","v2.2","en","fnv1a64:df415823535ac40f","decision.attachments.requirements.add_another_12","attachments.requirements | choice | v2.fact.attachments.requirements.v1","Do you need another required file or in-app form?","Choose Yes only if another different file is required from every requester. Choose No when the file list is complete.","","yes: Yes | no: No","approved","","","","",""
"question","v2.attachments.requirements.add_another_12","v2.2","zh-Hant","fnv1a64:df415823535ac40f","decision.attachments.requirements.add_another_12","attachments.requirements | choice | v2.fact.attachments.requirements.v1","是否還需要另一份必須提供的檔案或應用程式內表格？","只有每位申請人仍必須交另一份不同檔案時才選「是」。檔案清單完整時請選「否」。","","yes: 是 | no: 否","approved","","","","",""
"question","v2.attachments.requirements.add_another_12","v2.2","zh-Hans","fnv1a64:df415823535ac40f","decision.attachments.requirements.add_another_12","attachments.requirements | choice | v2.fact.attachments.requirements.v1","是否还需要另一份必须提供的文件或应用内表单？","只有每位申请人仍必须交另一份不同文件时才选“是”。文件清单完整时请选择“否”。","","yes: 是 | no: 否","approved","","","","",""
"question","v2.attachments.requirements.file_13","v2.2","en","fnv1a64:df415823535ac40f","decision.attachments.requirements.file_13","attachments.requirements | short_text | v2.fact.attachments.requirements.v1","What is another required file or in-app form?","Add another required file only if reviewers truly need it. Give the file a clear everyday name.","","","approved","","","","",""
"question","v2.attachments.requirements.file_13","v2.2","zh-Hant","fnv1a64:df415823535ac40f","decision.attachments.requirements.file_13","attachments.requirements | short_text | v2.fact.attachments.requirements.v1","另一份必須提供的檔案或應用程式內表格是甚麼？","只有審批人確實需要時才加入另一份必交檔案，並使用清楚易懂的檔案名稱。","","","approved","","","","",""
"question","v2.attachments.requirements.file_13","v2.2","zh-Hans","fnv1a64:df415823535ac40f","decision.attachments.requirements.file_13","attachments.requirements | short_text | v2.fact.attachments.requirements.v1","另一份必须提供的文件或应用内表单是什么？","只有审批人确实需要时才加入另一份必交文件，并使用清楚易懂的文件名称。","","","approved","","","","",""
"question","v2.attachments.requirements.add_another_13","v2.2","en","fnv1a64:df415823535ac40f","decision.attachments.requirements.add_another_13","attachments.requirements | choice | v2.fact.attachments.requirements.v1","Do you need another required file or in-app form?","Choose Yes only if another different file is required from every requester. Choose No when the file list is complete.","","yes: Yes | no: No","approved","","","","",""
"question","v2.attachments.requirements.add_another_13","v2.2","zh-Hant","fnv1a64:df415823535ac40f","decision.attachments.requirements.add_another_13","attachments.requirements | choice | v2.fact.attachments.requirements.v1","是否還需要另一份必須提供的檔案或應用程式內表格？","只有每位申請人仍必須交另一份不同檔案時才選「是」。檔案清單完整時請選「否」。","","yes: 是 | no: 否","approved","","","","",""
"question","v2.attachments.requirements.add_another_13","v2.2","zh-Hans","fnv1a64:df415823535ac40f","decision.attachments.requirements.add_another_13","attachments.requirements | choice | v2.fact.attachments.requirements.v1","是否还需要另一份必须提供的文件或应用内表单？","只有每位申请人仍必须交另一份不同文件时才选“是”。文件清单完整时请选择“否”。","","yes: 是 | no: 否","approved","","","","",""
"question","v2.attachments.requirements.file_14","v2.2","en","fnv1a64:df415823535ac40f","decision.attachments.requirements.file_14","attachments.requirements | short_text | v2.fact.attachments.requirements.v1","What is another required file or in-app form?","Add another required file only if reviewers truly need it. Give the file a clear everyday name.","","","approved","","","","",""
"question","v2.attachments.requirements.file_14","v2.2","zh-Hant","fnv1a64:df415823535ac40f","decision.attachments.requirements.file_14","attachments.requirements | short_text | v2.fact.attachments.requirements.v1","另一份必須提供的檔案或應用程式內表格是甚麼？","只有審批人確實需要時才加入另一份必交檔案，並使用清楚易懂的檔案名稱。","","","approved","","","","",""
"question","v2.attachments.requirements.file_14","v2.2","zh-Hans","fnv1a64:df415823535ac40f","decision.attachments.requirements.file_14","attachments.requirements | short_text | v2.fact.attachments.requirements.v1","另一份必须提供的文件或应用内表单是什么？","只有审批人确实需要时才加入另一份必交文件，并使用清楚易懂的文件名称。","","","approved","","","","",""
"question","v2.attachments.requirements.add_another_14","v2.2","en","fnv1a64:df415823535ac40f","decision.attachments.requirements.add_another_14","attachments.requirements | choice | v2.fact.attachments.requirements.v1","Do you need another required file or in-app form?","Choose Yes only if another different file is required from every requester. Choose No when the file list is complete.","","yes: Yes | no: No","approved","","","","",""
"question","v2.attachments.requirements.add_another_14","v2.2","zh-Hant","fnv1a64:df415823535ac40f","decision.attachments.requirements.add_another_14","attachments.requirements | choice | v2.fact.attachments.requirements.v1","是否還需要另一份必須提供的檔案或應用程式內表格？","只有每位申請人仍必須交另一份不同檔案時才選「是」。檔案清單完整時請選「否」。","","yes: 是 | no: 否","approved","","","","",""
"question","v2.attachments.requirements.add_another_14","v2.2","zh-Hans","fnv1a64:df415823535ac40f","decision.attachments.requirements.add_another_14","attachments.requirements | choice | v2.fact.attachments.requirements.v1","是否还需要另一份必须提供的文件或应用内表单？","只有每位申请人仍必须交另一份不同文件时才选“是”。文件清单完整时请选择“否”。","","yes: 是 | no: 否","approved","","","","",""
"question","v2.attachments.requirements.file_15","v2.2","en","fnv1a64:df415823535ac40f","decision.attachments.requirements.file_15","attachments.requirements | short_text | v2.fact.attachments.requirements.v1","What is another required file or in-app form?","Add another required file only if reviewers truly need it. Give the file a clear everyday name.","","","approved","","","","",""
"question","v2.attachments.requirements.file_15","v2.2","zh-Hant","fnv1a64:df415823535ac40f","decision.attachments.requirements.file_15","attachments.requirements | short_text | v2.fact.attachments.requirements.v1","另一份必須提供的檔案或應用程式內表格是甚麼？","只有審批人確實需要時才加入另一份必交檔案，並使用清楚易懂的檔案名稱。","","","approved","","","","",""
"question","v2.attachments.requirements.file_15","v2.2","zh-Hans","fnv1a64:df415823535ac40f","decision.attachments.requirements.file_15","attachments.requirements | short_text | v2.fact.attachments.requirements.v1","另一份必须提供的文件或应用内表单是什么？","只有审批人确实需要时才加入另一份必交文件，并使用清楚易懂的文件名称。","","","approved","","","","",""
"question","v2.attachments.requirements.add_another_15","v2.2","en","fnv1a64:df415823535ac40f","decision.attachments.requirements.add_another_15","attachments.requirements | choice | v2.fact.attachments.requirements.v1","Do you need another required file or in-app form?","Choose Yes only if another different file is required from every requester. Choose No when the file list is complete.","","yes: Yes | no: No","approved","","","","",""
"question","v2.attachments.requirements.add_another_15","v2.2","zh-Hant","fnv1a64:df415823535ac40f","decision.attachments.requirements.add_another_15","attachments.requirements | choice | v2.fact.attachments.requirements.v1","是否還需要另一份必須提供的檔案或應用程式內表格？","只有每位申請人仍必須交另一份不同檔案時才選「是」。檔案清單完整時請選「否」。","","yes: 是 | no: 否","approved","","","","",""
"question","v2.attachments.requirements.add_another_15","v2.2","zh-Hans","fnv1a64:df415823535ac40f","decision.attachments.requirements.add_another_15","attachments.requirements | choice | v2.fact.attachments.requirements.v1","是否还需要另一份必须提供的文件或应用内表单？","只有每位申请人仍必须交另一份不同文件时才选“是”。文件清单完整时请选择“否”。","","yes: 是 | no: 否","approved","","","","",""
"question","v2.attachments.requirements.file_16","v2.2","en","fnv1a64:df415823535ac40f","decision.attachments.requirements.file_16","attachments.requirements | short_text | v2.fact.attachments.requirements.v1","What is another required file or in-app form?","Add another required file only if reviewers truly need it. Give the file a clear everyday name.","","","approved","","","","",""
"question","v2.attachments.requirements.file_16","v2.2","zh-Hant","fnv1a64:df415823535ac40f","decision.attachments.requirements.file_16","attachments.requirements | short_text | v2.fact.attachments.requirements.v1","另一份必須提供的檔案或應用程式內表格是甚麼？","只有審批人確實需要時才加入另一份必交檔案，並使用清楚易懂的檔案名稱。","","","approved","","","","",""
"question","v2.attachments.requirements.file_16","v2.2","zh-Hans","fnv1a64:df415823535ac40f","decision.attachments.requirements.file_16","attachments.requirements | short_text | v2.fact.attachments.requirements.v1","另一份必须提供的文件或应用内表单是什么？","只有审批人确实需要时才加入另一份必交文件，并使用清楚易懂的文件名称。","","","approved","","","","",""
"question","v2.attachments.requirements.add_another_16","v2.2","en","fnv1a64:df415823535ac40f","decision.attachments.requirements.add_another_16","attachments.requirements | choice | v2.fact.attachments.requirements.v1","Do you need another required file or in-app form?","Choose Yes only if another different file is required from every requester. Choose No when the file list is complete.","","yes: Yes | no: No","approved","","","","",""
"question","v2.attachments.requirements.add_another_16","v2.2","zh-Hant","fnv1a64:df415823535ac40f","decision.attachments.requirements.add_another_16","attachments.requirements | choice | v2.fact.attachments.requirements.v1","是否還需要另一份必須提供的檔案或應用程式內表格？","只有每位申請人仍必須交另一份不同檔案時才選「是」。檔案清單完整時請選「否」。","","yes: 是 | no: 否","approved","","","","",""
"question","v2.attachments.requirements.add_another_16","v2.2","zh-Hans","fnv1a64:df415823535ac40f","decision.attachments.requirements.add_another_16","attachments.requirements | choice | v2.fact.attachments.requirements.v1","是否还需要另一份必须提供的文件或应用内表单？","只有每位申请人仍必须交另一份不同文件时才选“是”。文件清单完整时请选择“否”。","","yes: 是 | no: 否","approved","","","","",""
"question","v2.attachments.requirements.file_17","v2.2","en","fnv1a64:df415823535ac40f","decision.attachments.requirements.file_17","attachments.requirements | short_text | v2.fact.attachments.requirements.v1","What is another required file or in-app form?","Add another required file only if reviewers truly need it. Give the file a clear everyday name.","","","approved","","","","",""
"question","v2.attachments.requirements.file_17","v2.2","zh-Hant","fnv1a64:df415823535ac40f","decision.attachments.requirements.file_17","attachments.requirements | short_text | v2.fact.attachments.requirements.v1","另一份必須提供的檔案或應用程式內表格是甚麼？","只有審批人確實需要時才加入另一份必交檔案，並使用清楚易懂的檔案名稱。","","","approved","","","","",""
"question","v2.attachments.requirements.file_17","v2.2","zh-Hans","fnv1a64:df415823535ac40f","decision.attachments.requirements.file_17","attachments.requirements | short_text | v2.fact.attachments.requirements.v1","另一份必须提供的文件或应用内表单是什么？","只有审批人确实需要时才加入另一份必交文件，并使用清楚易懂的文件名称。","","","approved","","","","",""
"question","v2.attachments.requirements.add_another_17","v2.2","en","fnv1a64:df415823535ac40f","decision.attachments.requirements.add_another_17","attachments.requirements | choice | v2.fact.attachments.requirements.v1","Do you need another required file or in-app form?","Choose Yes only if another different file is required from every requester. Choose No when the file list is complete.","","yes: Yes | no: No","approved","","","","",""
"question","v2.attachments.requirements.add_another_17","v2.2","zh-Hant","fnv1a64:df415823535ac40f","decision.attachments.requirements.add_another_17","attachments.requirements | choice | v2.fact.attachments.requirements.v1","是否還需要另一份必須提供的檔案或應用程式內表格？","只有每位申請人仍必須交另一份不同檔案時才選「是」。檔案清單完整時請選「否」。","","yes: 是 | no: 否","approved","","","","",""
"question","v2.attachments.requirements.add_another_17","v2.2","zh-Hans","fnv1a64:df415823535ac40f","decision.attachments.requirements.add_another_17","attachments.requirements | choice | v2.fact.attachments.requirements.v1","是否还需要另一份必须提供的文件或应用内表单？","只有每位申请人仍必须交另一份不同文件时才选“是”。文件清单完整时请选择“否”。","","yes: 是 | no: 否","approved","","","","",""
"question","v2.attachments.requirements.file_18","v2.2","en","fnv1a64:df415823535ac40f","decision.attachments.requirements.file_18","attachments.requirements | short_text | v2.fact.attachments.requirements.v1","What is another required file or in-app form?","Add another required file only if reviewers truly need it. Give the file a clear everyday name.","","","approved","","","","",""
"question","v2.attachments.requirements.file_18","v2.2","zh-Hant","fnv1a64:df415823535ac40f","decision.attachments.requirements.file_18","attachments.requirements | short_text | v2.fact.attachments.requirements.v1","另一份必須提供的檔案或應用程式內表格是甚麼？","只有審批人確實需要時才加入另一份必交檔案，並使用清楚易懂的檔案名稱。","","","approved","","","","",""
"question","v2.attachments.requirements.file_18","v2.2","zh-Hans","fnv1a64:df415823535ac40f","decision.attachments.requirements.file_18","attachments.requirements | short_text | v2.fact.attachments.requirements.v1","另一份必须提供的文件或应用内表单是什么？","只有审批人确实需要时才加入另一份必交文件，并使用清楚易懂的文件名称。","","","approved","","","","",""
"question","v2.attachments.requirements.add_another_18","v2.2","en","fnv1a64:df415823535ac40f","decision.attachments.requirements.add_another_18","attachments.requirements | choice | v2.fact.attachments.requirements.v1","Do you need another required file or in-app form?","Choose Yes only if another different file is required from every requester. Choose No when the file list is complete.","","yes: Yes | no: No","approved","","","","",""
"question","v2.attachments.requirements.add_another_18","v2.2","zh-Hant","fnv1a64:df415823535ac40f","decision.attachments.requirements.add_another_18","attachments.requirements | choice | v2.fact.attachments.requirements.v1","是否還需要另一份必須提供的檔案或應用程式內表格？","只有每位申請人仍必須交另一份不同檔案時才選「是」。檔案清單完整時請選「否」。","","yes: 是 | no: 否","approved","","","","",""
"question","v2.attachments.requirements.add_another_18","v2.2","zh-Hans","fnv1a64:df415823535ac40f","decision.attachments.requirements.add_another_18","attachments.requirements | choice | v2.fact.attachments.requirements.v1","是否还需要另一份必须提供的文件或应用内表单？","只有每位申请人仍必须交另一份不同文件时才选“是”。文件清单完整时请选择“否”。","","yes: 是 | no: 否","approved","","","","",""
"question","v2.attachments.requirements.file_19","v2.2","en","fnv1a64:df415823535ac40f","decision.attachments.requirements.file_19","attachments.requirements | short_text | v2.fact.attachments.requirements.v1","What is another required file or in-app form?","Add another required file only if reviewers truly need it. Give the file a clear everyday name.","","","approved","","","","",""
"question","v2.attachments.requirements.file_19","v2.2","zh-Hant","fnv1a64:df415823535ac40f","decision.attachments.requirements.file_19","attachments.requirements | short_text | v2.fact.attachments.requirements.v1","另一份必須提供的檔案或應用程式內表格是甚麼？","只有審批人確實需要時才加入另一份必交檔案，並使用清楚易懂的檔案名稱。","","","approved","","","","",""
"question","v2.attachments.requirements.file_19","v2.2","zh-Hans","fnv1a64:df415823535ac40f","decision.attachments.requirements.file_19","attachments.requirements | short_text | v2.fact.attachments.requirements.v1","另一份必须提供的文件或应用内表单是什么？","只有审批人确实需要时才加入另一份必交文件，并使用清楚易懂的文件名称。","","","approved","","","","",""
"question","v2.attachments.requirements.add_another_19","v2.2","en","fnv1a64:df415823535ac40f","decision.attachments.requirements.add_another_19","attachments.requirements | choice | v2.fact.attachments.requirements.v1","Do you need another required file or in-app form?","Choose Yes only if another different file is required from every requester. Choose No when the file list is complete.","","yes: Yes | no: No","approved","","","","",""
"question","v2.attachments.requirements.add_another_19","v2.2","zh-Hant","fnv1a64:df415823535ac40f","decision.attachments.requirements.add_another_19","attachments.requirements | choice | v2.fact.attachments.requirements.v1","是否還需要另一份必須提供的檔案或應用程式內表格？","只有每位申請人仍必須交另一份不同檔案時才選「是」。檔案清單完整時請選「否」。","","yes: 是 | no: 否","approved","","","","",""
"question","v2.attachments.requirements.add_another_19","v2.2","zh-Hans","fnv1a64:df415823535ac40f","decision.attachments.requirements.add_another_19","attachments.requirements | choice | v2.fact.attachments.requirements.v1","是否还需要另一份必须提供的文件或应用内表单？","只有每位申请人仍必须交另一份不同文件时才选“是”。文件清单完整时请选择“否”。","","yes: 是 | no: 否","approved","","","","",""
"question","v2.attachments.requirements.file_20","v2.2","en","fnv1a64:df415823535ac40f","decision.attachments.requirements.file_20","attachments.requirements | short_text | v2.fact.attachments.requirements.v1","What is another required file or in-app form?","Add another required file only if reviewers truly need it. Give the file a clear everyday name.","","","approved","","","","",""
"question","v2.attachments.requirements.file_20","v2.2","zh-Hant","fnv1a64:df415823535ac40f","decision.attachments.requirements.file_20","attachments.requirements | short_text | v2.fact.attachments.requirements.v1","另一份必須提供的檔案或應用程式內表格是甚麼？","只有審批人確實需要時才加入另一份必交檔案，並使用清楚易懂的檔案名稱。","","","approved","","","","",""
"question","v2.attachments.requirements.file_20","v2.2","zh-Hans","fnv1a64:df415823535ac40f","decision.attachments.requirements.file_20","attachments.requirements | short_text | v2.fact.attachments.requirements.v1","另一份必须提供的文件或应用内表单是什么？","只有审批人确实需要时才加入另一份必交文件，并使用清楚易懂的文件名称。","","","approved","","","","",""
"question","v2.workflow.stages.stage_03_name","v2.2","en","fnv1a64:df415823535ac40f","decision.workflow.stages.stage_03_name","workflow.stages | short_text | v2.fact.workflow.stages.v1","What is the next step?","Describe one action in order, such as ‘Manager checks the request’ or ‘Finance approves payment’. Do not combine several actions in one step.","","","approved","","","","",""
"question","v2.workflow.stages.stage_03_name","v2.2","zh-Hant","fnv1a64:df415823535ac40f","decision.workflow.stages.stage_03_name","workflow.stages | short_text | v2.fact.workflow.stages.v1","下一個步驟是甚麼？","按次序描述一項工作，例如「經理檢查申請」或「財務批准付款」。不要把多項工作合併成一步。","","","approved","","","","",""
"question","v2.workflow.stages.stage_03_name","v2.2","zh-Hans","fnv1a64:df415823535ac40f","decision.workflow.stages.stage_03_name","workflow.stages | short_text | v2.fact.workflow.stages.v1","下一个步骤是什么？","按顺序描述一项工作，例如“经理检查申请”或“财务批准付款”。不要把多项工作合并成一步。","","","approved","","","","",""
"question","v2.workflow.stages.stage_03_person_mode","v2.2","en","fnv1a64:df415823535ac40f","decision.workflow.stages.stage_03_person_mode","workflow.stages | choice | v2.fact.workflow.stages.v1","How should we choose the person for that step?","Choose how this step finds its person: the same email every time, a job role in the staff directory, an email entered on the request, or a person chosen later.","","fixed_email: A fixed email address | directory_role: A job role from the staff directory | request_field: An email entered in the request | assigned_later: Assigned later","approved","","","","",""
"question","v2.workflow.stages.stage_03_person_mode","v2.2","zh-Hant","fnv1a64:df415823535ac40f","decision.workflow.stages.stage_03_person_mode","workflow.stages | choice | v2.fact.workflow.stages.v1","該步驟的處理人應如何決定？","選擇此步驟如何找到處理人：每次使用同一電郵、員工目錄中的職位、申請內填寫的電郵，或稍後才指派人選。","","fixed_email: 指定電郵地址 | directory_role: 員工目錄中的職位 | request_field: 申請內填寫的電郵 | assigned_later: 稍後指派","approved","","","","",""
"question","v2.workflow.stages.stage_03_person_mode","v2.2","zh-Hans","fnv1a64:df415823535ac40f","decision.workflow.stages.stage_03_person_mode","workflow.stages | choice | v2.fact.workflow.stages.v1","该步骤的处理人应如何决定？","选择此步骤如何找到处理人：每次使用同一电子邮件、员工目录中的职位、申请内填写的电子邮件，或稍后才指派人选。","","fixed_email: 指定电子邮件地址 | directory_role: 员工目录中的职位 | request_field: 申请内填写的电子邮件 | assigned_later: 稍后指派","approved","","","","",""
"question","v2.workflow.stages.stage_03_person_detail","v2.2","en","fnv1a64:df415823535ac40f","decision.workflow.stages.stage_03_person_detail","workflow.stages | short_text | v2.fact.workflow.stages.v1","Please give the email address, job role, or request field for that person.","Give the one detail needed for the option you just chose. If a person will be chosen later, this question will not appear.","","","approved","","","","",""
"question_prompt_variant","v2.workflow.stages.stage_03_person_detail#fixed_email","v2.2","en","fnv1a64:df415823535ac40f","decision.workflow.stages.stage_03_person_mode | fixed_email","workflow.stages | resolver-specific visible prompt","What fixed email address should receive this step?","","","","approved","","","","",""
"question_prompt_variant","v2.workflow.stages.stage_03_person_detail#directory_role","v2.2","en","fnv1a64:df415823535ac40f","decision.workflow.stages.stage_03_person_mode | directory_role","workflow.stages | resolver-specific visible prompt","Which job role in the staff directory should receive this step?","","","","approved","","","","",""
"question_prompt_variant","v2.workflow.stages.stage_03_person_detail#request_field","v2.2","en","fnv1a64:df415823535ac40f","decision.workflow.stages.stage_03_person_mode | request_field","workflow.stages | resolver-specific visible prompt","Which request field will contain this person's email address?","","","","approved","","","","",""
"question","v2.workflow.stages.stage_03_person_detail","v2.2","zh-Hant","fnv1a64:df415823535ac40f","decision.workflow.stages.stage_03_person_detail","workflow.stages | short_text | v2.fact.workflow.stages.v1","請提供該人士的電郵地址、職位或申請欄位。","請提供剛才所選方式所需的一項資料。若選擇稍後指派人選，便不會看到此問題。","","","approved","","","","",""
"question_prompt_variant","v2.workflow.stages.stage_03_person_detail#fixed_email","v2.2","zh-Hant","fnv1a64:df415823535ac40f","decision.workflow.stages.stage_03_person_mode | fixed_email","workflow.stages | resolver-specific visible prompt","此步驟應交給哪個指定電郵地址？","","","","approved","","","","",""
"question_prompt_variant","v2.workflow.stages.stage_03_person_detail#directory_role","v2.2","zh-Hant","fnv1a64:df415823535ac40f","decision.workflow.stages.stage_03_person_mode | directory_role","workflow.stages | resolver-specific visible prompt","此步驟應交給員工目錄中的哪個職位？","","","","approved","","","","",""
"question_prompt_variant","v2.workflow.stages.stage_03_person_detail#request_field","v2.2","zh-Hant","fnv1a64:df415823535ac40f","decision.workflow.stages.stage_03_person_mode | request_field","workflow.stages | resolver-specific visible prompt","哪個申請欄位會填寫此人的電郵地址？","","","","approved","","","","",""
"question","v2.workflow.stages.stage_03_person_detail","v2.2","zh-Hans","fnv1a64:df415823535ac40f","decision.workflow.stages.stage_03_person_detail","workflow.stages | short_text | v2.fact.workflow.stages.v1","请提供该人员的电子邮件地址、职位或申请字段。","请提供刚才所选方式所需的一项资料。若选择稍后指派人选，便不会看到此问题。","","","approved","","","","",""
"question_prompt_variant","v2.workflow.stages.stage_03_person_detail#fixed_email","v2.2","zh-Hans","fnv1a64:df415823535ac40f","decision.workflow.stages.stage_03_person_mode | fixed_email","workflow.stages | resolver-specific visible prompt","此步骤应交给哪个指定电子邮件地址？","","","","approved","","","","",""
"question_prompt_variant","v2.workflow.stages.stage_03_person_detail#directory_role","v2.2","zh-Hans","fnv1a64:df415823535ac40f","decision.workflow.stages.stage_03_person_mode | directory_role","workflow.stages | resolver-specific visible prompt","此步骤应交给员工目录中的哪个职位？","","","","approved","","","","",""
"question_prompt_variant","v2.workflow.stages.stage_03_person_detail#request_field","v2.2","zh-Hans","fnv1a64:df415823535ac40f","decision.workflow.stages.stage_03_person_mode | request_field","workflow.stages | resolver-specific visible prompt","哪个申请字段会填写此人的电子邮件地址？","","","","approved","","","","",""
"question","v2.workflow.stages.add_another_03","v2.2","en","fnv1a64:df415823535ac40f","decision.workflow.stages.add_another_03","workflow.stages | choice | v2.fact.workflow.stages.v1","Do you need another step?","Choose Yes only if the request needs another separate action after this one. Choose No when the sequence is complete.","","yes: Yes | no: No","approved","","","","",""
"question","v2.workflow.stages.add_another_03","v2.2","zh-Hant","fnv1a64:df415823535ac40f","decision.workflow.stages.add_another_03","workflow.stages | choice | v2.fact.workflow.stages.v1","是否還需要另一個步驟？","只有此步驟後仍需要另一項獨立工作才選「是」。次序完整時請選「否」。","","yes: 是 | no: 否","approved","","","","",""
"question","v2.workflow.stages.add_another_03","v2.2","zh-Hans","fnv1a64:df415823535ac40f","decision.workflow.stages.add_another_03","workflow.stages | choice | v2.fact.workflow.stages.v1","是否还需要另一个步骤？","只有此步骤后仍需要另一项独立工作才选“是”。顺序完整时请选择“否”。","","yes: 是 | no: 否","approved","","","","",""
"question","v2.workflow.stages.stage_04_name","v2.2","en","fnv1a64:df415823535ac40f","decision.workflow.stages.stage_04_name","workflow.stages | short_text | v2.fact.workflow.stages.v1","What is the next step?","Describe one action in order, such as ‘Manager checks the request’ or ‘Finance approves payment’. Do not combine several actions in one step.","","","approved","","","","",""
"question","v2.workflow.stages.stage_04_name","v2.2","zh-Hant","fnv1a64:df415823535ac40f","decision.workflow.stages.stage_04_name","workflow.stages | short_text | v2.fact.workflow.stages.v1","下一個步驟是甚麼？","按次序描述一項工作，例如「經理檢查申請」或「財務批准付款」。不要把多項工作合併成一步。","","","approved","","","","",""
"question","v2.workflow.stages.stage_04_name","v2.2","zh-Hans","fnv1a64:df415823535ac40f","decision.workflow.stages.stage_04_name","workflow.stages | short_text | v2.fact.workflow.stages.v1","下一个步骤是什么？","按顺序描述一项工作，例如“经理检查申请”或“财务批准付款”。不要把多项工作合并成一步。","","","approved","","","","",""
"question","v2.workflow.stages.stage_04_person_mode","v2.2","en","fnv1a64:df415823535ac40f","decision.workflow.stages.stage_04_person_mode","workflow.stages | choice | v2.fact.workflow.stages.v1","How should we choose the person for that step?","Choose how this step finds its person: the same email every time, a job role in the staff directory, an email entered on the request, or a person chosen later.","","fixed_email: A fixed email address | directory_role: A job role from the staff directory | request_field: An email entered in the request | assigned_later: Assigned later","approved","","","","",""
"question","v2.workflow.stages.stage_04_person_mode","v2.2","zh-Hant","fnv1a64:df415823535ac40f","decision.workflow.stages.stage_04_person_mode","workflow.stages | choice | v2.fact.workflow.stages.v1","該步驟的處理人應如何決定？","選擇此步驟如何找到處理人：每次使用同一電郵、員工目錄中的職位、申請內填寫的電郵，或稍後才指派人選。","","fixed_email: 指定電郵地址 | directory_role: 員工目錄中的職位 | request_field: 申請內填寫的電郵 | assigned_later: 稍後指派","approved","","","","",""
"question","v2.workflow.stages.stage_04_person_mode","v2.2","zh-Hans","fnv1a64:df415823535ac40f","decision.workflow.stages.stage_04_person_mode","workflow.stages | choice | v2.fact.workflow.stages.v1","该步骤的处理人应如何决定？","选择此步骤如何找到处理人：每次使用同一电子邮件、员工目录中的职位、申请内填写的电子邮件，或稍后才指派人选。","","fixed_email: 指定电子邮件地址 | directory_role: 员工目录中的职位 | request_field: 申请内填写的电子邮件 | assigned_later: 稍后指派","approved","","","","",""
"question","v2.workflow.stages.stage_04_person_detail","v2.2","en","fnv1a64:df415823535ac40f","decision.workflow.stages.stage_04_person_detail","workflow.stages | short_text | v2.fact.workflow.stages.v1","Please give the email address, job role, or request field for that person.","Give the one detail needed for the option you just chose. If a person will be chosen later, this question will not appear.","","","approved","","","","",""
"question_prompt_variant","v2.workflow.stages.stage_04_person_detail#fixed_email","v2.2","en","fnv1a64:df415823535ac40f","decision.workflow.stages.stage_04_person_mode | fixed_email","workflow.stages | resolver-specific visible prompt","What fixed email address should receive this step?","","","","approved","","","","",""
"question_prompt_variant","v2.workflow.stages.stage_04_person_detail#directory_role","v2.2","en","fnv1a64:df415823535ac40f","decision.workflow.stages.stage_04_person_mode | directory_role","workflow.stages | resolver-specific visible prompt","Which job role in the staff directory should receive this step?","","","","approved","","","","",""
"question_prompt_variant","v2.workflow.stages.stage_04_person_detail#request_field","v2.2","en","fnv1a64:df415823535ac40f","decision.workflow.stages.stage_04_person_mode | request_field","workflow.stages | resolver-specific visible prompt","Which request field will contain this person's email address?","","","","approved","","","","",""
"question","v2.workflow.stages.stage_04_person_detail","v2.2","zh-Hant","fnv1a64:df415823535ac40f","decision.workflow.stages.stage_04_person_detail","workflow.stages | short_text | v2.fact.workflow.stages.v1","請提供該人士的電郵地址、職位或申請欄位。","請提供剛才所選方式所需的一項資料。若選擇稍後指派人選，便不會看到此問題。","","","approved","","","","",""
"question_prompt_variant","v2.workflow.stages.stage_04_person_detail#fixed_email","v2.2","zh-Hant","fnv1a64:df415823535ac40f","decision.workflow.stages.stage_04_person_mode | fixed_email","workflow.stages | resolver-specific visible prompt","此步驟應交給哪個指定電郵地址？","","","","approved","","","","",""
"question_prompt_variant","v2.workflow.stages.stage_04_person_detail#directory_role","v2.2","zh-Hant","fnv1a64:df415823535ac40f","decision.workflow.stages.stage_04_person_mode | directory_role","workflow.stages | resolver-specific visible prompt","此步驟應交給員工目錄中的哪個職位？","","","","approved","","","","",""
"question_prompt_variant","v2.workflow.stages.stage_04_person_detail#request_field","v2.2","zh-Hant","fnv1a64:df415823535ac40f","decision.workflow.stages.stage_04_person_mode | request_field","workflow.stages | resolver-specific visible prompt","哪個申請欄位會填寫此人的電郵地址？","","","","approved","","","","",""
"question","v2.workflow.stages.stage_04_person_detail","v2.2","zh-Hans","fnv1a64:df415823535ac40f","decision.workflow.stages.stage_04_person_detail","workflow.stages | short_text | v2.fact.workflow.stages.v1","请提供该人员的电子邮件地址、职位或申请字段。","请提供刚才所选方式所需的一项资料。若选择稍后指派人选，便不会看到此问题。","","","approved","","","","",""
"question_prompt_variant","v2.workflow.stages.stage_04_person_detail#fixed_email","v2.2","zh-Hans","fnv1a64:df415823535ac40f","decision.workflow.stages.stage_04_person_mode | fixed_email","workflow.stages | resolver-specific visible prompt","此步骤应交给哪个指定电子邮件地址？","","","","approved","","","","",""
"question_prompt_variant","v2.workflow.stages.stage_04_person_detail#directory_role","v2.2","zh-Hans","fnv1a64:df415823535ac40f","decision.workflow.stages.stage_04_person_mode | directory_role","workflow.stages | resolver-specific visible prompt","此步骤应交给员工目录中的哪个职位？","","","","approved","","","","",""
"question_prompt_variant","v2.workflow.stages.stage_04_person_detail#request_field","v2.2","zh-Hans","fnv1a64:df415823535ac40f","decision.workflow.stages.stage_04_person_mode | request_field","workflow.stages | resolver-specific visible prompt","哪个申请字段会填写此人的电子邮件地址？","","","","approved","","","","",""
"question","v2.workflow.stages.add_another_04","v2.2","en","fnv1a64:df415823535ac40f","decision.workflow.stages.add_another_04","workflow.stages | choice | v2.fact.workflow.stages.v1","Do you need another step?","Choose Yes only if the request needs another separate action after this one. Choose No when the sequence is complete.","","yes: Yes | no: No","approved","","","","",""
"question","v2.workflow.stages.add_another_04","v2.2","zh-Hant","fnv1a64:df415823535ac40f","decision.workflow.stages.add_another_04","workflow.stages | choice | v2.fact.workflow.stages.v1","是否還需要另一個步驟？","只有此步驟後仍需要另一項獨立工作才選「是」。次序完整時請選「否」。","","yes: 是 | no: 否","approved","","","","",""
"question","v2.workflow.stages.add_another_04","v2.2","zh-Hans","fnv1a64:df415823535ac40f","decision.workflow.stages.add_another_04","workflow.stages | choice | v2.fact.workflow.stages.v1","是否还需要另一个步骤？","只有此步骤后仍需要另一项独立工作才选“是”。顺序完整时请选择“否”。","","yes: 是 | no: 否","approved","","","","",""
"question","v2.workflow.stages.stage_05_name","v2.2","en","fnv1a64:df415823535ac40f","decision.workflow.stages.stage_05_name","workflow.stages | short_text | v2.fact.workflow.stages.v1","What is the next step?","Describe one action in order, such as ‘Manager checks the request’ or ‘Finance approves payment’. Do not combine several actions in one step.","","","approved","","","","",""
"question","v2.workflow.stages.stage_05_name","v2.2","zh-Hant","fnv1a64:df415823535ac40f","decision.workflow.stages.stage_05_name","workflow.stages | short_text | v2.fact.workflow.stages.v1","下一個步驟是甚麼？","按次序描述一項工作，例如「經理檢查申請」或「財務批准付款」。不要把多項工作合併成一步。","","","approved","","","","",""
"question","v2.workflow.stages.stage_05_name","v2.2","zh-Hans","fnv1a64:df415823535ac40f","decision.workflow.stages.stage_05_name","workflow.stages | short_text | v2.fact.workflow.stages.v1","下一个步骤是什么？","按顺序描述一项工作，例如“经理检查申请”或“财务批准付款”。不要把多项工作合并成一步。","","","approved","","","","",""
"question","v2.workflow.stages.stage_05_person_mode","v2.2","en","fnv1a64:df415823535ac40f","decision.workflow.stages.stage_05_person_mode","workflow.stages | choice | v2.fact.workflow.stages.v1","How should we choose the person for that step?","Choose how this step finds its person: the same email every time, a job role in the staff directory, an email entered on the request, or a person chosen later.","","fixed_email: A fixed email address | directory_role: A job role from the staff directory | request_field: An email entered in the request | assigned_later: Assigned later","approved","","","","",""
"question","v2.workflow.stages.stage_05_person_mode","v2.2","zh-Hant","fnv1a64:df415823535ac40f","decision.workflow.stages.stage_05_person_mode","workflow.stages | choice | v2.fact.workflow.stages.v1","該步驟的處理人應如何決定？","選擇此步驟如何找到處理人：每次使用同一電郵、員工目錄中的職位、申請內填寫的電郵，或稍後才指派人選。","","fixed_email: 指定電郵地址 | directory_role: 員工目錄中的職位 | request_field: 申請內填寫的電郵 | assigned_later: 稍後指派","approved","","","","",""
"question","v2.workflow.stages.stage_05_person_mode","v2.2","zh-Hans","fnv1a64:df415823535ac40f","decision.workflow.stages.stage_05_person_mode","workflow.stages | choice | v2.fact.workflow.stages.v1","该步骤的处理人应如何决定？","选择此步骤如何找到处理人：每次使用同一电子邮件、员工目录中的职位、申请内填写的电子邮件，或稍后才指派人选。","","fixed_email: 指定电子邮件地址 | directory_role: 员工目录中的职位 | request_field: 申请内填写的电子邮件 | assigned_later: 稍后指派","approved","","","","",""
"question","v2.workflow.stages.stage_05_person_detail","v2.2","en","fnv1a64:df415823535ac40f","decision.workflow.stages.stage_05_person_detail","workflow.stages | short_text | v2.fact.workflow.stages.v1","Please give the email address, job role, or request field for that person.","Give the one detail needed for the option you just chose. If a person will be chosen later, this question will not appear.","","","approved","","","","",""
"question_prompt_variant","v2.workflow.stages.stage_05_person_detail#fixed_email","v2.2","en","fnv1a64:df415823535ac40f","decision.workflow.stages.stage_05_person_mode | fixed_email","workflow.stages | resolver-specific visible prompt","What fixed email address should receive this step?","","","","approved","","","","",""
"question_prompt_variant","v2.workflow.stages.stage_05_person_detail#directory_role","v2.2","en","fnv1a64:df415823535ac40f","decision.workflow.stages.stage_05_person_mode | directory_role","workflow.stages | resolver-specific visible prompt","Which job role in the staff directory should receive this step?","","","","approved","","","","",""
"question_prompt_variant","v2.workflow.stages.stage_05_person_detail#request_field","v2.2","en","fnv1a64:df415823535ac40f","decision.workflow.stages.stage_05_person_mode | request_field","workflow.stages | resolver-specific visible prompt","Which request field will contain this person's email address?","","","","approved","","","","",""
"question","v2.workflow.stages.stage_05_person_detail","v2.2","zh-Hant","fnv1a64:df415823535ac40f","decision.workflow.stages.stage_05_person_detail","workflow.stages | short_text | v2.fact.workflow.stages.v1","請提供該人士的電郵地址、職位或申請欄位。","請提供剛才所選方式所需的一項資料。若選擇稍後指派人選，便不會看到此問題。","","","approved","","","","",""
"question_prompt_variant","v2.workflow.stages.stage_05_person_detail#fixed_email","v2.2","zh-Hant","fnv1a64:df415823535ac40f","decision.workflow.stages.stage_05_person_mode | fixed_email","workflow.stages | resolver-specific visible prompt","此步驟應交給哪個指定電郵地址？","","","","approved","","","","",""
"question_prompt_variant","v2.workflow.stages.stage_05_person_detail#directory_role","v2.2","zh-Hant","fnv1a64:df415823535ac40f","decision.workflow.stages.stage_05_person_mode | directory_role","workflow.stages | resolver-specific visible prompt","此步驟應交給員工目錄中的哪個職位？","","","","approved","","","","",""
"question_prompt_variant","v2.workflow.stages.stage_05_person_detail#request_field","v2.2","zh-Hant","fnv1a64:df415823535ac40f","decision.workflow.stages.stage_05_person_mode | request_field","workflow.stages | resolver-specific visible prompt","哪個申請欄位會填寫此人的電郵地址？","","","","approved","","","","",""
"question","v2.workflow.stages.stage_05_person_detail","v2.2","zh-Hans","fnv1a64:df415823535ac40f","decision.workflow.stages.stage_05_person_detail","workflow.stages | short_text | v2.fact.workflow.stages.v1","请提供该人员的电子邮件地址、职位或申请字段。","请提供刚才所选方式所需的一项资料。若选择稍后指派人选，便不会看到此问题。","","","approved","","","","",""
"question_prompt_variant","v2.workflow.stages.stage_05_person_detail#fixed_email","v2.2","zh-Hans","fnv1a64:df415823535ac40f","decision.workflow.stages.stage_05_person_mode | fixed_email","workflow.stages | resolver-specific visible prompt","此步骤应交给哪个指定电子邮件地址？","","","","approved","","","","",""
"question_prompt_variant","v2.workflow.stages.stage_05_person_detail#directory_role","v2.2","zh-Hans","fnv1a64:df415823535ac40f","decision.workflow.stages.stage_05_person_mode | directory_role","workflow.stages | resolver-specific visible prompt","此步骤应交给员工目录中的哪个职位？","","","","approved","","","","",""
"question_prompt_variant","v2.workflow.stages.stage_05_person_detail#request_field","v2.2","zh-Hans","fnv1a64:df415823535ac40f","decision.workflow.stages.stage_05_person_mode | request_field","workflow.stages | resolver-specific visible prompt","哪个申请字段会填写此人的电子邮件地址？","","","","approved","","","","",""
"question","v2.workflow.stages.add_another_05","v2.2","en","fnv1a64:df415823535ac40f","decision.workflow.stages.add_another_05","workflow.stages | choice | v2.fact.workflow.stages.v1","Do you need another step?","Choose Yes only if the request needs another separate action after this one. Choose No when the sequence is complete.","","yes: Yes | no: No","approved","","","","",""
"question","v2.workflow.stages.add_another_05","v2.2","zh-Hant","fnv1a64:df415823535ac40f","decision.workflow.stages.add_another_05","workflow.stages | choice | v2.fact.workflow.stages.v1","是否還需要另一個步驟？","只有此步驟後仍需要另一項獨立工作才選「是」。次序完整時請選「否」。","","yes: 是 | no: 否","approved","","","","",""
"question","v2.workflow.stages.add_another_05","v2.2","zh-Hans","fnv1a64:df415823535ac40f","decision.workflow.stages.add_another_05","workflow.stages | choice | v2.fact.workflow.stages.v1","是否还需要另一个步骤？","只有此步骤后仍需要另一项独立工作才选“是”。顺序完整时请选择“否”。","","yes: 是 | no: 否","approved","","","","",""
"question","v2.workflow.stages.stage_06_name","v2.2","en","fnv1a64:df415823535ac40f","decision.workflow.stages.stage_06_name","workflow.stages | short_text | v2.fact.workflow.stages.v1","What is the next step?","Describe one action in order, such as ‘Manager checks the request’ or ‘Finance approves payment’. Do not combine several actions in one step.","","","approved","","","","",""
"question","v2.workflow.stages.stage_06_name","v2.2","zh-Hant","fnv1a64:df415823535ac40f","decision.workflow.stages.stage_06_name","workflow.stages | short_text | v2.fact.workflow.stages.v1","下一個步驟是甚麼？","按次序描述一項工作，例如「經理檢查申請」或「財務批准付款」。不要把多項工作合併成一步。","","","approved","","","","",""
"question","v2.workflow.stages.stage_06_name","v2.2","zh-Hans","fnv1a64:df415823535ac40f","decision.workflow.stages.stage_06_name","workflow.stages | short_text | v2.fact.workflow.stages.v1","下一个步骤是什么？","按顺序描述一项工作，例如“经理检查申请”或“财务批准付款”。不要把多项工作合并成一步。","","","approved","","","","",""
"question","v2.workflow.stages.stage_06_person_mode","v2.2","en","fnv1a64:df415823535ac40f","decision.workflow.stages.stage_06_person_mode","workflow.stages | choice | v2.fact.workflow.stages.v1","How should we choose the person for that step?","Choose how this step finds its person: the same email every time, a job role in the staff directory, an email entered on the request, or a person chosen later.","","fixed_email: A fixed email address | directory_role: A job role from the staff directory | request_field: An email entered in the request | assigned_later: Assigned later","approved","","","","",""
"question","v2.workflow.stages.stage_06_person_mode","v2.2","zh-Hant","fnv1a64:df415823535ac40f","decision.workflow.stages.stage_06_person_mode","workflow.stages | choice | v2.fact.workflow.stages.v1","該步驟的處理人應如何決定？","選擇此步驟如何找到處理人：每次使用同一電郵、員工目錄中的職位、申請內填寫的電郵，或稍後才指派人選。","","fixed_email: 指定電郵地址 | directory_role: 員工目錄中的職位 | request_field: 申請內填寫的電郵 | assigned_later: 稍後指派","approved","","","","",""
"question","v2.workflow.stages.stage_06_person_mode","v2.2","zh-Hans","fnv1a64:df415823535ac40f","decision.workflow.stages.stage_06_person_mode","workflow.stages | choice | v2.fact.workflow.stages.v1","该步骤的处理人应如何决定？","选择此步骤如何找到处理人：每次使用同一电子邮件、员工目录中的职位、申请内填写的电子邮件，或稍后才指派人选。","","fixed_email: 指定电子邮件地址 | directory_role: 员工目录中的职位 | request_field: 申请内填写的电子邮件 | assigned_later: 稍后指派","approved","","","","",""
"question","v2.workflow.stages.stage_06_person_detail","v2.2","en","fnv1a64:df415823535ac40f","decision.workflow.stages.stage_06_person_detail","workflow.stages | short_text | v2.fact.workflow.stages.v1","Please give the email address, job role, or request field for that person.","Give the one detail needed for the option you just chose. If a person will be chosen later, this question will not appear.","","","approved","","","","",""
"question_prompt_variant","v2.workflow.stages.stage_06_person_detail#fixed_email","v2.2","en","fnv1a64:df415823535ac40f","decision.workflow.stages.stage_06_person_mode | fixed_email","workflow.stages | resolver-specific visible prompt","What fixed email address should receive this step?","","","","approved","","","","",""
"question_prompt_variant","v2.workflow.stages.stage_06_person_detail#directory_role","v2.2","en","fnv1a64:df415823535ac40f","decision.workflow.stages.stage_06_person_mode | directory_role","workflow.stages | resolver-specific visible prompt","Which job role in the staff directory should receive this step?","","","","approved","","","","",""
"question_prompt_variant","v2.workflow.stages.stage_06_person_detail#request_field","v2.2","en","fnv1a64:df415823535ac40f","decision.workflow.stages.stage_06_person_mode | request_field","workflow.stages | resolver-specific visible prompt","Which request field will contain this person's email address?","","","","approved","","","","",""
"question","v2.workflow.stages.stage_06_person_detail","v2.2","zh-Hant","fnv1a64:df415823535ac40f","decision.workflow.stages.stage_06_person_detail","workflow.stages | short_text | v2.fact.workflow.stages.v1","請提供該人士的電郵地址、職位或申請欄位。","請提供剛才所選方式所需的一項資料。若選擇稍後指派人選，便不會看到此問題。","","","approved","","","","",""
"question_prompt_variant","v2.workflow.stages.stage_06_person_detail#fixed_email","v2.2","zh-Hant","fnv1a64:df415823535ac40f","decision.workflow.stages.stage_06_person_mode | fixed_email","workflow.stages | resolver-specific visible prompt","此步驟應交給哪個指定電郵地址？","","","","approved","","","","",""
"question_prompt_variant","v2.workflow.stages.stage_06_person_detail#directory_role","v2.2","zh-Hant","fnv1a64:df415823535ac40f","decision.workflow.stages.stage_06_person_mode | directory_role","workflow.stages | resolver-specific visible prompt","此步驟應交給員工目錄中的哪個職位？","","","","approved","","","","",""
"question_prompt_variant","v2.workflow.stages.stage_06_person_detail#request_field","v2.2","zh-Hant","fnv1a64:df415823535ac40f","decision.workflow.stages.stage_06_person_mode | request_field","workflow.stages | resolver-specific visible prompt","哪個申請欄位會填寫此人的電郵地址？","","","","approved","","","","",""
"question","v2.workflow.stages.stage_06_person_detail","v2.2","zh-Hans","fnv1a64:df415823535ac40f","decision.workflow.stages.stage_06_person_detail","workflow.stages | short_text | v2.fact.workflow.stages.v1","请提供该人员的电子邮件地址、职位或申请字段。","请提供刚才所选方式所需的一项资料。若选择稍后指派人选，便不会看到此问题。","","","approved","","","","",""
"question_prompt_variant","v2.workflow.stages.stage_06_person_detail#fixed_email","v2.2","zh-Hans","fnv1a64:df415823535ac40f","decision.workflow.stages.stage_06_person_mode | fixed_email","workflow.stages | resolver-specific visible prompt","此步骤应交给哪个指定电子邮件地址？","","","","approved","","","","",""
"question_prompt_variant","v2.workflow.stages.stage_06_person_detail#directory_role","v2.2","zh-Hans","fnv1a64:df415823535ac40f","decision.workflow.stages.stage_06_person_mode | directory_role","workflow.stages | resolver-specific visible prompt","此步骤应交给员工目录中的哪个职位？","","","","approved","","","","",""
"question_prompt_variant","v2.workflow.stages.stage_06_person_detail#request_field","v2.2","zh-Hans","fnv1a64:df415823535ac40f","decision.workflow.stages.stage_06_person_mode | request_field","workflow.stages | resolver-specific visible prompt","哪个申请字段会填写此人的电子邮件地址？","","","","approved","","","","",""
"question","v2.workflow.stages.add_another_06","v2.2","en","fnv1a64:df415823535ac40f","decision.workflow.stages.add_another_06","workflow.stages | choice | v2.fact.workflow.stages.v1","Do you need another step?","Choose Yes only if the request needs another separate action after this one. Choose No when the sequence is complete.","","yes: Yes | no: No","approved","","","","",""
"question","v2.workflow.stages.add_another_06","v2.2","zh-Hant","fnv1a64:df415823535ac40f","decision.workflow.stages.add_another_06","workflow.stages | choice | v2.fact.workflow.stages.v1","是否還需要另一個步驟？","只有此步驟後仍需要另一項獨立工作才選「是」。次序完整時請選「否」。","","yes: 是 | no: 否","approved","","","","",""
"question","v2.workflow.stages.add_another_06","v2.2","zh-Hans","fnv1a64:df415823535ac40f","decision.workflow.stages.add_another_06","workflow.stages | choice | v2.fact.workflow.stages.v1","是否还需要另一个步骤？","只有此步骤后仍需要另一项独立工作才选“是”。顺序完整时请选择“否”。","","yes: 是 | no: 否","approved","","","","",""
"question","v2.workflow.stages.stage_07_name","v2.2","en","fnv1a64:df415823535ac40f","decision.workflow.stages.stage_07_name","workflow.stages | short_text | v2.fact.workflow.stages.v1","What is the next step?","Describe one action in order, such as ‘Manager checks the request’ or ‘Finance approves payment’. Do not combine several actions in one step.","","","approved","","","","",""
"question","v2.workflow.stages.stage_07_name","v2.2","zh-Hant","fnv1a64:df415823535ac40f","decision.workflow.stages.stage_07_name","workflow.stages | short_text | v2.fact.workflow.stages.v1","下一個步驟是甚麼？","按次序描述一項工作，例如「經理檢查申請」或「財務批准付款」。不要把多項工作合併成一步。","","","approved","","","","",""
"question","v2.workflow.stages.stage_07_name","v2.2","zh-Hans","fnv1a64:df415823535ac40f","decision.workflow.stages.stage_07_name","workflow.stages | short_text | v2.fact.workflow.stages.v1","下一个步骤是什么？","按顺序描述一项工作，例如“经理检查申请”或“财务批准付款”。不要把多项工作合并成一步。","","","approved","","","","",""
"question","v2.workflow.stages.stage_07_person_mode","v2.2","en","fnv1a64:df415823535ac40f","decision.workflow.stages.stage_07_person_mode","workflow.stages | choice | v2.fact.workflow.stages.v1","How should we choose the person for that step?","Choose how this step finds its person: the same email every time, a job role in the staff directory, an email entered on the request, or a person chosen later.","","fixed_email: A fixed email address | directory_role: A job role from the staff directory | request_field: An email entered in the request | assigned_later: Assigned later","approved","","","","",""
"question","v2.workflow.stages.stage_07_person_mode","v2.2","zh-Hant","fnv1a64:df415823535ac40f","decision.workflow.stages.stage_07_person_mode","workflow.stages | choice | v2.fact.workflow.stages.v1","該步驟的處理人應如何決定？","選擇此步驟如何找到處理人：每次使用同一電郵、員工目錄中的職位、申請內填寫的電郵，或稍後才指派人選。","","fixed_email: 指定電郵地址 | directory_role: 員工目錄中的職位 | request_field: 申請內填寫的電郵 | assigned_later: 稍後指派","approved","","","","",""
"question","v2.workflow.stages.stage_07_person_mode","v2.2","zh-Hans","fnv1a64:df415823535ac40f","decision.workflow.stages.stage_07_person_mode","workflow.stages | choice | v2.fact.workflow.stages.v1","该步骤的处理人应如何决定？","选择此步骤如何找到处理人：每次使用同一电子邮件、员工目录中的职位、申请内填写的电子邮件，或稍后才指派人选。","","fixed_email: 指定电子邮件地址 | directory_role: 员工目录中的职位 | request_field: 申请内填写的电子邮件 | assigned_later: 稍后指派","approved","","","","",""
"question","v2.workflow.stages.stage_07_person_detail","v2.2","en","fnv1a64:df415823535ac40f","decision.workflow.stages.stage_07_person_detail","workflow.stages | short_text | v2.fact.workflow.stages.v1","Please give the email address, job role, or request field for that person.","Give the one detail needed for the option you just chose. If a person will be chosen later, this question will not appear.","","","approved","","","","",""
"question_prompt_variant","v2.workflow.stages.stage_07_person_detail#fixed_email","v2.2","en","fnv1a64:df415823535ac40f","decision.workflow.stages.stage_07_person_mode | fixed_email","workflow.stages | resolver-specific visible prompt","What fixed email address should receive this step?","","","","approved","","","","",""
"question_prompt_variant","v2.workflow.stages.stage_07_person_detail#directory_role","v2.2","en","fnv1a64:df415823535ac40f","decision.workflow.stages.stage_07_person_mode | directory_role","workflow.stages | resolver-specific visible prompt","Which job role in the staff directory should receive this step?","","","","approved","","","","",""
"question_prompt_variant","v2.workflow.stages.stage_07_person_detail#request_field","v2.2","en","fnv1a64:df415823535ac40f","decision.workflow.stages.stage_07_person_mode | request_field","workflow.stages | resolver-specific visible prompt","Which request field will contain this person's email address?","","","","approved","","","","",""
"question","v2.workflow.stages.stage_07_person_detail","v2.2","zh-Hant","fnv1a64:df415823535ac40f","decision.workflow.stages.stage_07_person_detail","workflow.stages | short_text | v2.fact.workflow.stages.v1","請提供該人士的電郵地址、職位或申請欄位。","請提供剛才所選方式所需的一項資料。若選擇稍後指派人選，便不會看到此問題。","","","approved","","","","",""
"question_prompt_variant","v2.workflow.stages.stage_07_person_detail#fixed_email","v2.2","zh-Hant","fnv1a64:df415823535ac40f","decision.workflow.stages.stage_07_person_mode | fixed_email","workflow.stages | resolver-specific visible prompt","此步驟應交給哪個指定電郵地址？","","","","approved","","","","",""
"question_prompt_variant","v2.workflow.stages.stage_07_person_detail#directory_role","v2.2","zh-Hant","fnv1a64:df415823535ac40f","decision.workflow.stages.stage_07_person_mode | directory_role","workflow.stages | resolver-specific visible prompt","此步驟應交給員工目錄中的哪個職位？","","","","approved","","","","",""
"question_prompt_variant","v2.workflow.stages.stage_07_person_detail#request_field","v2.2","zh-Hant","fnv1a64:df415823535ac40f","decision.workflow.stages.stage_07_person_mode | request_field","workflow.stages | resolver-specific visible prompt","哪個申請欄位會填寫此人的電郵地址？","","","","approved","","","","",""
"question","v2.workflow.stages.stage_07_person_detail","v2.2","zh-Hans","fnv1a64:df415823535ac40f","decision.workflow.stages.stage_07_person_detail","workflow.stages | short_text | v2.fact.workflow.stages.v1","请提供该人员的电子邮件地址、职位或申请字段。","请提供刚才所选方式所需的一项资料。若选择稍后指派人选，便不会看到此问题。","","","approved","","","","",""
"question_prompt_variant","v2.workflow.stages.stage_07_person_detail#fixed_email","v2.2","zh-Hans","fnv1a64:df415823535ac40f","decision.workflow.stages.stage_07_person_mode | fixed_email","workflow.stages | resolver-specific visible prompt","此步骤应交给哪个指定电子邮件地址？","","","","approved","","","","",""
"question_prompt_variant","v2.workflow.stages.stage_07_person_detail#directory_role","v2.2","zh-Hans","fnv1a64:df415823535ac40f","decision.workflow.stages.stage_07_person_mode | directory_role","workflow.stages | resolver-specific visible prompt","此步骤应交给员工目录中的哪个职位？","","","","approved","","","","",""
"question_prompt_variant","v2.workflow.stages.stage_07_person_detail#request_field","v2.2","zh-Hans","fnv1a64:df415823535ac40f","decision.workflow.stages.stage_07_person_mode | request_field","workflow.stages | resolver-specific visible prompt","哪个申请字段会填写此人的电子邮件地址？","","","","approved","","","","",""
"question","v2.workflow.stages.add_another_07","v2.2","en","fnv1a64:df415823535ac40f","decision.workflow.stages.add_another_07","workflow.stages | choice | v2.fact.workflow.stages.v1","Do you need another step?","Choose Yes only if the request needs another separate action after this one. Choose No when the sequence is complete.","","yes: Yes | no: No","approved","","","","",""
"question","v2.workflow.stages.add_another_07","v2.2","zh-Hant","fnv1a64:df415823535ac40f","decision.workflow.stages.add_another_07","workflow.stages | choice | v2.fact.workflow.stages.v1","是否還需要另一個步驟？","只有此步驟後仍需要另一項獨立工作才選「是」。次序完整時請選「否」。","","yes: 是 | no: 否","approved","","","","",""
"question","v2.workflow.stages.add_another_07","v2.2","zh-Hans","fnv1a64:df415823535ac40f","decision.workflow.stages.add_another_07","workflow.stages | choice | v2.fact.workflow.stages.v1","是否还需要另一个步骤？","只有此步骤后仍需要另一项独立工作才选“是”。顺序完整时请选择“否”。","","yes: 是 | no: 否","approved","","","","",""
"question","v2.workflow.stages.stage_08_name","v2.2","en","fnv1a64:df415823535ac40f","decision.workflow.stages.stage_08_name","workflow.stages | short_text | v2.fact.workflow.stages.v1","What is the next step?","Describe one action in order, such as ‘Manager checks the request’ or ‘Finance approves payment’. Do not combine several actions in one step.","","","approved","","","","",""
"question","v2.workflow.stages.stage_08_name","v2.2","zh-Hant","fnv1a64:df415823535ac40f","decision.workflow.stages.stage_08_name","workflow.stages | short_text | v2.fact.workflow.stages.v1","下一個步驟是甚麼？","按次序描述一項工作，例如「經理檢查申請」或「財務批准付款」。不要把多項工作合併成一步。","","","approved","","","","",""
"question","v2.workflow.stages.stage_08_name","v2.2","zh-Hans","fnv1a64:df415823535ac40f","decision.workflow.stages.stage_08_name","workflow.stages | short_text | v2.fact.workflow.stages.v1","下一个步骤是什么？","按顺序描述一项工作，例如“经理检查申请”或“财务批准付款”。不要把多项工作合并成一步。","","","approved","","","","",""
"question","v2.workflow.stages.stage_08_person_mode","v2.2","en","fnv1a64:df415823535ac40f","decision.workflow.stages.stage_08_person_mode","workflow.stages | choice | v2.fact.workflow.stages.v1","How should we choose the person for that step?","Choose how this step finds its person: the same email every time, a job role in the staff directory, an email entered on the request, or a person chosen later.","","fixed_email: A fixed email address | directory_role: A job role from the staff directory | request_field: An email entered in the request | assigned_later: Assigned later","approved","","","","",""
"question","v2.workflow.stages.stage_08_person_mode","v2.2","zh-Hant","fnv1a64:df415823535ac40f","decision.workflow.stages.stage_08_person_mode","workflow.stages | choice | v2.fact.workflow.stages.v1","該步驟的處理人應如何決定？","選擇此步驟如何找到處理人：每次使用同一電郵、員工目錄中的職位、申請內填寫的電郵，或稍後才指派人選。","","fixed_email: 指定電郵地址 | directory_role: 員工目錄中的職位 | request_field: 申請內填寫的電郵 | assigned_later: 稍後指派","approved","","","","",""
"question","v2.workflow.stages.stage_08_person_mode","v2.2","zh-Hans","fnv1a64:df415823535ac40f","decision.workflow.stages.stage_08_person_mode","workflow.stages | choice | v2.fact.workflow.stages.v1","该步骤的处理人应如何决定？","选择此步骤如何找到处理人：每次使用同一电子邮件、员工目录中的职位、申请内填写的电子邮件，或稍后才指派人选。","","fixed_email: 指定电子邮件地址 | directory_role: 员工目录中的职位 | request_field: 申请内填写的电子邮件 | assigned_later: 稍后指派","approved","","","","",""
"question","v2.workflow.stages.stage_08_person_detail","v2.2","en","fnv1a64:df415823535ac40f","decision.workflow.stages.stage_08_person_detail","workflow.stages | short_text | v2.fact.workflow.stages.v1","Please give the email address, job role, or request field for that person.","Give the one detail needed for the option you just chose. If a person will be chosen later, this question will not appear.","","","approved","","","","",""
"question_prompt_variant","v2.workflow.stages.stage_08_person_detail#fixed_email","v2.2","en","fnv1a64:df415823535ac40f","decision.workflow.stages.stage_08_person_mode | fixed_email","workflow.stages | resolver-specific visible prompt","What fixed email address should receive this step?","","","","approved","","","","",""
"question_prompt_variant","v2.workflow.stages.stage_08_person_detail#directory_role","v2.2","en","fnv1a64:df415823535ac40f","decision.workflow.stages.stage_08_person_mode | directory_role","workflow.stages | resolver-specific visible prompt","Which job role in the staff directory should receive this step?","","","","approved","","","","",""
"question_prompt_variant","v2.workflow.stages.stage_08_person_detail#request_field","v2.2","en","fnv1a64:df415823535ac40f","decision.workflow.stages.stage_08_person_mode | request_field","workflow.stages | resolver-specific visible prompt","Which request field will contain this person's email address?","","","","approved","","","","",""
"question","v2.workflow.stages.stage_08_person_detail","v2.2","zh-Hant","fnv1a64:df415823535ac40f","decision.workflow.stages.stage_08_person_detail","workflow.stages | short_text | v2.fact.workflow.stages.v1","請提供該人士的電郵地址、職位或申請欄位。","請提供剛才所選方式所需的一項資料。若選擇稍後指派人選，便不會看到此問題。","","","approved","","","","",""
"question_prompt_variant","v2.workflow.stages.stage_08_person_detail#fixed_email","v2.2","zh-Hant","fnv1a64:df415823535ac40f","decision.workflow.stages.stage_08_person_mode | fixed_email","workflow.stages | resolver-specific visible prompt","此步驟應交給哪個指定電郵地址？","","","","approved","","","","",""
"question_prompt_variant","v2.workflow.stages.stage_08_person_detail#directory_role","v2.2","zh-Hant","fnv1a64:df415823535ac40f","decision.workflow.stages.stage_08_person_mode | directory_role","workflow.stages | resolver-specific visible prompt","此步驟應交給員工目錄中的哪個職位？","","","","approved","","","","",""
"question_prompt_variant","v2.workflow.stages.stage_08_person_detail#request_field","v2.2","zh-Hant","fnv1a64:df415823535ac40f","decision.workflow.stages.stage_08_person_mode | request_field","workflow.stages | resolver-specific visible prompt","哪個申請欄位會填寫此人的電郵地址？","","","","approved","","","","",""
"question","v2.workflow.stages.stage_08_person_detail","v2.2","zh-Hans","fnv1a64:df415823535ac40f","decision.workflow.stages.stage_08_person_detail","workflow.stages | short_text | v2.fact.workflow.stages.v1","请提供该人员的电子邮件地址、职位或申请字段。","请提供刚才所选方式所需的一项资料。若选择稍后指派人选，便不会看到此问题。","","","approved","","","","",""
"question_prompt_variant","v2.workflow.stages.stage_08_person_detail#fixed_email","v2.2","zh-Hans","fnv1a64:df415823535ac40f","decision.workflow.stages.stage_08_person_mode | fixed_email","workflow.stages | resolver-specific visible prompt","此步骤应交给哪个指定电子邮件地址？","","","","approved","","","","",""
"question_prompt_variant","v2.workflow.stages.stage_08_person_detail#directory_role","v2.2","zh-Hans","fnv1a64:df415823535ac40f","decision.workflow.stages.stage_08_person_mode | directory_role","workflow.stages | resolver-specific visible prompt","此步骤应交给员工目录中的哪个职位？","","","","approved","","","","",""
"question_prompt_variant","v2.workflow.stages.stage_08_person_detail#request_field","v2.2","zh-Hans","fnv1a64:df415823535ac40f","decision.workflow.stages.stage_08_person_mode | request_field","workflow.stages | resolver-specific visible prompt","哪个申请字段会填写此人的电子邮件地址？","","","","approved","","","","",""
"question","v2.workflow.stages.add_another_08","v2.2","en","fnv1a64:df415823535ac40f","decision.workflow.stages.add_another_08","workflow.stages | choice | v2.fact.workflow.stages.v1","Do you need another step?","Choose Yes only if the request needs another separate action after this one. Choose No when the sequence is complete.","","yes: Yes | no: No","approved","","","","",""
"question","v2.workflow.stages.add_another_08","v2.2","zh-Hant","fnv1a64:df415823535ac40f","decision.workflow.stages.add_another_08","workflow.stages | choice | v2.fact.workflow.stages.v1","是否還需要另一個步驟？","只有此步驟後仍需要另一項獨立工作才選「是」。次序完整時請選「否」。","","yes: 是 | no: 否","approved","","","","",""
"question","v2.workflow.stages.add_another_08","v2.2","zh-Hans","fnv1a64:df415823535ac40f","decision.workflow.stages.add_another_08","workflow.stages | choice | v2.fact.workflow.stages.v1","是否还需要另一个步骤？","只有此步骤后仍需要另一项独立工作才选“是”。顺序完整时请选择“否”。","","yes: 是 | no: 否","approved","","","","",""
"question","v2.workflow.stages.stage_09_name","v2.2","en","fnv1a64:df415823535ac40f","decision.workflow.stages.stage_09_name","workflow.stages | short_text | v2.fact.workflow.stages.v1","What is the next step?","Describe one action in order, such as ‘Manager checks the request’ or ‘Finance approves payment’. Do not combine several actions in one step.","","","approved","","","","",""
"question","v2.workflow.stages.stage_09_name","v2.2","zh-Hant","fnv1a64:df415823535ac40f","decision.workflow.stages.stage_09_name","workflow.stages | short_text | v2.fact.workflow.stages.v1","下一個步驟是甚麼？","按次序描述一項工作，例如「經理檢查申請」或「財務批准付款」。不要把多項工作合併成一步。","","","approved","","","","",""
"question","v2.workflow.stages.stage_09_name","v2.2","zh-Hans","fnv1a64:df415823535ac40f","decision.workflow.stages.stage_09_name","workflow.stages | short_text | v2.fact.workflow.stages.v1","下一个步骤是什么？","按顺序描述一项工作，例如“经理检查申请”或“财务批准付款”。不要把多项工作合并成一步。","","","approved","","","","",""
"question","v2.workflow.stages.stage_09_person_mode","v2.2","en","fnv1a64:df415823535ac40f","decision.workflow.stages.stage_09_person_mode","workflow.stages | choice | v2.fact.workflow.stages.v1","How should we choose the person for that step?","Choose how this step finds its person: the same email every time, a job role in the staff directory, an email entered on the request, or a person chosen later.","","fixed_email: A fixed email address | directory_role: A job role from the staff directory | request_field: An email entered in the request | assigned_later: Assigned later","approved","","","","",""
"question","v2.workflow.stages.stage_09_person_mode","v2.2","zh-Hant","fnv1a64:df415823535ac40f","decision.workflow.stages.stage_09_person_mode","workflow.stages | choice | v2.fact.workflow.stages.v1","該步驟的處理人應如何決定？","選擇此步驟如何找到處理人：每次使用同一電郵、員工目錄中的職位、申請內填寫的電郵，或稍後才指派人選。","","fixed_email: 指定電郵地址 | directory_role: 員工目錄中的職位 | request_field: 申請內填寫的電郵 | assigned_later: 稍後指派","approved","","","","",""
"question","v2.workflow.stages.stage_09_person_mode","v2.2","zh-Hans","fnv1a64:df415823535ac40f","decision.workflow.stages.stage_09_person_mode","workflow.stages | choice | v2.fact.workflow.stages.v1","该步骤的处理人应如何决定？","选择此步骤如何找到处理人：每次使用同一电子邮件、员工目录中的职位、申请内填写的电子邮件，或稍后才指派人选。","","fixed_email: 指定电子邮件地址 | directory_role: 员工目录中的职位 | request_field: 申请内填写的电子邮件 | assigned_later: 稍后指派","approved","","","","",""
"question","v2.workflow.stages.stage_09_person_detail","v2.2","en","fnv1a64:df415823535ac40f","decision.workflow.stages.stage_09_person_detail","workflow.stages | short_text | v2.fact.workflow.stages.v1","Please give the email address, job role, or request field for that person.","Give the one detail needed for the option you just chose. If a person will be chosen later, this question will not appear.","","","approved","","","","",""
"question_prompt_variant","v2.workflow.stages.stage_09_person_detail#fixed_email","v2.2","en","fnv1a64:df415823535ac40f","decision.workflow.stages.stage_09_person_mode | fixed_email","workflow.stages | resolver-specific visible prompt","What fixed email address should receive this step?","","","","approved","","","","",""
"question_prompt_variant","v2.workflow.stages.stage_09_person_detail#directory_role","v2.2","en","fnv1a64:df415823535ac40f","decision.workflow.stages.stage_09_person_mode | directory_role","workflow.stages | resolver-specific visible prompt","Which job role in the staff directory should receive this step?","","","","approved","","","","",""
"question_prompt_variant","v2.workflow.stages.stage_09_person_detail#request_field","v2.2","en","fnv1a64:df415823535ac40f","decision.workflow.stages.stage_09_person_mode | request_field","workflow.stages | resolver-specific visible prompt","Which request field will contain this person's email address?","","","","approved","","","","",""
"question","v2.workflow.stages.stage_09_person_detail","v2.2","zh-Hant","fnv1a64:df415823535ac40f","decision.workflow.stages.stage_09_person_detail","workflow.stages | short_text | v2.fact.workflow.stages.v1","請提供該人士的電郵地址、職位或申請欄位。","請提供剛才所選方式所需的一項資料。若選擇稍後指派人選，便不會看到此問題。","","","approved","","","","",""
"question_prompt_variant","v2.workflow.stages.stage_09_person_detail#fixed_email","v2.2","zh-Hant","fnv1a64:df415823535ac40f","decision.workflow.stages.stage_09_person_mode | fixed_email","workflow.stages | resolver-specific visible prompt","此步驟應交給哪個指定電郵地址？","","","","approved","","","","",""
"question_prompt_variant","v2.workflow.stages.stage_09_person_detail#directory_role","v2.2","zh-Hant","fnv1a64:df415823535ac40f","decision.workflow.stages.stage_09_person_mode | directory_role","workflow.stages | resolver-specific visible prompt","此步驟應交給員工目錄中的哪個職位？","","","","approved","","","","",""
"question_prompt_variant","v2.workflow.stages.stage_09_person_detail#request_field","v2.2","zh-Hant","fnv1a64:df415823535ac40f","decision.workflow.stages.stage_09_person_mode | request_field","workflow.stages | resolver-specific visible prompt","哪個申請欄位會填寫此人的電郵地址？","","","","approved","","","","",""
"question","v2.workflow.stages.stage_09_person_detail","v2.2","zh-Hans","fnv1a64:df415823535ac40f","decision.workflow.stages.stage_09_person_detail","workflow.stages | short_text | v2.fact.workflow.stages.v1","请提供该人员的电子邮件地址、职位或申请字段。","请提供刚才所选方式所需的一项资料。若选择稍后指派人选，便不会看到此问题。","","","approved","","","","",""
"question_prompt_variant","v2.workflow.stages.stage_09_person_detail#fixed_email","v2.2","zh-Hans","fnv1a64:df415823535ac40f","decision.workflow.stages.stage_09_person_mode | fixed_email","workflow.stages | resolver-specific visible prompt","此步骤应交给哪个指定电子邮件地址？","","","","approved","","","","",""
"question_prompt_variant","v2.workflow.stages.stage_09_person_detail#directory_role","v2.2","zh-Hans","fnv1a64:df415823535ac40f","decision.workflow.stages.stage_09_person_mode | directory_role","workflow.stages | resolver-specific visible prompt","此步骤应交给员工目录中的哪个职位？","","","","approved","","","","",""
"question_prompt_variant","v2.workflow.stages.stage_09_person_detail#request_field","v2.2","zh-Hans","fnv1a64:df415823535ac40f","decision.workflow.stages.stage_09_person_mode | request_field","workflow.stages | resolver-specific visible prompt","哪个申请字段会填写此人的电子邮件地址？","","","","approved","","","","",""
"question","v2.workflow.stages.add_another_09","v2.2","en","fnv1a64:df415823535ac40f","decision.workflow.stages.add_another_09","workflow.stages | choice | v2.fact.workflow.stages.v1","Do you need another step?","Choose Yes only if the request needs another separate action after this one. Choose No when the sequence is complete.","","yes: Yes | no: No","approved","","","","",""
"question","v2.workflow.stages.add_another_09","v2.2","zh-Hant","fnv1a64:df415823535ac40f","decision.workflow.stages.add_another_09","workflow.stages | choice | v2.fact.workflow.stages.v1","是否還需要另一個步驟？","只有此步驟後仍需要另一項獨立工作才選「是」。次序完整時請選「否」。","","yes: 是 | no: 否","approved","","","","",""
"question","v2.workflow.stages.add_another_09","v2.2","zh-Hans","fnv1a64:df415823535ac40f","decision.workflow.stages.add_another_09","workflow.stages | choice | v2.fact.workflow.stages.v1","是否还需要另一个步骤？","只有此步骤后仍需要另一项独立工作才选“是”。顺序完整时请选择“否”。","","yes: 是 | no: 否","approved","","","","",""
"question","v2.workflow.stages.stage_10_name","v2.2","en","fnv1a64:df415823535ac40f","decision.workflow.stages.stage_10_name","workflow.stages | short_text | v2.fact.workflow.stages.v1","What is the next step?","Describe one action in order, such as ‘Manager checks the request’ or ‘Finance approves payment’. Do not combine several actions in one step.","","","approved","","","","",""
"question","v2.workflow.stages.stage_10_name","v2.2","zh-Hant","fnv1a64:df415823535ac40f","decision.workflow.stages.stage_10_name","workflow.stages | short_text | v2.fact.workflow.stages.v1","下一個步驟是甚麼？","按次序描述一項工作，例如「經理檢查申請」或「財務批准付款」。不要把多項工作合併成一步。","","","approved","","","","",""
"question","v2.workflow.stages.stage_10_name","v2.2","zh-Hans","fnv1a64:df415823535ac40f","decision.workflow.stages.stage_10_name","workflow.stages | short_text | v2.fact.workflow.stages.v1","下一个步骤是什么？","按顺序描述一项工作，例如“经理检查申请”或“财务批准付款”。不要把多项工作合并成一步。","","","approved","","","","",""
"question","v2.workflow.stages.stage_10_person_mode","v2.2","en","fnv1a64:df415823535ac40f","decision.workflow.stages.stage_10_person_mode","workflow.stages | choice | v2.fact.workflow.stages.v1","How should we choose the person for that step?","Choose how this step finds its person: the same email every time, a job role in the staff directory, an email entered on the request, or a person chosen later.","","fixed_email: A fixed email address | directory_role: A job role from the staff directory | request_field: An email entered in the request | assigned_later: Assigned later","approved","","","","",""
"question","v2.workflow.stages.stage_10_person_mode","v2.2","zh-Hant","fnv1a64:df415823535ac40f","decision.workflow.stages.stage_10_person_mode","workflow.stages | choice | v2.fact.workflow.stages.v1","該步驟的處理人應如何決定？","選擇此步驟如何找到處理人：每次使用同一電郵、員工目錄中的職位、申請內填寫的電郵，或稍後才指派人選。","","fixed_email: 指定電郵地址 | directory_role: 員工目錄中的職位 | request_field: 申請內填寫的電郵 | assigned_later: 稍後指派","approved","","","","",""
"question","v2.workflow.stages.stage_10_person_mode","v2.2","zh-Hans","fnv1a64:df415823535ac40f","decision.workflow.stages.stage_10_person_mode","workflow.stages | choice | v2.fact.workflow.stages.v1","该步骤的处理人应如何决定？","选择此步骤如何找到处理人：每次使用同一电子邮件、员工目录中的职位、申请内填写的电子邮件，或稍后才指派人选。","","fixed_email: 指定电子邮件地址 | directory_role: 员工目录中的职位 | request_field: 申请内填写的电子邮件 | assigned_later: 稍后指派","approved","","","","",""
"question","v2.workflow.stages.stage_10_person_detail","v2.2","en","fnv1a64:df415823535ac40f","decision.workflow.stages.stage_10_person_detail","workflow.stages | short_text | v2.fact.workflow.stages.v1","Please give the email address, job role, or request field for that person.","Give the one detail needed for the option you just chose. If a person will be chosen later, this question will not appear.","","","approved","","","","",""
"question_prompt_variant","v2.workflow.stages.stage_10_person_detail#fixed_email","v2.2","en","fnv1a64:df415823535ac40f","decision.workflow.stages.stage_10_person_mode | fixed_email","workflow.stages | resolver-specific visible prompt","What fixed email address should receive this step?","","","","approved","","","","",""
"question_prompt_variant","v2.workflow.stages.stage_10_person_detail#directory_role","v2.2","en","fnv1a64:df415823535ac40f","decision.workflow.stages.stage_10_person_mode | directory_role","workflow.stages | resolver-specific visible prompt","Which job role in the staff directory should receive this step?","","","","approved","","","","",""
"question_prompt_variant","v2.workflow.stages.stage_10_person_detail#request_field","v2.2","en","fnv1a64:df415823535ac40f","decision.workflow.stages.stage_10_person_mode | request_field","workflow.stages | resolver-specific visible prompt","Which request field will contain this person's email address?","","","","approved","","","","",""
"question","v2.workflow.stages.stage_10_person_detail","v2.2","zh-Hant","fnv1a64:df415823535ac40f","decision.workflow.stages.stage_10_person_detail","workflow.stages | short_text | v2.fact.workflow.stages.v1","請提供該人士的電郵地址、職位或申請欄位。","請提供剛才所選方式所需的一項資料。若選擇稍後指派人選，便不會看到此問題。","","","approved","","","","",""
"question_prompt_variant","v2.workflow.stages.stage_10_person_detail#fixed_email","v2.2","zh-Hant","fnv1a64:df415823535ac40f","decision.workflow.stages.stage_10_person_mode | fixed_email","workflow.stages | resolver-specific visible prompt","此步驟應交給哪個指定電郵地址？","","","","approved","","","","",""
"question_prompt_variant","v2.workflow.stages.stage_10_person_detail#directory_role","v2.2","zh-Hant","fnv1a64:df415823535ac40f","decision.workflow.stages.stage_10_person_mode | directory_role","workflow.stages | resolver-specific visible prompt","此步驟應交給員工目錄中的哪個職位？","","","","approved","","","","",""
"question_prompt_variant","v2.workflow.stages.stage_10_person_detail#request_field","v2.2","zh-Hant","fnv1a64:df415823535ac40f","decision.workflow.stages.stage_10_person_mode | request_field","workflow.stages | resolver-specific visible prompt","哪個申請欄位會填寫此人的電郵地址？","","","","approved","","","","",""
"question","v2.workflow.stages.stage_10_person_detail","v2.2","zh-Hans","fnv1a64:df415823535ac40f","decision.workflow.stages.stage_10_person_detail","workflow.stages | short_text | v2.fact.workflow.stages.v1","请提供该人员的电子邮件地址、职位或申请字段。","请提供刚才所选方式所需的一项资料。若选择稍后指派人选，便不会看到此问题。","","","approved","","","","",""
"question_prompt_variant","v2.workflow.stages.stage_10_person_detail#fixed_email","v2.2","zh-Hans","fnv1a64:df415823535ac40f","decision.workflow.stages.stage_10_person_mode | fixed_email","workflow.stages | resolver-specific visible prompt","此步骤应交给哪个指定电子邮件地址？","","","","approved","","","","",""
"question_prompt_variant","v2.workflow.stages.stage_10_person_detail#directory_role","v2.2","zh-Hans","fnv1a64:df415823535ac40f","decision.workflow.stages.stage_10_person_mode | directory_role","workflow.stages | resolver-specific visible prompt","此步骤应交给员工目录中的哪个职位？","","","","approved","","","","",""
"question_prompt_variant","v2.workflow.stages.stage_10_person_detail#request_field","v2.2","zh-Hans","fnv1a64:df415823535ac40f","decision.workflow.stages.stage_10_person_mode | request_field","workflow.stages | resolver-specific visible prompt","哪个申请字段会填写此人的电子邮件地址？","","","","approved","","","","",""
"question","v2.workflow.stages.add_another_10","v2.2","en","fnv1a64:df415823535ac40f","decision.workflow.stages.add_another_10","workflow.stages | choice | v2.fact.workflow.stages.v1","Do you need another step?","Choose Yes only if the request needs another separate action after this one. Choose No when the sequence is complete.","","yes: Yes | no: No","approved","","","","",""
"question","v2.workflow.stages.add_another_10","v2.2","zh-Hant","fnv1a64:df415823535ac40f","decision.workflow.stages.add_another_10","workflow.stages | choice | v2.fact.workflow.stages.v1","是否還需要另一個步驟？","只有此步驟後仍需要另一項獨立工作才選「是」。次序完整時請選「否」。","","yes: 是 | no: 否","approved","","","","",""
"question","v2.workflow.stages.add_another_10","v2.2","zh-Hans","fnv1a64:df415823535ac40f","decision.workflow.stages.add_another_10","workflow.stages | choice | v2.fact.workflow.stages.v1","是否还需要另一个步骤？","只有此步骤后仍需要另一项独立工作才选“是”。顺序完整时请选择“否”。","","yes: 是 | no: 否","approved","","","","",""
"question","v2.workflow.stages.stage_11_name","v2.2","en","fnv1a64:df415823535ac40f","decision.workflow.stages.stage_11_name","workflow.stages | short_text | v2.fact.workflow.stages.v1","What is the next step?","Describe one action in order, such as ‘Manager checks the request’ or ‘Finance approves payment’. Do not combine several actions in one step.","","","approved","","","","",""
"question","v2.workflow.stages.stage_11_name","v2.2","zh-Hant","fnv1a64:df415823535ac40f","decision.workflow.stages.stage_11_name","workflow.stages | short_text | v2.fact.workflow.stages.v1","下一個步驟是甚麼？","按次序描述一項工作，例如「經理檢查申請」或「財務批准付款」。不要把多項工作合併成一步。","","","approved","","","","",""
"question","v2.workflow.stages.stage_11_name","v2.2","zh-Hans","fnv1a64:df415823535ac40f","decision.workflow.stages.stage_11_name","workflow.stages | short_text | v2.fact.workflow.stages.v1","下一个步骤是什么？","按顺序描述一项工作，例如“经理检查申请”或“财务批准付款”。不要把多项工作合并成一步。","","","approved","","","","",""
"question","v2.workflow.stages.stage_11_person_mode","v2.2","en","fnv1a64:df415823535ac40f","decision.workflow.stages.stage_11_person_mode","workflow.stages | choice | v2.fact.workflow.stages.v1","How should we choose the person for that step?","Choose how this step finds its person: the same email every time, a job role in the staff directory, an email entered on the request, or a person chosen later.","","fixed_email: A fixed email address | directory_role: A job role from the staff directory | request_field: An email entered in the request | assigned_later: Assigned later","approved","","","","",""
"question","v2.workflow.stages.stage_11_person_mode","v2.2","zh-Hant","fnv1a64:df415823535ac40f","decision.workflow.stages.stage_11_person_mode","workflow.stages | choice | v2.fact.workflow.stages.v1","該步驟的處理人應如何決定？","選擇此步驟如何找到處理人：每次使用同一電郵、員工目錄中的職位、申請內填寫的電郵，或稍後才指派人選。","","fixed_email: 指定電郵地址 | directory_role: 員工目錄中的職位 | request_field: 申請內填寫的電郵 | assigned_later: 稍後指派","approved","","","","",""
"question","v2.workflow.stages.stage_11_person_mode","v2.2","zh-Hans","fnv1a64:df415823535ac40f","decision.workflow.stages.stage_11_person_mode","workflow.stages | choice | v2.fact.workflow.stages.v1","该步骤的处理人应如何决定？","选择此步骤如何找到处理人：每次使用同一电子邮件、员工目录中的职位、申请内填写的电子邮件，或稍后才指派人选。","","fixed_email: 指定电子邮件地址 | directory_role: 员工目录中的职位 | request_field: 申请内填写的电子邮件 | assigned_later: 稍后指派","approved","","","","",""
"question","v2.workflow.stages.stage_11_person_detail","v2.2","en","fnv1a64:df415823535ac40f","decision.workflow.stages.stage_11_person_detail","workflow.stages | short_text | v2.fact.workflow.stages.v1","Please give the email address, job role, or request field for that person.","Give the one detail needed for the option you just chose. If a person will be chosen later, this question will not appear.","","","approved","","","","",""
"question_prompt_variant","v2.workflow.stages.stage_11_person_detail#fixed_email","v2.2","en","fnv1a64:df415823535ac40f","decision.workflow.stages.stage_11_person_mode | fixed_email","workflow.stages | resolver-specific visible prompt","What fixed email address should receive this step?","","","","approved","","","","",""
"question_prompt_variant","v2.workflow.stages.stage_11_person_detail#directory_role","v2.2","en","fnv1a64:df415823535ac40f","decision.workflow.stages.stage_11_person_mode | directory_role","workflow.stages | resolver-specific visible prompt","Which job role in the staff directory should receive this step?","","","","approved","","","","",""
"question_prompt_variant","v2.workflow.stages.stage_11_person_detail#request_field","v2.2","en","fnv1a64:df415823535ac40f","decision.workflow.stages.stage_11_person_mode | request_field","workflow.stages | resolver-specific visible prompt","Which request field will contain this person's email address?","","","","approved","","","","",""
"question","v2.workflow.stages.stage_11_person_detail","v2.2","zh-Hant","fnv1a64:df415823535ac40f","decision.workflow.stages.stage_11_person_detail","workflow.stages | short_text | v2.fact.workflow.stages.v1","請提供該人士的電郵地址、職位或申請欄位。","請提供剛才所選方式所需的一項資料。若選擇稍後指派人選，便不會看到此問題。","","","approved","","","","",""
"question_prompt_variant","v2.workflow.stages.stage_11_person_detail#fixed_email","v2.2","zh-Hant","fnv1a64:df415823535ac40f","decision.workflow.stages.stage_11_person_mode | fixed_email","workflow.stages | resolver-specific visible prompt","此步驟應交給哪個指定電郵地址？","","","","approved","","","","",""
"question_prompt_variant","v2.workflow.stages.stage_11_person_detail#directory_role","v2.2","zh-Hant","fnv1a64:df415823535ac40f","decision.workflow.stages.stage_11_person_mode | directory_role","workflow.stages | resolver-specific visible prompt","此步驟應交給員工目錄中的哪個職位？","","","","approved","","","","",""
"question_prompt_variant","v2.workflow.stages.stage_11_person_detail#request_field","v2.2","zh-Hant","fnv1a64:df415823535ac40f","decision.workflow.stages.stage_11_person_mode | request_field","workflow.stages | resolver-specific visible prompt","哪個申請欄位會填寫此人的電郵地址？","","","","approved","","","","",""
"question","v2.workflow.stages.stage_11_person_detail","v2.2","zh-Hans","fnv1a64:df415823535ac40f","decision.workflow.stages.stage_11_person_detail","workflow.stages | short_text | v2.fact.workflow.stages.v1","请提供该人员的电子邮件地址、职位或申请字段。","请提供刚才所选方式所需的一项资料。若选择稍后指派人选，便不会看到此问题。","","","approved","","","","",""
"question_prompt_variant","v2.workflow.stages.stage_11_person_detail#fixed_email","v2.2","zh-Hans","fnv1a64:df415823535ac40f","decision.workflow.stages.stage_11_person_mode | fixed_email","workflow.stages | resolver-specific visible prompt","此步骤应交给哪个指定电子邮件地址？","","","","approved","","","","",""
"question_prompt_variant","v2.workflow.stages.stage_11_person_detail#directory_role","v2.2","zh-Hans","fnv1a64:df415823535ac40f","decision.workflow.stages.stage_11_person_mode | directory_role","workflow.stages | resolver-specific visible prompt","此步骤应交给员工目录中的哪个职位？","","","","approved","","","","",""
"question_prompt_variant","v2.workflow.stages.stage_11_person_detail#request_field","v2.2","zh-Hans","fnv1a64:df415823535ac40f","decision.workflow.stages.stage_11_person_mode | request_field","workflow.stages | resolver-specific visible prompt","哪个申请字段会填写此人的电子邮件地址？","","","","approved","","","","",""
"question","v2.workflow.stages.add_another_11","v2.2","en","fnv1a64:df415823535ac40f","decision.workflow.stages.add_another_11","workflow.stages | choice | v2.fact.workflow.stages.v1","Do you need another step?","Choose Yes only if the request needs another separate action after this one. Choose No when the sequence is complete.","","yes: Yes | no: No","approved","","","","",""
"question","v2.workflow.stages.add_another_11","v2.2","zh-Hant","fnv1a64:df415823535ac40f","decision.workflow.stages.add_another_11","workflow.stages | choice | v2.fact.workflow.stages.v1","是否還需要另一個步驟？","只有此步驟後仍需要另一項獨立工作才選「是」。次序完整時請選「否」。","","yes: 是 | no: 否","approved","","","","",""
"question","v2.workflow.stages.add_another_11","v2.2","zh-Hans","fnv1a64:df415823535ac40f","decision.workflow.stages.add_another_11","workflow.stages | choice | v2.fact.workflow.stages.v1","是否还需要另一个步骤？","只有此步骤后仍需要另一项独立工作才选“是”。顺序完整时请选择“否”。","","yes: 是 | no: 否","approved","","","","",""
"question","v2.workflow.stages.stage_12_name","v2.2","en","fnv1a64:df415823535ac40f","decision.workflow.stages.stage_12_name","workflow.stages | short_text | v2.fact.workflow.stages.v1","What is the next step?","Describe one action in order, such as ‘Manager checks the request’ or ‘Finance approves payment’. Do not combine several actions in one step.","","","approved","","","","",""
"question","v2.workflow.stages.stage_12_name","v2.2","zh-Hant","fnv1a64:df415823535ac40f","decision.workflow.stages.stage_12_name","workflow.stages | short_text | v2.fact.workflow.stages.v1","下一個步驟是甚麼？","按次序描述一項工作，例如「經理檢查申請」或「財務批准付款」。不要把多項工作合併成一步。","","","approved","","","","",""
"question","v2.workflow.stages.stage_12_name","v2.2","zh-Hans","fnv1a64:df415823535ac40f","decision.workflow.stages.stage_12_name","workflow.stages | short_text | v2.fact.workflow.stages.v1","下一个步骤是什么？","按顺序描述一项工作，例如“经理检查申请”或“财务批准付款”。不要把多项工作合并成一步。","","","approved","","","","",""
"question","v2.workflow.stages.stage_12_person_mode","v2.2","en","fnv1a64:df415823535ac40f","decision.workflow.stages.stage_12_person_mode","workflow.stages | choice | v2.fact.workflow.stages.v1","How should we choose the person for that step?","Choose how this step finds its person: the same email every time, a job role in the staff directory, an email entered on the request, or a person chosen later.","","fixed_email: A fixed email address | directory_role: A job role from the staff directory | request_field: An email entered in the request | assigned_later: Assigned later","approved","","","","",""
"question","v2.workflow.stages.stage_12_person_mode","v2.2","zh-Hant","fnv1a64:df415823535ac40f","decision.workflow.stages.stage_12_person_mode","workflow.stages | choice | v2.fact.workflow.stages.v1","該步驟的處理人應如何決定？","選擇此步驟如何找到處理人：每次使用同一電郵、員工目錄中的職位、申請內填寫的電郵，或稍後才指派人選。","","fixed_email: 指定電郵地址 | directory_role: 員工目錄中的職位 | request_field: 申請內填寫的電郵 | assigned_later: 稍後指派","approved","","","","",""
"question","v2.workflow.stages.stage_12_person_mode","v2.2","zh-Hans","fnv1a64:df415823535ac40f","decision.workflow.stages.stage_12_person_mode","workflow.stages | choice | v2.fact.workflow.stages.v1","该步骤的处理人应如何决定？","选择此步骤如何找到处理人：每次使用同一电子邮件、员工目录中的职位、申请内填写的电子邮件，或稍后才指派人选。","","fixed_email: 指定电子邮件地址 | directory_role: 员工目录中的职位 | request_field: 申请内填写的电子邮件 | assigned_later: 稍后指派","approved","","","","",""
"question","v2.workflow.stages.stage_12_person_detail","v2.2","en","fnv1a64:df415823535ac40f","decision.workflow.stages.stage_12_person_detail","workflow.stages | short_text | v2.fact.workflow.stages.v1","Please give the email address, job role, or request field for that person.","Give the one detail needed for the option you just chose. If a person will be chosen later, this question will not appear.","","","approved","","","","",""
"question_prompt_variant","v2.workflow.stages.stage_12_person_detail#fixed_email","v2.2","en","fnv1a64:df415823535ac40f","decision.workflow.stages.stage_12_person_mode | fixed_email","workflow.stages | resolver-specific visible prompt","What fixed email address should receive this step?","","","","approved","","","","",""
"question_prompt_variant","v2.workflow.stages.stage_12_person_detail#directory_role","v2.2","en","fnv1a64:df415823535ac40f","decision.workflow.stages.stage_12_person_mode | directory_role","workflow.stages | resolver-specific visible prompt","Which job role in the staff directory should receive this step?","","","","approved","","","","",""
"question_prompt_variant","v2.workflow.stages.stage_12_person_detail#request_field","v2.2","en","fnv1a64:df415823535ac40f","decision.workflow.stages.stage_12_person_mode | request_field","workflow.stages | resolver-specific visible prompt","Which request field will contain this person's email address?","","","","approved","","","","",""
"question","v2.workflow.stages.stage_12_person_detail","v2.2","zh-Hant","fnv1a64:df415823535ac40f","decision.workflow.stages.stage_12_person_detail","workflow.stages | short_text | v2.fact.workflow.stages.v1","請提供該人士的電郵地址、職位或申請欄位。","請提供剛才所選方式所需的一項資料。若選擇稍後指派人選，便不會看到此問題。","","","approved","","","","",""
"question_prompt_variant","v2.workflow.stages.stage_12_person_detail#fixed_email","v2.2","zh-Hant","fnv1a64:df415823535ac40f","decision.workflow.stages.stage_12_person_mode | fixed_email","workflow.stages | resolver-specific visible prompt","此步驟應交給哪個指定電郵地址？","","","","approved","","","","",""
"question_prompt_variant","v2.workflow.stages.stage_12_person_detail#directory_role","v2.2","zh-Hant","fnv1a64:df415823535ac40f","decision.workflow.stages.stage_12_person_mode | directory_role","workflow.stages | resolver-specific visible prompt","此步驟應交給員工目錄中的哪個職位？","","","","approved","","","","",""
"question_prompt_variant","v2.workflow.stages.stage_12_person_detail#request_field","v2.2","zh-Hant","fnv1a64:df415823535ac40f","decision.workflow.stages.stage_12_person_mode | request_field","workflow.stages | resolver-specific visible prompt","哪個申請欄位會填寫此人的電郵地址？","","","","approved","","","","",""
"question","v2.workflow.stages.stage_12_person_detail","v2.2","zh-Hans","fnv1a64:df415823535ac40f","decision.workflow.stages.stage_12_person_detail","workflow.stages | short_text | v2.fact.workflow.stages.v1","请提供该人员的电子邮件地址、职位或申请字段。","请提供刚才所选方式所需的一项资料。若选择稍后指派人选，便不会看到此问题。","","","approved","","","","",""
"question_prompt_variant","v2.workflow.stages.stage_12_person_detail#fixed_email","v2.2","zh-Hans","fnv1a64:df415823535ac40f","decision.workflow.stages.stage_12_person_mode | fixed_email","workflow.stages | resolver-specific visible prompt","此步骤应交给哪个指定电子邮件地址？","","","","approved","","","","",""
"question_prompt_variant","v2.workflow.stages.stage_12_person_detail#directory_role","v2.2","zh-Hans","fnv1a64:df415823535ac40f","decision.workflow.stages.stage_12_person_mode | directory_role","workflow.stages | resolver-specific visible prompt","此步骤应交给员工目录中的哪个职位？","","","","approved","","","","",""
"question_prompt_variant","v2.workflow.stages.stage_12_person_detail#request_field","v2.2","zh-Hans","fnv1a64:df415823535ac40f","decision.workflow.stages.stage_12_person_mode | request_field","workflow.stages | resolver-specific visible prompt","哪个申请字段会填写此人的电子邮件地址？","","","","approved","","","","",""
"question","v2.workflow.stages.add_another_12","v2.2","en","fnv1a64:df415823535ac40f","decision.workflow.stages.add_another_12","workflow.stages | choice | v2.fact.workflow.stages.v1","Do you need another step?","Choose Yes only if the request needs another separate action after this one. Choose No when the sequence is complete.","","yes: Yes | no: No","approved","","","","",""
"question","v2.workflow.stages.add_another_12","v2.2","zh-Hant","fnv1a64:df415823535ac40f","decision.workflow.stages.add_another_12","workflow.stages | choice | v2.fact.workflow.stages.v1","是否還需要另一個步驟？","只有此步驟後仍需要另一項獨立工作才選「是」。次序完整時請選「否」。","","yes: 是 | no: 否","approved","","","","",""
"question","v2.workflow.stages.add_another_12","v2.2","zh-Hans","fnv1a64:df415823535ac40f","decision.workflow.stages.add_another_12","workflow.stages | choice | v2.fact.workflow.stages.v1","是否还需要另一个步骤？","只有此步骤后仍需要另一项独立工作才选“是”。顺序完整时请选择“否”。","","yes: 是 | no: 否","approved","","","","",""
"question","v2.workflow.stages.stage_13_name","v2.2","en","fnv1a64:df415823535ac40f","decision.workflow.stages.stage_13_name","workflow.stages | short_text | v2.fact.workflow.stages.v1","What is the next step?","Describe one action in order, such as ‘Manager checks the request’ or ‘Finance approves payment’. Do not combine several actions in one step.","","","approved","","","","",""
"question","v2.workflow.stages.stage_13_name","v2.2","zh-Hant","fnv1a64:df415823535ac40f","decision.workflow.stages.stage_13_name","workflow.stages | short_text | v2.fact.workflow.stages.v1","下一個步驟是甚麼？","按次序描述一項工作，例如「經理檢查申請」或「財務批准付款」。不要把多項工作合併成一步。","","","approved","","","","",""
"question","v2.workflow.stages.stage_13_name","v2.2","zh-Hans","fnv1a64:df415823535ac40f","decision.workflow.stages.stage_13_name","workflow.stages | short_text | v2.fact.workflow.stages.v1","下一个步骤是什么？","按顺序描述一项工作，例如“经理检查申请”或“财务批准付款”。不要把多项工作合并成一步。","","","approved","","","","",""
"question","v2.workflow.stages.stage_13_person_mode","v2.2","en","fnv1a64:df415823535ac40f","decision.workflow.stages.stage_13_person_mode","workflow.stages | choice | v2.fact.workflow.stages.v1","How should we choose the person for that step?","Choose how this step finds its person: the same email every time, a job role in the staff directory, an email entered on the request, or a person chosen later.","","fixed_email: A fixed email address | directory_role: A job role from the staff directory | request_field: An email entered in the request | assigned_later: Assigned later","approved","","","","",""
"question","v2.workflow.stages.stage_13_person_mode","v2.2","zh-Hant","fnv1a64:df415823535ac40f","decision.workflow.stages.stage_13_person_mode","workflow.stages | choice | v2.fact.workflow.stages.v1","該步驟的處理人應如何決定？","選擇此步驟如何找到處理人：每次使用同一電郵、員工目錄中的職位、申請內填寫的電郵，或稍後才指派人選。","","fixed_email: 指定電郵地址 | directory_role: 員工目錄中的職位 | request_field: 申請內填寫的電郵 | assigned_later: 稍後指派","approved","","","","",""
"question","v2.workflow.stages.stage_13_person_mode","v2.2","zh-Hans","fnv1a64:df415823535ac40f","decision.workflow.stages.stage_13_person_mode","workflow.stages | choice | v2.fact.workflow.stages.v1","该步骤的处理人应如何决定？","选择此步骤如何找到处理人：每次使用同一电子邮件、员工目录中的职位、申请内填写的电子邮件，或稍后才指派人选。","","fixed_email: 指定电子邮件地址 | directory_role: 员工目录中的职位 | request_field: 申请内填写的电子邮件 | assigned_later: 稍后指派","approved","","","","",""
"question","v2.workflow.stages.stage_13_person_detail","v2.2","en","fnv1a64:df415823535ac40f","decision.workflow.stages.stage_13_person_detail","workflow.stages | short_text | v2.fact.workflow.stages.v1","Please give the email address, job role, or request field for that person.","Give the one detail needed for the option you just chose. If a person will be chosen later, this question will not appear.","","","approved","","","","",""
"question_prompt_variant","v2.workflow.stages.stage_13_person_detail#fixed_email","v2.2","en","fnv1a64:df415823535ac40f","decision.workflow.stages.stage_13_person_mode | fixed_email","workflow.stages | resolver-specific visible prompt","What fixed email address should receive this step?","","","","approved","","","","",""
"question_prompt_variant","v2.workflow.stages.stage_13_person_detail#directory_role","v2.2","en","fnv1a64:df415823535ac40f","decision.workflow.stages.stage_13_person_mode | directory_role","workflow.stages | resolver-specific visible prompt","Which job role in the staff directory should receive this step?","","","","approved","","","","",""
"question_prompt_variant","v2.workflow.stages.stage_13_person_detail#request_field","v2.2","en","fnv1a64:df415823535ac40f","decision.workflow.stages.stage_13_person_mode | request_field","workflow.stages | resolver-specific visible prompt","Which request field will contain this person's email address?","","","","approved","","","","",""
"question","v2.workflow.stages.stage_13_person_detail","v2.2","zh-Hant","fnv1a64:df415823535ac40f","decision.workflow.stages.stage_13_person_detail","workflow.stages | short_text | v2.fact.workflow.stages.v1","請提供該人士的電郵地址、職位或申請欄位。","請提供剛才所選方式所需的一項資料。若選擇稍後指派人選，便不會看到此問題。","","","approved","","","","",""
"question_prompt_variant","v2.workflow.stages.stage_13_person_detail#fixed_email","v2.2","zh-Hant","fnv1a64:df415823535ac40f","decision.workflow.stages.stage_13_person_mode | fixed_email","workflow.stages | resolver-specific visible prompt","此步驟應交給哪個指定電郵地址？","","","","approved","","","","",""
"question_prompt_variant","v2.workflow.stages.stage_13_person_detail#directory_role","v2.2","zh-Hant","fnv1a64:df415823535ac40f","decision.workflow.stages.stage_13_person_mode | directory_role","workflow.stages | resolver-specific visible prompt","此步驟應交給員工目錄中的哪個職位？","","","","approved","","","","",""
"question_prompt_variant","v2.workflow.stages.stage_13_person_detail#request_field","v2.2","zh-Hant","fnv1a64:df415823535ac40f","decision.workflow.stages.stage_13_person_mode | request_field","workflow.stages | resolver-specific visible prompt","哪個申請欄位會填寫此人的電郵地址？","","","","approved","","","","",""
"question","v2.workflow.stages.stage_13_person_detail","v2.2","zh-Hans","fnv1a64:df415823535ac40f","decision.workflow.stages.stage_13_person_detail","workflow.stages | short_text | v2.fact.workflow.stages.v1","请提供该人员的电子邮件地址、职位或申请字段。","请提供刚才所选方式所需的一项资料。若选择稍后指派人选，便不会看到此问题。","","","approved","","","","",""
"question_prompt_variant","v2.workflow.stages.stage_13_person_detail#fixed_email","v2.2","zh-Hans","fnv1a64:df415823535ac40f","decision.workflow.stages.stage_13_person_mode | fixed_email","workflow.stages | resolver-specific visible prompt","此步骤应交给哪个指定电子邮件地址？","","","","approved","","","","",""
"question_prompt_variant","v2.workflow.stages.stage_13_person_detail#directory_role","v2.2","zh-Hans","fnv1a64:df415823535ac40f","decision.workflow.stages.stage_13_person_mode | directory_role","workflow.stages | resolver-specific visible prompt","此步骤应交给员工目录中的哪个职位？","","","","approved","","","","",""
"question_prompt_variant","v2.workflow.stages.stage_13_person_detail#request_field","v2.2","zh-Hans","fnv1a64:df415823535ac40f","decision.workflow.stages.stage_13_person_mode | request_field","workflow.stages | resolver-specific visible prompt","哪个申请字段会填写此人的电子邮件地址？","","","","approved","","","","",""
"question","v2.workflow.stages.add_another_13","v2.2","en","fnv1a64:df415823535ac40f","decision.workflow.stages.add_another_13","workflow.stages | choice | v2.fact.workflow.stages.v1","Do you need another step?","Choose Yes only if the request needs another separate action after this one. Choose No when the sequence is complete.","","yes: Yes | no: No","approved","","","","",""
"question","v2.workflow.stages.add_another_13","v2.2","zh-Hant","fnv1a64:df415823535ac40f","decision.workflow.stages.add_another_13","workflow.stages | choice | v2.fact.workflow.stages.v1","是否還需要另一個步驟？","只有此步驟後仍需要另一項獨立工作才選「是」。次序完整時請選「否」。","","yes: 是 | no: 否","approved","","","","",""
"question","v2.workflow.stages.add_another_13","v2.2","zh-Hans","fnv1a64:df415823535ac40f","decision.workflow.stages.add_another_13","workflow.stages | choice | v2.fact.workflow.stages.v1","是否还需要另一个步骤？","只有此步骤后仍需要另一项独立工作才选“是”。顺序完整时请选择“否”。","","yes: 是 | no: 否","approved","","","","",""
"question","v2.workflow.stages.stage_14_name","v2.2","en","fnv1a64:df415823535ac40f","decision.workflow.stages.stage_14_name","workflow.stages | short_text | v2.fact.workflow.stages.v1","What is the next step?","Describe one action in order, such as ‘Manager checks the request’ or ‘Finance approves payment’. Do not combine several actions in one step.","","","approved","","","","",""
"question","v2.workflow.stages.stage_14_name","v2.2","zh-Hant","fnv1a64:df415823535ac40f","decision.workflow.stages.stage_14_name","workflow.stages | short_text | v2.fact.workflow.stages.v1","下一個步驟是甚麼？","按次序描述一項工作，例如「經理檢查申請」或「財務批准付款」。不要把多項工作合併成一步。","","","approved","","","","",""
"question","v2.workflow.stages.stage_14_name","v2.2","zh-Hans","fnv1a64:df415823535ac40f","decision.workflow.stages.stage_14_name","workflow.stages | short_text | v2.fact.workflow.stages.v1","下一个步骤是什么？","按顺序描述一项工作，例如“经理检查申请”或“财务批准付款”。不要把多项工作合并成一步。","","","approved","","","","",""
"question","v2.workflow.stages.stage_14_person_mode","v2.2","en","fnv1a64:df415823535ac40f","decision.workflow.stages.stage_14_person_mode","workflow.stages | choice | v2.fact.workflow.stages.v1","How should we choose the person for that step?","Choose how this step finds its person: the same email every time, a job role in the staff directory, an email entered on the request, or a person chosen later.","","fixed_email: A fixed email address | directory_role: A job role from the staff directory | request_field: An email entered in the request | assigned_later: Assigned later","approved","","","","",""
"question","v2.workflow.stages.stage_14_person_mode","v2.2","zh-Hant","fnv1a64:df415823535ac40f","decision.workflow.stages.stage_14_person_mode","workflow.stages | choice | v2.fact.workflow.stages.v1","該步驟的處理人應如何決定？","選擇此步驟如何找到處理人：每次使用同一電郵、員工目錄中的職位、申請內填寫的電郵，或稍後才指派人選。","","fixed_email: 指定電郵地址 | directory_role: 員工目錄中的職位 | request_field: 申請內填寫的電郵 | assigned_later: 稍後指派","approved","","","","",""
"question","v2.workflow.stages.stage_14_person_mode","v2.2","zh-Hans","fnv1a64:df415823535ac40f","decision.workflow.stages.stage_14_person_mode","workflow.stages | choice | v2.fact.workflow.stages.v1","该步骤的处理人应如何决定？","选择此步骤如何找到处理人：每次使用同一电子邮件、员工目录中的职位、申请内填写的电子邮件，或稍后才指派人选。","","fixed_email: 指定电子邮件地址 | directory_role: 员工目录中的职位 | request_field: 申请内填写的电子邮件 | assigned_later: 稍后指派","approved","","","","",""
"question","v2.workflow.stages.stage_14_person_detail","v2.2","en","fnv1a64:df415823535ac40f","decision.workflow.stages.stage_14_person_detail","workflow.stages | short_text | v2.fact.workflow.stages.v1","Please give the email address, job role, or request field for that person.","Give the one detail needed for the option you just chose. If a person will be chosen later, this question will not appear.","","","approved","","","","",""
"question_prompt_variant","v2.workflow.stages.stage_14_person_detail#fixed_email","v2.2","en","fnv1a64:df415823535ac40f","decision.workflow.stages.stage_14_person_mode | fixed_email","workflow.stages | resolver-specific visible prompt","What fixed email address should receive this step?","","","","approved","","","","",""
"question_prompt_variant","v2.workflow.stages.stage_14_person_detail#directory_role","v2.2","en","fnv1a64:df415823535ac40f","decision.workflow.stages.stage_14_person_mode | directory_role","workflow.stages | resolver-specific visible prompt","Which job role in the staff directory should receive this step?","","","","approved","","","","",""
"question_prompt_variant","v2.workflow.stages.stage_14_person_detail#request_field","v2.2","en","fnv1a64:df415823535ac40f","decision.workflow.stages.stage_14_person_mode | request_field","workflow.stages | resolver-specific visible prompt","Which request field will contain this person's email address?","","","","approved","","","","",""
"question","v2.workflow.stages.stage_14_person_detail","v2.2","zh-Hant","fnv1a64:df415823535ac40f","decision.workflow.stages.stage_14_person_detail","workflow.stages | short_text | v2.fact.workflow.stages.v1","請提供該人士的電郵地址、職位或申請欄位。","請提供剛才所選方式所需的一項資料。若選擇稍後指派人選，便不會看到此問題。","","","approved","","","","",""
"question_prompt_variant","v2.workflow.stages.stage_14_person_detail#fixed_email","v2.2","zh-Hant","fnv1a64:df415823535ac40f","decision.workflow.stages.stage_14_person_mode | fixed_email","workflow.stages | resolver-specific visible prompt","此步驟應交給哪個指定電郵地址？","","","","approved","","","","",""
"question_prompt_variant","v2.workflow.stages.stage_14_person_detail#directory_role","v2.2","zh-Hant","fnv1a64:df415823535ac40f","decision.workflow.stages.stage_14_person_mode | directory_role","workflow.stages | resolver-specific visible prompt","此步驟應交給員工目錄中的哪個職位？","","","","approved","","","","",""
"question_prompt_variant","v2.workflow.stages.stage_14_person_detail#request_field","v2.2","zh-Hant","fnv1a64:df415823535ac40f","decision.workflow.stages.stage_14_person_mode | request_field","workflow.stages | resolver-specific visible prompt","哪個申請欄位會填寫此人的電郵地址？","","","","approved","","","","",""
"question","v2.workflow.stages.stage_14_person_detail","v2.2","zh-Hans","fnv1a64:df415823535ac40f","decision.workflow.stages.stage_14_person_detail","workflow.stages | short_text | v2.fact.workflow.stages.v1","请提供该人员的电子邮件地址、职位或申请字段。","请提供刚才所选方式所需的一项资料。若选择稍后指派人选，便不会看到此问题。","","","approved","","","","",""
"question_prompt_variant","v2.workflow.stages.stage_14_person_detail#fixed_email","v2.2","zh-Hans","fnv1a64:df415823535ac40f","decision.workflow.stages.stage_14_person_mode | fixed_email","workflow.stages | resolver-specific visible prompt","此步骤应交给哪个指定电子邮件地址？","","","","approved","","","","",""
"question_prompt_variant","v2.workflow.stages.stage_14_person_detail#directory_role","v2.2","zh-Hans","fnv1a64:df415823535ac40f","decision.workflow.stages.stage_14_person_mode | directory_role","workflow.stages | resolver-specific visible prompt","此步骤应交给员工目录中的哪个职位？","","","","approved","","","","",""
"question_prompt_variant","v2.workflow.stages.stage_14_person_detail#request_field","v2.2","zh-Hans","fnv1a64:df415823535ac40f","decision.workflow.stages.stage_14_person_mode | request_field","workflow.stages | resolver-specific visible prompt","哪个申请字段会填写此人的电子邮件地址？","","","","approved","","","","",""
"question","v2.workflow.stages.add_another_14","v2.2","en","fnv1a64:df415823535ac40f","decision.workflow.stages.add_another_14","workflow.stages | choice | v2.fact.workflow.stages.v1","Do you need another step?","Choose Yes only if the request needs another separate action after this one. Choose No when the sequence is complete.","","yes: Yes | no: No","approved","","","","",""
"question","v2.workflow.stages.add_another_14","v2.2","zh-Hant","fnv1a64:df415823535ac40f","decision.workflow.stages.add_another_14","workflow.stages | choice | v2.fact.workflow.stages.v1","是否還需要另一個步驟？","只有此步驟後仍需要另一項獨立工作才選「是」。次序完整時請選「否」。","","yes: 是 | no: 否","approved","","","","",""
"question","v2.workflow.stages.add_another_14","v2.2","zh-Hans","fnv1a64:df415823535ac40f","decision.workflow.stages.add_another_14","workflow.stages | choice | v2.fact.workflow.stages.v1","是否还需要另一个步骤？","只有此步骤后仍需要另一项独立工作才选“是”。顺序完整时请选择“否”。","","yes: 是 | no: 否","approved","","","","",""
"question","v2.workflow.stages.stage_15_name","v2.2","en","fnv1a64:df415823535ac40f","decision.workflow.stages.stage_15_name","workflow.stages | short_text | v2.fact.workflow.stages.v1","What is the next step?","Describe one action in order, such as ‘Manager checks the request’ or ‘Finance approves payment’. Do not combine several actions in one step.","","","approved","","","","",""
"question","v2.workflow.stages.stage_15_name","v2.2","zh-Hant","fnv1a64:df415823535ac40f","decision.workflow.stages.stage_15_name","workflow.stages | short_text | v2.fact.workflow.stages.v1","下一個步驟是甚麼？","按次序描述一項工作，例如「經理檢查申請」或「財務批准付款」。不要把多項工作合併成一步。","","","approved","","","","",""
"question","v2.workflow.stages.stage_15_name","v2.2","zh-Hans","fnv1a64:df415823535ac40f","decision.workflow.stages.stage_15_name","workflow.stages | short_text | v2.fact.workflow.stages.v1","下一个步骤是什么？","按顺序描述一项工作，例如“经理检查申请”或“财务批准付款”。不要把多项工作合并成一步。","","","approved","","","","",""
"question","v2.workflow.stages.stage_15_person_mode","v2.2","en","fnv1a64:df415823535ac40f","decision.workflow.stages.stage_15_person_mode","workflow.stages | choice | v2.fact.workflow.stages.v1","How should we choose the person for that step?","Choose how this step finds its person: the same email every time, a job role in the staff directory, an email entered on the request, or a person chosen later.","","fixed_email: A fixed email address | directory_role: A job role from the staff directory | request_field: An email entered in the request | assigned_later: Assigned later","approved","","","","",""
"question","v2.workflow.stages.stage_15_person_mode","v2.2","zh-Hant","fnv1a64:df415823535ac40f","decision.workflow.stages.stage_15_person_mode","workflow.stages | choice | v2.fact.workflow.stages.v1","該步驟的處理人應如何決定？","選擇此步驟如何找到處理人：每次使用同一電郵、員工目錄中的職位、申請內填寫的電郵，或稍後才指派人選。","","fixed_email: 指定電郵地址 | directory_role: 員工目錄中的職位 | request_field: 申請內填寫的電郵 | assigned_later: 稍後指派","approved","","","","",""
"question","v2.workflow.stages.stage_15_person_mode","v2.2","zh-Hans","fnv1a64:df415823535ac40f","decision.workflow.stages.stage_15_person_mode","workflow.stages | choice | v2.fact.workflow.stages.v1","该步骤的处理人应如何决定？","选择此步骤如何找到处理人：每次使用同一电子邮件、员工目录中的职位、申请内填写的电子邮件，或稍后才指派人选。","","fixed_email: 指定电子邮件地址 | directory_role: 员工目录中的职位 | request_field: 申请内填写的电子邮件 | assigned_later: 稍后指派","approved","","","","",""
"question","v2.workflow.stages.stage_15_person_detail","v2.2","en","fnv1a64:df415823535ac40f","decision.workflow.stages.stage_15_person_detail","workflow.stages | short_text | v2.fact.workflow.stages.v1","Please give the email address, job role, or request field for that person.","Give the one detail needed for the option you just chose. If a person will be chosen later, this question will not appear.","","","approved","","","","",""
"question_prompt_variant","v2.workflow.stages.stage_15_person_detail#fixed_email","v2.2","en","fnv1a64:df415823535ac40f","decision.workflow.stages.stage_15_person_mode | fixed_email","workflow.stages | resolver-specific visible prompt","What fixed email address should receive this step?","","","","approved","","","","",""
"question_prompt_variant","v2.workflow.stages.stage_15_person_detail#directory_role","v2.2","en","fnv1a64:df415823535ac40f","decision.workflow.stages.stage_15_person_mode | directory_role","workflow.stages | resolver-specific visible prompt","Which job role in the staff directory should receive this step?","","","","approved","","","","",""
"question_prompt_variant","v2.workflow.stages.stage_15_person_detail#request_field","v2.2","en","fnv1a64:df415823535ac40f","decision.workflow.stages.stage_15_person_mode | request_field","workflow.stages | resolver-specific visible prompt","Which request field will contain this person's email address?","","","","approved","","","","",""
"question","v2.workflow.stages.stage_15_person_detail","v2.2","zh-Hant","fnv1a64:df415823535ac40f","decision.workflow.stages.stage_15_person_detail","workflow.stages | short_text | v2.fact.workflow.stages.v1","請提供該人士的電郵地址、職位或申請欄位。","請提供剛才所選方式所需的一項資料。若選擇稍後指派人選，便不會看到此問題。","","","approved","","","","",""
"question_prompt_variant","v2.workflow.stages.stage_15_person_detail#fixed_email","v2.2","zh-Hant","fnv1a64:df415823535ac40f","decision.workflow.stages.stage_15_person_mode | fixed_email","workflow.stages | resolver-specific visible prompt","此步驟應交給哪個指定電郵地址？","","","","approved","","","","",""
"question_prompt_variant","v2.workflow.stages.stage_15_person_detail#directory_role","v2.2","zh-Hant","fnv1a64:df415823535ac40f","decision.workflow.stages.stage_15_person_mode | directory_role","workflow.stages | resolver-specific visible prompt","此步驟應交給員工目錄中的哪個職位？","","","","approved","","","","",""
"question_prompt_variant","v2.workflow.stages.stage_15_person_detail#request_field","v2.2","zh-Hant","fnv1a64:df415823535ac40f","decision.workflow.stages.stage_15_person_mode | request_field","workflow.stages | resolver-specific visible prompt","哪個申請欄位會填寫此人的電郵地址？","","","","approved","","","","",""
"question","v2.workflow.stages.stage_15_person_detail","v2.2","zh-Hans","fnv1a64:df415823535ac40f","decision.workflow.stages.stage_15_person_detail","workflow.stages | short_text | v2.fact.workflow.stages.v1","请提供该人员的电子邮件地址、职位或申请字段。","请提供刚才所选方式所需的一项资料。若选择稍后指派人选，便不会看到此问题。","","","approved","","","","",""
"question_prompt_variant","v2.workflow.stages.stage_15_person_detail#fixed_email","v2.2","zh-Hans","fnv1a64:df415823535ac40f","decision.workflow.stages.stage_15_person_mode | fixed_email","workflow.stages | resolver-specific visible prompt","此步骤应交给哪个指定电子邮件地址？","","","","approved","","","","",""
"question_prompt_variant","v2.workflow.stages.stage_15_person_detail#directory_role","v2.2","zh-Hans","fnv1a64:df415823535ac40f","decision.workflow.stages.stage_15_person_mode | directory_role","workflow.stages | resolver-specific visible prompt","此步骤应交给员工目录中的哪个职位？","","","","approved","","","","",""
"question_prompt_variant","v2.workflow.stages.stage_15_person_detail#request_field","v2.2","zh-Hans","fnv1a64:df415823535ac40f","decision.workflow.stages.stage_15_person_mode | request_field","workflow.stages | resolver-specific visible prompt","哪个申请字段会填写此人的电子邮件地址？","","","","approved","","","","",""
"question","v2.workflow.stages.add_another_15","v2.2","en","fnv1a64:df415823535ac40f","decision.workflow.stages.add_another_15","workflow.stages | choice | v2.fact.workflow.stages.v1","Do you need another step?","Choose Yes only if the request needs another separate action after this one. Choose No when the sequence is complete.","","yes: Yes | no: No","approved","","","","",""
"question","v2.workflow.stages.add_another_15","v2.2","zh-Hant","fnv1a64:df415823535ac40f","decision.workflow.stages.add_another_15","workflow.stages | choice | v2.fact.workflow.stages.v1","是否還需要另一個步驟？","只有此步驟後仍需要另一項獨立工作才選「是」。次序完整時請選「否」。","","yes: 是 | no: 否","approved","","","","",""
"question","v2.workflow.stages.add_another_15","v2.2","zh-Hans","fnv1a64:df415823535ac40f","decision.workflow.stages.add_another_15","workflow.stages | choice | v2.fact.workflow.stages.v1","是否还需要另一个步骤？","只有此步骤后仍需要另一项独立工作才选“是”。顺序完整时请选择“否”。","","yes: 是 | no: 否","approved","","","","",""
"question","v2.workflow.stages.stage_16_name","v2.2","en","fnv1a64:df415823535ac40f","decision.workflow.stages.stage_16_name","workflow.stages | short_text | v2.fact.workflow.stages.v1","What is the next step?","Describe one action in order, such as ‘Manager checks the request’ or ‘Finance approves payment’. Do not combine several actions in one step.","","","approved","","","","",""
"question","v2.workflow.stages.stage_16_name","v2.2","zh-Hant","fnv1a64:df415823535ac40f","decision.workflow.stages.stage_16_name","workflow.stages | short_text | v2.fact.workflow.stages.v1","下一個步驟是甚麼？","按次序描述一項工作，例如「經理檢查申請」或「財務批准付款」。不要把多項工作合併成一步。","","","approved","","","","",""
"question","v2.workflow.stages.stage_16_name","v2.2","zh-Hans","fnv1a64:df415823535ac40f","decision.workflow.stages.stage_16_name","workflow.stages | short_text | v2.fact.workflow.stages.v1","下一个步骤是什么？","按顺序描述一项工作，例如“经理检查申请”或“财务批准付款”。不要把多项工作合并成一步。","","","approved","","","","",""
"question","v2.workflow.stages.stage_16_person_mode","v2.2","en","fnv1a64:df415823535ac40f","decision.workflow.stages.stage_16_person_mode","workflow.stages | choice | v2.fact.workflow.stages.v1","How should we choose the person for that step?","Choose how this step finds its person: the same email every time, a job role in the staff directory, an email entered on the request, or a person chosen later.","","fixed_email: A fixed email address | directory_role: A job role from the staff directory | request_field: An email entered in the request | assigned_later: Assigned later","approved","","","","",""
"question","v2.workflow.stages.stage_16_person_mode","v2.2","zh-Hant","fnv1a64:df415823535ac40f","decision.workflow.stages.stage_16_person_mode","workflow.stages | choice | v2.fact.workflow.stages.v1","該步驟的處理人應如何決定？","選擇此步驟如何找到處理人：每次使用同一電郵、員工目錄中的職位、申請內填寫的電郵，或稍後才指派人選。","","fixed_email: 指定電郵地址 | directory_role: 員工目錄中的職位 | request_field: 申請內填寫的電郵 | assigned_later: 稍後指派","approved","","","","",""
"question","v2.workflow.stages.stage_16_person_mode","v2.2","zh-Hans","fnv1a64:df415823535ac40f","decision.workflow.stages.stage_16_person_mode","workflow.stages | choice | v2.fact.workflow.stages.v1","该步骤的处理人应如何决定？","选择此步骤如何找到处理人：每次使用同一电子邮件、员工目录中的职位、申请内填写的电子邮件，或稍后才指派人选。","","fixed_email: 指定电子邮件地址 | directory_role: 员工目录中的职位 | request_field: 申请内填写的电子邮件 | assigned_later: 稍后指派","approved","","","","",""
"question","v2.workflow.stages.stage_16_person_detail","v2.2","en","fnv1a64:df415823535ac40f","decision.workflow.stages.stage_16_person_detail","workflow.stages | short_text | v2.fact.workflow.stages.v1","Please give the email address, job role, or request field for that person.","Give the one detail needed for the option you just chose. If a person will be chosen later, this question will not appear.","","","approved","","","","",""
"question_prompt_variant","v2.workflow.stages.stage_16_person_detail#fixed_email","v2.2","en","fnv1a64:df415823535ac40f","decision.workflow.stages.stage_16_person_mode | fixed_email","workflow.stages | resolver-specific visible prompt","What fixed email address should receive this step?","","","","approved","","","","",""
"question_prompt_variant","v2.workflow.stages.stage_16_person_detail#directory_role","v2.2","en","fnv1a64:df415823535ac40f","decision.workflow.stages.stage_16_person_mode | directory_role","workflow.stages | resolver-specific visible prompt","Which job role in the staff directory should receive this step?","","","","approved","","","","",""
"question_prompt_variant","v2.workflow.stages.stage_16_person_detail#request_field","v2.2","en","fnv1a64:df415823535ac40f","decision.workflow.stages.stage_16_person_mode | request_field","workflow.stages | resolver-specific visible prompt","Which request field will contain this person's email address?","","","","approved","","","","",""
"question","v2.workflow.stages.stage_16_person_detail","v2.2","zh-Hant","fnv1a64:df415823535ac40f","decision.workflow.stages.stage_16_person_detail","workflow.stages | short_text | v2.fact.workflow.stages.v1","請提供該人士的電郵地址、職位或申請欄位。","請提供剛才所選方式所需的一項資料。若選擇稍後指派人選，便不會看到此問題。","","","approved","","","","",""
"question_prompt_variant","v2.workflow.stages.stage_16_person_detail#fixed_email","v2.2","zh-Hant","fnv1a64:df415823535ac40f","decision.workflow.stages.stage_16_person_mode | fixed_email","workflow.stages | resolver-specific visible prompt","此步驟應交給哪個指定電郵地址？","","","","approved","","","","",""
"question_prompt_variant","v2.workflow.stages.stage_16_person_detail#directory_role","v2.2","zh-Hant","fnv1a64:df415823535ac40f","decision.workflow.stages.stage_16_person_mode | directory_role","workflow.stages | resolver-specific visible prompt","此步驟應交給員工目錄中的哪個職位？","","","","approved","","","","",""
"question_prompt_variant","v2.workflow.stages.stage_16_person_detail#request_field","v2.2","zh-Hant","fnv1a64:df415823535ac40f","decision.workflow.stages.stage_16_person_mode | request_field","workflow.stages | resolver-specific visible prompt","哪個申請欄位會填寫此人的電郵地址？","","","","approved","","","","",""
"question","v2.workflow.stages.stage_16_person_detail","v2.2","zh-Hans","fnv1a64:df415823535ac40f","decision.workflow.stages.stage_16_person_detail","workflow.stages | short_text | v2.fact.workflow.stages.v1","请提供该人员的电子邮件地址、职位或申请字段。","请提供刚才所选方式所需的一项资料。若选择稍后指派人选，便不会看到此问题。","","","approved","","","","",""
"question_prompt_variant","v2.workflow.stages.stage_16_person_detail#fixed_email","v2.2","zh-Hans","fnv1a64:df415823535ac40f","decision.workflow.stages.stage_16_person_mode | fixed_email","workflow.stages | resolver-specific visible prompt","此步骤应交给哪个指定电子邮件地址？","","","","approved","","","","",""
"question_prompt_variant","v2.workflow.stages.stage_16_person_detail#directory_role","v2.2","zh-Hans","fnv1a64:df415823535ac40f","decision.workflow.stages.stage_16_person_mode | directory_role","workflow.stages | resolver-specific visible prompt","此步骤应交给员工目录中的哪个职位？","","","","approved","","","","",""
"question_prompt_variant","v2.workflow.stages.stage_16_person_detail#request_field","v2.2","zh-Hans","fnv1a64:df415823535ac40f","decision.workflow.stages.stage_16_person_mode | request_field","workflow.stages | resolver-specific visible prompt","哪个申请字段会填写此人的电子邮件地址？","","","","approved","","","","",""
"question","v2.workflow.stages.add_another_16","v2.2","en","fnv1a64:df415823535ac40f","decision.workflow.stages.add_another_16","workflow.stages | choice | v2.fact.workflow.stages.v1","Do you need another step?","Choose Yes only if the request needs another separate action after this one. Choose No when the sequence is complete.","","yes: Yes | no: No","approved","","","","",""
"question","v2.workflow.stages.add_another_16","v2.2","zh-Hant","fnv1a64:df415823535ac40f","decision.workflow.stages.add_another_16","workflow.stages | choice | v2.fact.workflow.stages.v1","是否還需要另一個步驟？","只有此步驟後仍需要另一項獨立工作才選「是」。次序完整時請選「否」。","","yes: 是 | no: 否","approved","","","","",""
"question","v2.workflow.stages.add_another_16","v2.2","zh-Hans","fnv1a64:df415823535ac40f","decision.workflow.stages.add_another_16","workflow.stages | choice | v2.fact.workflow.stages.v1","是否还需要另一个步骤？","只有此步骤后仍需要另一项独立工作才选“是”。顺序完整时请选择“否”。","","yes: 是 | no: 否","approved","","","","",""
"question","v2.workflow.stages.stage_17_name","v2.2","en","fnv1a64:df415823535ac40f","decision.workflow.stages.stage_17_name","workflow.stages | short_text | v2.fact.workflow.stages.v1","What is the next step?","Describe one action in order, such as ‘Manager checks the request’ or ‘Finance approves payment’. Do not combine several actions in one step.","","","approved","","","","",""
"question","v2.workflow.stages.stage_17_name","v2.2","zh-Hant","fnv1a64:df415823535ac40f","decision.workflow.stages.stage_17_name","workflow.stages | short_text | v2.fact.workflow.stages.v1","下一個步驟是甚麼？","按次序描述一項工作，例如「經理檢查申請」或「財務批准付款」。不要把多項工作合併成一步。","","","approved","","","","",""
"question","v2.workflow.stages.stage_17_name","v2.2","zh-Hans","fnv1a64:df415823535ac40f","decision.workflow.stages.stage_17_name","workflow.stages | short_text | v2.fact.workflow.stages.v1","下一个步骤是什么？","按顺序描述一项工作，例如“经理检查申请”或“财务批准付款”。不要把多项工作合并成一步。","","","approved","","","","",""
"question","v2.workflow.stages.stage_17_person_mode","v2.2","en","fnv1a64:df415823535ac40f","decision.workflow.stages.stage_17_person_mode","workflow.stages | choice | v2.fact.workflow.stages.v1","How should we choose the person for that step?","Choose how this step finds its person: the same email every time, a job role in the staff directory, an email entered on the request, or a person chosen later.","","fixed_email: A fixed email address | directory_role: A job role from the staff directory | request_field: An email entered in the request | assigned_later: Assigned later","approved","","","","",""
"question","v2.workflow.stages.stage_17_person_mode","v2.2","zh-Hant","fnv1a64:df415823535ac40f","decision.workflow.stages.stage_17_person_mode","workflow.stages | choice | v2.fact.workflow.stages.v1","該步驟的處理人應如何決定？","選擇此步驟如何找到處理人：每次使用同一電郵、員工目錄中的職位、申請內填寫的電郵，或稍後才指派人選。","","fixed_email: 指定電郵地址 | directory_role: 員工目錄中的職位 | request_field: 申請內填寫的電郵 | assigned_later: 稍後指派","approved","","","","",""
"question","v2.workflow.stages.stage_17_person_mode","v2.2","zh-Hans","fnv1a64:df415823535ac40f","decision.workflow.stages.stage_17_person_mode","workflow.stages | choice | v2.fact.workflow.stages.v1","该步骤的处理人应如何决定？","选择此步骤如何找到处理人：每次使用同一电子邮件、员工目录中的职位、申请内填写的电子邮件，或稍后才指派人选。","","fixed_email: 指定电子邮件地址 | directory_role: 员工目录中的职位 | request_field: 申请内填写的电子邮件 | assigned_later: 稍后指派","approved","","","","",""
"question","v2.workflow.stages.stage_17_person_detail","v2.2","en","fnv1a64:df415823535ac40f","decision.workflow.stages.stage_17_person_detail","workflow.stages | short_text | v2.fact.workflow.stages.v1","Please give the email address, job role, or request field for that person.","Give the one detail needed for the option you just chose. If a person will be chosen later, this question will not appear.","","","approved","","","","",""
"question_prompt_variant","v2.workflow.stages.stage_17_person_detail#fixed_email","v2.2","en","fnv1a64:df415823535ac40f","decision.workflow.stages.stage_17_person_mode | fixed_email","workflow.stages | resolver-specific visible prompt","What fixed email address should receive this step?","","","","approved","","","","",""
"question_prompt_variant","v2.workflow.stages.stage_17_person_detail#directory_role","v2.2","en","fnv1a64:df415823535ac40f","decision.workflow.stages.stage_17_person_mode | directory_role","workflow.stages | resolver-specific visible prompt","Which job role in the staff directory should receive this step?","","","","approved","","","","",""
"question_prompt_variant","v2.workflow.stages.stage_17_person_detail#request_field","v2.2","en","fnv1a64:df415823535ac40f","decision.workflow.stages.stage_17_person_mode | request_field","workflow.stages | resolver-specific visible prompt","Which request field will contain this person's email address?","","","","approved","","","","",""
"question","v2.workflow.stages.stage_17_person_detail","v2.2","zh-Hant","fnv1a64:df415823535ac40f","decision.workflow.stages.stage_17_person_detail","workflow.stages | short_text | v2.fact.workflow.stages.v1","請提供該人士的電郵地址、職位或申請欄位。","請提供剛才所選方式所需的一項資料。若選擇稍後指派人選，便不會看到此問題。","","","approved","","","","",""
"question_prompt_variant","v2.workflow.stages.stage_17_person_detail#fixed_email","v2.2","zh-Hant","fnv1a64:df415823535ac40f","decision.workflow.stages.stage_17_person_mode | fixed_email","workflow.stages | resolver-specific visible prompt","此步驟應交給哪個指定電郵地址？","","","","approved","","","","",""
"question_prompt_variant","v2.workflow.stages.stage_17_person_detail#directory_role","v2.2","zh-Hant","fnv1a64:df415823535ac40f","decision.workflow.stages.stage_17_person_mode | directory_role","workflow.stages | resolver-specific visible prompt","此步驟應交給員工目錄中的哪個職位？","","","","approved","","","","",""
"question_prompt_variant","v2.workflow.stages.stage_17_person_detail#request_field","v2.2","zh-Hant","fnv1a64:df415823535ac40f","decision.workflow.stages.stage_17_person_mode | request_field","workflow.stages | resolver-specific visible prompt","哪個申請欄位會填寫此人的電郵地址？","","","","approved","","","","",""
"question","v2.workflow.stages.stage_17_person_detail","v2.2","zh-Hans","fnv1a64:df415823535ac40f","decision.workflow.stages.stage_17_person_detail","workflow.stages | short_text | v2.fact.workflow.stages.v1","请提供该人员的电子邮件地址、职位或申请字段。","请提供刚才所选方式所需的一项资料。若选择稍后指派人选，便不会看到此问题。","","","approved","","","","",""
"question_prompt_variant","v2.workflow.stages.stage_17_person_detail#fixed_email","v2.2","zh-Hans","fnv1a64:df415823535ac40f","decision.workflow.stages.stage_17_person_mode | fixed_email","workflow.stages | resolver-specific visible prompt","此步骤应交给哪个指定电子邮件地址？","","","","approved","","","","",""
"question_prompt_variant","v2.workflow.stages.stage_17_person_detail#directory_role","v2.2","zh-Hans","fnv1a64:df415823535ac40f","decision.workflow.stages.stage_17_person_mode | directory_role","workflow.stages | resolver-specific visible prompt","此步骤应交给员工目录中的哪个职位？","","","","approved","","","","",""
"question_prompt_variant","v2.workflow.stages.stage_17_person_detail#request_field","v2.2","zh-Hans","fnv1a64:df415823535ac40f","decision.workflow.stages.stage_17_person_mode | request_field","workflow.stages | resolver-specific visible prompt","哪个申请字段会填写此人的电子邮件地址？","","","","approved","","","","",""
"question","v2.workflow.stages.add_another_17","v2.2","en","fnv1a64:df415823535ac40f","decision.workflow.stages.add_another_17","workflow.stages | choice | v2.fact.workflow.stages.v1","Do you need another step?","Choose Yes only if the request needs another separate action after this one. Choose No when the sequence is complete.","","yes: Yes | no: No","approved","","","","",""
"question","v2.workflow.stages.add_another_17","v2.2","zh-Hant","fnv1a64:df415823535ac40f","decision.workflow.stages.add_another_17","workflow.stages | choice | v2.fact.workflow.stages.v1","是否還需要另一個步驟？","只有此步驟後仍需要另一項獨立工作才選「是」。次序完整時請選「否」。","","yes: 是 | no: 否","approved","","","","",""
"question","v2.workflow.stages.add_another_17","v2.2","zh-Hans","fnv1a64:df415823535ac40f","decision.workflow.stages.add_another_17","workflow.stages | choice | v2.fact.workflow.stages.v1","是否还需要另一个步骤？","只有此步骤后仍需要另一项独立工作才选“是”。顺序完整时请选择“否”。","","yes: 是 | no: 否","approved","","","","",""
"question","v2.workflow.stages.stage_18_name","v2.2","en","fnv1a64:df415823535ac40f","decision.workflow.stages.stage_18_name","workflow.stages | short_text | v2.fact.workflow.stages.v1","What is the next step?","Describe one action in order, such as ‘Manager checks the request’ or ‘Finance approves payment’. Do not combine several actions in one step.","","","approved","","","","",""
"question","v2.workflow.stages.stage_18_name","v2.2","zh-Hant","fnv1a64:df415823535ac40f","decision.workflow.stages.stage_18_name","workflow.stages | short_text | v2.fact.workflow.stages.v1","下一個步驟是甚麼？","按次序描述一項工作，例如「經理檢查申請」或「財務批准付款」。不要把多項工作合併成一步。","","","approved","","","","",""
"question","v2.workflow.stages.stage_18_name","v2.2","zh-Hans","fnv1a64:df415823535ac40f","decision.workflow.stages.stage_18_name","workflow.stages | short_text | v2.fact.workflow.stages.v1","下一个步骤是什么？","按顺序描述一项工作，例如“经理检查申请”或“财务批准付款”。不要把多项工作合并成一步。","","","approved","","","","",""
"question","v2.workflow.stages.stage_18_person_mode","v2.2","en","fnv1a64:df415823535ac40f","decision.workflow.stages.stage_18_person_mode","workflow.stages | choice | v2.fact.workflow.stages.v1","How should we choose the person for that step?","Choose how this step finds its person: the same email every time, a job role in the staff directory, an email entered on the request, or a person chosen later.","","fixed_email: A fixed email address | directory_role: A job role from the staff directory | request_field: An email entered in the request | assigned_later: Assigned later","approved","","","","",""
"question","v2.workflow.stages.stage_18_person_mode","v2.2","zh-Hant","fnv1a64:df415823535ac40f","decision.workflow.stages.stage_18_person_mode","workflow.stages | choice | v2.fact.workflow.stages.v1","該步驟的處理人應如何決定？","選擇此步驟如何找到處理人：每次使用同一電郵、員工目錄中的職位、申請內填寫的電郵，或稍後才指派人選。","","fixed_email: 指定電郵地址 | directory_role: 員工目錄中的職位 | request_field: 申請內填寫的電郵 | assigned_later: 稍後指派","approved","","","","",""
"question","v2.workflow.stages.stage_18_person_mode","v2.2","zh-Hans","fnv1a64:df415823535ac40f","decision.workflow.stages.stage_18_person_mode","workflow.stages | choice | v2.fact.workflow.stages.v1","该步骤的处理人应如何决定？","选择此步骤如何找到处理人：每次使用同一电子邮件、员工目录中的职位、申请内填写的电子邮件，或稍后才指派人选。","","fixed_email: 指定电子邮件地址 | directory_role: 员工目录中的职位 | request_field: 申请内填写的电子邮件 | assigned_later: 稍后指派","approved","","","","",""
"question","v2.workflow.stages.stage_18_person_detail","v2.2","en","fnv1a64:df415823535ac40f","decision.workflow.stages.stage_18_person_detail","workflow.stages | short_text | v2.fact.workflow.stages.v1","Please give the email address, job role, or request field for that person.","Give the one detail needed for the option you just chose. If a person will be chosen later, this question will not appear.","","","approved","","","","",""
"question_prompt_variant","v2.workflow.stages.stage_18_person_detail#fixed_email","v2.2","en","fnv1a64:df415823535ac40f","decision.workflow.stages.stage_18_person_mode | fixed_email","workflow.stages | resolver-specific visible prompt","What fixed email address should receive this step?","","","","approved","","","","",""
"question_prompt_variant","v2.workflow.stages.stage_18_person_detail#directory_role","v2.2","en","fnv1a64:df415823535ac40f","decision.workflow.stages.stage_18_person_mode | directory_role","workflow.stages | resolver-specific visible prompt","Which job role in the staff directory should receive this step?","","","","approved","","","","",""
"question_prompt_variant","v2.workflow.stages.stage_18_person_detail#request_field","v2.2","en","fnv1a64:df415823535ac40f","decision.workflow.stages.stage_18_person_mode | request_field","workflow.stages | resolver-specific visible prompt","Which request field will contain this person's email address?","","","","approved","","","","",""
"question","v2.workflow.stages.stage_18_person_detail","v2.2","zh-Hant","fnv1a64:df415823535ac40f","decision.workflow.stages.stage_18_person_detail","workflow.stages | short_text | v2.fact.workflow.stages.v1","請提供該人士的電郵地址、職位或申請欄位。","請提供剛才所選方式所需的一項資料。若選擇稍後指派人選，便不會看到此問題。","","","approved","","","","",""
"question_prompt_variant","v2.workflow.stages.stage_18_person_detail#fixed_email","v2.2","zh-Hant","fnv1a64:df415823535ac40f","decision.workflow.stages.stage_18_person_mode | fixed_email","workflow.stages | resolver-specific visible prompt","此步驟應交給哪個指定電郵地址？","","","","approved","","","","",""
"question_prompt_variant","v2.workflow.stages.stage_18_person_detail#directory_role","v2.2","zh-Hant","fnv1a64:df415823535ac40f","decision.workflow.stages.stage_18_person_mode | directory_role","workflow.stages | resolver-specific visible prompt","此步驟應交給員工目錄中的哪個職位？","","","","approved","","","","",""
"question_prompt_variant","v2.workflow.stages.stage_18_person_detail#request_field","v2.2","zh-Hant","fnv1a64:df415823535ac40f","decision.workflow.stages.stage_18_person_mode | request_field","workflow.stages | resolver-specific visible prompt","哪個申請欄位會填寫此人的電郵地址？","","","","approved","","","","",""
"question","v2.workflow.stages.stage_18_person_detail","v2.2","zh-Hans","fnv1a64:df415823535ac40f","decision.workflow.stages.stage_18_person_detail","workflow.stages | short_text | v2.fact.workflow.stages.v1","请提供该人员的电子邮件地址、职位或申请字段。","请提供刚才所选方式所需的一项资料。若选择稍后指派人选，便不会看到此问题。","","","approved","","","","",""
"question_prompt_variant","v2.workflow.stages.stage_18_person_detail#fixed_email","v2.2","zh-Hans","fnv1a64:df415823535ac40f","decision.workflow.stages.stage_18_person_mode | fixed_email","workflow.stages | resolver-specific visible prompt","此步骤应交给哪个指定电子邮件地址？","","","","approved","","","","",""
"question_prompt_variant","v2.workflow.stages.stage_18_person_detail#directory_role","v2.2","zh-Hans","fnv1a64:df415823535ac40f","decision.workflow.stages.stage_18_person_mode | directory_role","workflow.stages | resolver-specific visible prompt","此步骤应交给员工目录中的哪个职位？","","","","approved","","","","",""
"question_prompt_variant","v2.workflow.stages.stage_18_person_detail#request_field","v2.2","zh-Hans","fnv1a64:df415823535ac40f","decision.workflow.stages.stage_18_person_mode | request_field","workflow.stages | resolver-specific visible prompt","哪个申请字段会填写此人的电子邮件地址？","","","","approved","","","","",""
"question","v2.workflow.stages.add_another_18","v2.2","en","fnv1a64:df415823535ac40f","decision.workflow.stages.add_another_18","workflow.stages | choice | v2.fact.workflow.stages.v1","Do you need another step?","Choose Yes only if the request needs another separate action after this one. Choose No when the sequence is complete.","","yes: Yes | no: No","approved","","","","",""
"question","v2.workflow.stages.add_another_18","v2.2","zh-Hant","fnv1a64:df415823535ac40f","decision.workflow.stages.add_another_18","workflow.stages | choice | v2.fact.workflow.stages.v1","是否還需要另一個步驟？","只有此步驟後仍需要另一項獨立工作才選「是」。次序完整時請選「否」。","","yes: 是 | no: 否","approved","","","","",""
"question","v2.workflow.stages.add_another_18","v2.2","zh-Hans","fnv1a64:df415823535ac40f","decision.workflow.stages.add_another_18","workflow.stages | choice | v2.fact.workflow.stages.v1","是否还需要另一个步骤？","只有此步骤后仍需要另一项独立工作才选“是”。顺序完整时请选择“否”。","","yes: 是 | no: 否","approved","","","","",""
"question","v2.workflow.stages.stage_19_name","v2.2","en","fnv1a64:df415823535ac40f","decision.workflow.stages.stage_19_name","workflow.stages | short_text | v2.fact.workflow.stages.v1","What is the next step?","Describe one action in order, such as ‘Manager checks the request’ or ‘Finance approves payment’. Do not combine several actions in one step.","","","approved","","","","",""
"question","v2.workflow.stages.stage_19_name","v2.2","zh-Hant","fnv1a64:df415823535ac40f","decision.workflow.stages.stage_19_name","workflow.stages | short_text | v2.fact.workflow.stages.v1","下一個步驟是甚麼？","按次序描述一項工作，例如「經理檢查申請」或「財務批准付款」。不要把多項工作合併成一步。","","","approved","","","","",""
"question","v2.workflow.stages.stage_19_name","v2.2","zh-Hans","fnv1a64:df415823535ac40f","decision.workflow.stages.stage_19_name","workflow.stages | short_text | v2.fact.workflow.stages.v1","下一个步骤是什么？","按顺序描述一项工作，例如“经理检查申请”或“财务批准付款”。不要把多项工作合并成一步。","","","approved","","","","",""
"question","v2.workflow.stages.stage_19_person_mode","v2.2","en","fnv1a64:df415823535ac40f","decision.workflow.stages.stage_19_person_mode","workflow.stages | choice | v2.fact.workflow.stages.v1","How should we choose the person for that step?","Choose how this step finds its person: the same email every time, a job role in the staff directory, an email entered on the request, or a person chosen later.","","fixed_email: A fixed email address | directory_role: A job role from the staff directory | request_field: An email entered in the request | assigned_later: Assigned later","approved","","","","",""
"question","v2.workflow.stages.stage_19_person_mode","v2.2","zh-Hant","fnv1a64:df415823535ac40f","decision.workflow.stages.stage_19_person_mode","workflow.stages | choice | v2.fact.workflow.stages.v1","該步驟的處理人應如何決定？","選擇此步驟如何找到處理人：每次使用同一電郵、員工目錄中的職位、申請內填寫的電郵，或稍後才指派人選。","","fixed_email: 指定電郵地址 | directory_role: 員工目錄中的職位 | request_field: 申請內填寫的電郵 | assigned_later: 稍後指派","approved","","","","",""
"question","v2.workflow.stages.stage_19_person_mode","v2.2","zh-Hans","fnv1a64:df415823535ac40f","decision.workflow.stages.stage_19_person_mode","workflow.stages | choice | v2.fact.workflow.stages.v1","该步骤的处理人应如何决定？","选择此步骤如何找到处理人：每次使用同一电子邮件、员工目录中的职位、申请内填写的电子邮件，或稍后才指派人选。","","fixed_email: 指定电子邮件地址 | directory_role: 员工目录中的职位 | request_field: 申请内填写的电子邮件 | assigned_later: 稍后指派","approved","","","","",""
"question","v2.workflow.stages.stage_19_person_detail","v2.2","en","fnv1a64:df415823535ac40f","decision.workflow.stages.stage_19_person_detail","workflow.stages | short_text | v2.fact.workflow.stages.v1","Please give the email address, job role, or request field for that person.","Give the one detail needed for the option you just chose. If a person will be chosen later, this question will not appear.","","","approved","","","","",""
"question_prompt_variant","v2.workflow.stages.stage_19_person_detail#fixed_email","v2.2","en","fnv1a64:df415823535ac40f","decision.workflow.stages.stage_19_person_mode | fixed_email","workflow.stages | resolver-specific visible prompt","What fixed email address should receive this step?","","","","approved","","","","",""
"question_prompt_variant","v2.workflow.stages.stage_19_person_detail#directory_role","v2.2","en","fnv1a64:df415823535ac40f","decision.workflow.stages.stage_19_person_mode | directory_role","workflow.stages | resolver-specific visible prompt","Which job role in the staff directory should receive this step?","","","","approved","","","","",""
"question_prompt_variant","v2.workflow.stages.stage_19_person_detail#request_field","v2.2","en","fnv1a64:df415823535ac40f","decision.workflow.stages.stage_19_person_mode | request_field","workflow.stages | resolver-specific visible prompt","Which request field will contain this person's email address?","","","","approved","","","","",""
"question","v2.workflow.stages.stage_19_person_detail","v2.2","zh-Hant","fnv1a64:df415823535ac40f","decision.workflow.stages.stage_19_person_detail","workflow.stages | short_text | v2.fact.workflow.stages.v1","請提供該人士的電郵地址、職位或申請欄位。","請提供剛才所選方式所需的一項資料。若選擇稍後指派人選，便不會看到此問題。","","","approved","","","","",""
"question_prompt_variant","v2.workflow.stages.stage_19_person_detail#fixed_email","v2.2","zh-Hant","fnv1a64:df415823535ac40f","decision.workflow.stages.stage_19_person_mode | fixed_email","workflow.stages | resolver-specific visible prompt","此步驟應交給哪個指定電郵地址？","","","","approved","","","","",""
"question_prompt_variant","v2.workflow.stages.stage_19_person_detail#directory_role","v2.2","zh-Hant","fnv1a64:df415823535ac40f","decision.workflow.stages.stage_19_person_mode | directory_role","workflow.stages | resolver-specific visible prompt","此步驟應交給員工目錄中的哪個職位？","","","","approved","","","","",""
"question_prompt_variant","v2.workflow.stages.stage_19_person_detail#request_field","v2.2","zh-Hant","fnv1a64:df415823535ac40f","decision.workflow.stages.stage_19_person_mode | request_field","workflow.stages | resolver-specific visible prompt","哪個申請欄位會填寫此人的電郵地址？","","","","approved","","","","",""
"question","v2.workflow.stages.stage_19_person_detail","v2.2","zh-Hans","fnv1a64:df415823535ac40f","decision.workflow.stages.stage_19_person_detail","workflow.stages | short_text | v2.fact.workflow.stages.v1","请提供该人员的电子邮件地址、职位或申请字段。","请提供刚才所选方式所需的一项资料。若选择稍后指派人选，便不会看到此问题。","","","approved","","","","",""
"question_prompt_variant","v2.workflow.stages.stage_19_person_detail#fixed_email","v2.2","zh-Hans","fnv1a64:df415823535ac40f","decision.workflow.stages.stage_19_person_mode | fixed_email","workflow.stages | resolver-specific visible prompt","此步骤应交给哪个指定电子邮件地址？","","","","approved","","","","",""
"question_prompt_variant","v2.workflow.stages.stage_19_person_detail#directory_role","v2.2","zh-Hans","fnv1a64:df415823535ac40f","decision.workflow.stages.stage_19_person_mode | directory_role","workflow.stages | resolver-specific visible prompt","此步骤应交给员工目录中的哪个职位？","","","","approved","","","","",""
"question_prompt_variant","v2.workflow.stages.stage_19_person_detail#request_field","v2.2","zh-Hans","fnv1a64:df415823535ac40f","decision.workflow.stages.stage_19_person_mode | request_field","workflow.stages | resolver-specific visible prompt","哪个申请字段会填写此人的电子邮件地址？","","","","approved","","","","",""
"question","v2.workflow.stages.add_another_19","v2.2","en","fnv1a64:df415823535ac40f","decision.workflow.stages.add_another_19","workflow.stages | choice | v2.fact.workflow.stages.v1","Do you need another step?","Choose Yes only if the request needs another separate action after this one. Choose No when the sequence is complete.","","yes: Yes | no: No","approved","","","","",""
"question","v2.workflow.stages.add_another_19","v2.2","zh-Hant","fnv1a64:df415823535ac40f","decision.workflow.stages.add_another_19","workflow.stages | choice | v2.fact.workflow.stages.v1","是否還需要另一個步驟？","只有此步驟後仍需要另一項獨立工作才選「是」。次序完整時請選「否」。","","yes: 是 | no: 否","approved","","","","",""
"question","v2.workflow.stages.add_another_19","v2.2","zh-Hans","fnv1a64:df415823535ac40f","decision.workflow.stages.add_another_19","workflow.stages | choice | v2.fact.workflow.stages.v1","是否还需要另一个步骤？","只有此步骤后仍需要另一项独立工作才选“是”。顺序完整时请选择“否”。","","yes: 是 | no: 否","approved","","","","",""
"question","v2.workflow.stages.stage_20_name","v2.2","en","fnv1a64:df415823535ac40f","decision.workflow.stages.stage_20_name","workflow.stages | short_text | v2.fact.workflow.stages.v1","What is the next step?","Describe one action in order, such as ‘Manager checks the request’ or ‘Finance approves payment’. Do not combine several actions in one step.","","","approved","","","","",""
"question","v2.workflow.stages.stage_20_name","v2.2","zh-Hant","fnv1a64:df415823535ac40f","decision.workflow.stages.stage_20_name","workflow.stages | short_text | v2.fact.workflow.stages.v1","下一個步驟是甚麼？","按次序描述一項工作，例如「經理檢查申請」或「財務批准付款」。不要把多項工作合併成一步。","","","approved","","","","",""
"question","v2.workflow.stages.stage_20_name","v2.2","zh-Hans","fnv1a64:df415823535ac40f","decision.workflow.stages.stage_20_name","workflow.stages | short_text | v2.fact.workflow.stages.v1","下一个步骤是什么？","按顺序描述一项工作，例如“经理检查申请”或“财务批准付款”。不要把多项工作合并成一步。","","","approved","","","","",""
"question","v2.workflow.stages.stage_20_person_mode","v2.2","en","fnv1a64:df415823535ac40f","decision.workflow.stages.stage_20_person_mode","workflow.stages | choice | v2.fact.workflow.stages.v1","How should we choose the person for that step?","Choose how this step finds its person: the same email every time, a job role in the staff directory, an email entered on the request, or a person chosen later.","","fixed_email: A fixed email address | directory_role: A job role from the staff directory | request_field: An email entered in the request | assigned_later: Assigned later","approved","","","","",""
"question","v2.workflow.stages.stage_20_person_mode","v2.2","zh-Hant","fnv1a64:df415823535ac40f","decision.workflow.stages.stage_20_person_mode","workflow.stages | choice | v2.fact.workflow.stages.v1","該步驟的處理人應如何決定？","選擇此步驟如何找到處理人：每次使用同一電郵、員工目錄中的職位、申請內填寫的電郵，或稍後才指派人選。","","fixed_email: 指定電郵地址 | directory_role: 員工目錄中的職位 | request_field: 申請內填寫的電郵 | assigned_later: 稍後指派","approved","","","","",""
"question","v2.workflow.stages.stage_20_person_mode","v2.2","zh-Hans","fnv1a64:df415823535ac40f","decision.workflow.stages.stage_20_person_mode","workflow.stages | choice | v2.fact.workflow.stages.v1","该步骤的处理人应如何决定？","选择此步骤如何找到处理人：每次使用同一电子邮件、员工目录中的职位、申请内填写的电子邮件，或稍后才指派人选。","","fixed_email: 指定电子邮件地址 | directory_role: 员工目录中的职位 | request_field: 申请内填写的电子邮件 | assigned_later: 稍后指派","approved","","","","",""
"question","v2.workflow.stages.stage_20_person_detail","v2.2","en","fnv1a64:df415823535ac40f","decision.workflow.stages.stage_20_person_detail","workflow.stages | short_text | v2.fact.workflow.stages.v1","Please give the email address, job role, or request field for that person.","Give the one detail needed for the option you just chose. If a person will be chosen later, this question will not appear.","","","approved","","","","",""
"question_prompt_variant","v2.workflow.stages.stage_20_person_detail#fixed_email","v2.2","en","fnv1a64:df415823535ac40f","decision.workflow.stages.stage_20_person_mode | fixed_email","workflow.stages | resolver-specific visible prompt","What fixed email address should receive this step?","","","","approved","","","","",""
"question_prompt_variant","v2.workflow.stages.stage_20_person_detail#directory_role","v2.2","en","fnv1a64:df415823535ac40f","decision.workflow.stages.stage_20_person_mode | directory_role","workflow.stages | resolver-specific visible prompt","Which job role in the staff directory should receive this step?","","","","approved","","","","",""
"question_prompt_variant","v2.workflow.stages.stage_20_person_detail#request_field","v2.2","en","fnv1a64:df415823535ac40f","decision.workflow.stages.stage_20_person_mode | request_field","workflow.stages | resolver-specific visible prompt","Which request field will contain this person's email address?","","","","approved","","","","",""
"question","v2.workflow.stages.stage_20_person_detail","v2.2","zh-Hant","fnv1a64:df415823535ac40f","decision.workflow.stages.stage_20_person_detail","workflow.stages | short_text | v2.fact.workflow.stages.v1","請提供該人士的電郵地址、職位或申請欄位。","請提供剛才所選方式所需的一項資料。若選擇稍後指派人選，便不會看到此問題。","","","approved","","","","",""
"question_prompt_variant","v2.workflow.stages.stage_20_person_detail#fixed_email","v2.2","zh-Hant","fnv1a64:df415823535ac40f","decision.workflow.stages.stage_20_person_mode | fixed_email","workflow.stages | resolver-specific visible prompt","此步驟應交給哪個指定電郵地址？","","","","approved","","","","",""
"question_prompt_variant","v2.workflow.stages.stage_20_person_detail#directory_role","v2.2","zh-Hant","fnv1a64:df415823535ac40f","decision.workflow.stages.stage_20_person_mode | directory_role","workflow.stages | resolver-specific visible prompt","此步驟應交給員工目錄中的哪個職位？","","","","approved","","","","",""
"question_prompt_variant","v2.workflow.stages.stage_20_person_detail#request_field","v2.2","zh-Hant","fnv1a64:df415823535ac40f","decision.workflow.stages.stage_20_person_mode | request_field","workflow.stages | resolver-specific visible prompt","哪個申請欄位會填寫此人的電郵地址？","","","","approved","","","","",""
"question","v2.workflow.stages.stage_20_person_detail","v2.2","zh-Hans","fnv1a64:df415823535ac40f","decision.workflow.stages.stage_20_person_detail","workflow.stages | short_text | v2.fact.workflow.stages.v1","请提供该人员的电子邮件地址、职位或申请字段。","请提供刚才所选方式所需的一项资料。若选择稍后指派人选，便不会看到此问题。","","","approved","","","","",""
"question_prompt_variant","v2.workflow.stages.stage_20_person_detail#fixed_email","v2.2","zh-Hans","fnv1a64:df415823535ac40f","decision.workflow.stages.stage_20_person_mode | fixed_email","workflow.stages | resolver-specific visible prompt","此步骤应交给哪个指定电子邮件地址？","","","","approved","","","","",""
"question_prompt_variant","v2.workflow.stages.stage_20_person_detail#directory_role","v2.2","zh-Hans","fnv1a64:df415823535ac40f","decision.workflow.stages.stage_20_person_mode | directory_role","workflow.stages | resolver-specific visible prompt","此步骤应交给员工目录中的哪个职位？","","","","approved","","","","",""
"question_prompt_variant","v2.workflow.stages.stage_20_person_detail#request_field","v2.2","zh-Hans","fnv1a64:df415823535ac40f","decision.workflow.stages.stage_20_person_mode | request_field","workflow.stages | resolver-specific visible prompt","哪个申请字段会填写此人的电子邮件地址？","","","","approved","","","","",""
"question","v2.workflow.conditions.add_another_01","v2.2","en","fnv1a64:df415823535ac40f","decision.workflow.conditions.add_another_01","workflow.conditions | choice | v2.fact.workflow.conditions.v1","Do you need another rule for different approval steps?","Choose Yes only if there is another different rule that sends requests along another path. Keep each rule simple.","","yes: Yes | no: No","approved","","","","",""
"question","v2.workflow.conditions.add_another_01","v2.2","zh-Hant","fnv1a64:df415823535ac40f","decision.workflow.conditions.add_another_01","workflow.conditions | choice | v2.fact.workflow.conditions.v1","是否需要另一項規則來決定不同的審批步驟？","只有另有一項不同規則會令申請走另一種處理方式時才選「是」。每項規則請保持簡單。","","yes: 是 | no: 否","approved","","","","",""
"question","v2.workflow.conditions.add_another_01","v2.2","zh-Hans","fnv1a64:df415823535ac40f","decision.workflow.conditions.add_another_01","workflow.conditions | choice | v2.fact.workflow.conditions.v1","是否需要另一项规则来决定不同的审批步骤？","只有另有一项不同规则会令申请走另一种处理方式时才选“是”。每项规则请保持简单。","","yes: 是 | no: 否","approved","","","","",""
"question","v2.workflow.conditions.condition_02_field","v2.2","en","fnv1a64:df415823535ac40f","decision.workflow.conditions.condition_02_field","workflow.conditions | short_text | v2.fact.workflow.conditions.v1","Which request detail should this rule check?","Name the request detail that decides which path to use, such as amount, country, or purchase type.","","","approved","","","","",""
"question","v2.workflow.conditions.condition_02_field","v2.2","zh-Hant","fnv1a64:df415823535ac40f","decision.workflow.conditions.condition_02_field","workflow.conditions | short_text | v2.fact.workflow.conditions.v1","這項規則應檢查哪一項申請資料？","請列出決定使用哪種處理方式的申請資料，例如金額、國家或採購類別。","","","approved","","","","",""
"question","v2.workflow.conditions.condition_02_field","v2.2","zh-Hans","fnv1a64:df415823535ac40f","decision.workflow.conditions.condition_02_field","workflow.conditions | short_text | v2.fact.workflow.conditions.v1","这项规则应检查哪一项申请信息？","请列出决定使用哪种处理方式的申请资料，例如金额、国家或采购类别。","","","approved","","","","",""
"question","v2.workflow.conditions.condition_02_comparison","v2.2","en","fnv1a64:df415823535ac40f","decision.workflow.conditions.condition_02_comparison","workflow.conditions | choice | v2.fact.workflow.conditions.v1","How should we compare that detail?","Choose the simple check to make. For example, ‘at least’ lets an amount of HK$10,000 or more use the different path.","","equals: Equals | not_equals: Does not equal | greater_than: Greater than | at_least: At least | less_than: Less than | at_most: At most","approved","","","","",""
"question","v2.workflow.conditions.condition_02_comparison","v2.2","zh-Hant","fnv1a64:df415823535ac40f","decision.workflow.conditions.condition_02_comparison","workflow.conditions | choice | v2.fact.workflow.conditions.v1","應如何比較這項資料？","選擇簡單的檢查方法。例如選「不少於」，金額為 HK$10,000 或以上便使用不同處理方式。","","equals: 等於 | not_equals: 不等於 | greater_than: 大於 | at_least: 不少於 | less_than: 小於 | at_most: 不多於","approved","","","","",""
"question","v2.workflow.conditions.condition_02_comparison","v2.2","zh-Hans","fnv1a64:df415823535ac40f","decision.workflow.conditions.condition_02_comparison","workflow.conditions | choice | v2.fact.workflow.conditions.v1","应如何比较这项资料？","选择简单的检查方法。例如选“不少于”，金额为 HK$10,000 或以上便使用不同处理方式。","","equals: 等于 | not_equals: 不等于 | greater_than: 大于 | at_least: 不少于 | less_than: 小于 | at_most: 不多于","approved","","","","",""
"question","v2.workflow.conditions.condition_02_value","v2.2","en","fnv1a64:df415823535ac40f","decision.workflow.conditions.condition_02_value","workflow.conditions | short_text | v2.fact.workflow.conditions.v1","What value should make this rule apply?","Enter the value used by the check, such as ‘10000’ for an amount or ‘Hong Kong’ for a location.","","","approved","","","","",""
"question","v2.workflow.conditions.condition_02_value","v2.2","zh-Hant","fnv1a64:df415823535ac40f","decision.workflow.conditions.condition_02_value","workflow.conditions | short_text | v2.fact.workflow.conditions.v1","甚麼數值會令這項規則適用？","填寫檢查時使用的數值，例如金額填「10000」，地點填「香港」。","","","approved","","","","",""
"question","v2.workflow.conditions.condition_02_value","v2.2","zh-Hans","fnv1a64:df415823535ac40f","decision.workflow.conditions.condition_02_value","workflow.conditions | short_text | v2.fact.workflow.conditions.v1","什么数值会让这项规则适用？","填写检查时使用的数值，例如金额填“10000”，地点填“香港”。","","","approved","","","","",""
"question","v2.workflow.conditions.condition_02_matching","v2.2","en","fnv1a64:df415823535ac40f","decision.workflow.conditions.condition_02_matching","workflow.conditions | short_text | v2.fact.workflow.conditions.v1","What should happen when it matches?","Say what should happen when the request meets this check, for example ‘send it to Finance before the manager’.","","","approved","","","","",""
"question","v2.workflow.conditions.condition_02_matching","v2.2","zh-Hant","fnv1a64:df415823535ac40f","decision.workflow.conditions.condition_02_matching","workflow.conditions | short_text | v2.fact.workflow.conditions.v1","符合時應如何處理？","說明申請符合此檢查時應如何處理，例如「先交財務部，再交經理」。","","","approved","","","","",""
"question","v2.workflow.conditions.condition_02_matching","v2.2","zh-Hans","fnv1a64:df415823535ac40f","decision.workflow.conditions.condition_02_matching","workflow.conditions | short_text | v2.fact.workflow.conditions.v1","符合时应如何处理？","说明申请符合此检查时应如何处理，例如“先交财务部，再交经理”。","","","approved","","","","",""
"question","v2.workflow.conditions.condition_02_otherwise","v2.2","en","fnv1a64:df415823535ac40f","decision.workflow.conditions.condition_02_otherwise","workflow.conditions | short_text | v2.fact.workflow.conditions.v1","What should happen when it does not match?","Say what should happen when the request does not meet the check. This is the normal path for the other requests.","","","approved","","","","",""
"question","v2.workflow.conditions.condition_02_otherwise","v2.2","zh-Hant","fnv1a64:df415823535ac40f","decision.workflow.conditions.condition_02_otherwise","workflow.conditions | short_text | v2.fact.workflow.conditions.v1","不符合時應如何處理？","說明申請不符合此檢查時應如何處理，這是其他申請的正常處理方式。","","","approved","","","","",""
"question","v2.workflow.conditions.condition_02_otherwise","v2.2","zh-Hans","fnv1a64:df415823535ac40f","decision.workflow.conditions.condition_02_otherwise","workflow.conditions | short_text | v2.fact.workflow.conditions.v1","不符合时应如何处理？","说明申请不符合此检查时应如何处理，这是其他申请的正常处理方式。","","","approved","","","","",""
"question","v2.workflow.conditions.add_another_02","v2.2","en","fnv1a64:df415823535ac40f","decision.workflow.conditions.add_another_02","workflow.conditions | choice | v2.fact.workflow.conditions.v1","Do you need another rule for different approval steps?","Choose Yes only if there is another different rule that sends requests along another path. Keep each rule simple.","","yes: Yes | no: No","approved","","","","",""
"question","v2.workflow.conditions.add_another_02","v2.2","zh-Hant","fnv1a64:df415823535ac40f","decision.workflow.conditions.add_another_02","workflow.conditions | choice | v2.fact.workflow.conditions.v1","是否需要另一項規則來決定不同的審批步驟？","只有另有一項不同規則會令申請走另一種處理方式時才選「是」。每項規則請保持簡單。","","yes: 是 | no: 否","approved","","","","",""
"question","v2.workflow.conditions.add_another_02","v2.2","zh-Hans","fnv1a64:df415823535ac40f","decision.workflow.conditions.add_another_02","workflow.conditions | choice | v2.fact.workflow.conditions.v1","是否需要另一项规则来决定不同的审批步骤？","只有另有一项不同规则会令申请走另一种处理方式时才选“是”。每项规则请保持简单。","","yes: 是 | no: 否","approved","","","","",""
"question","v2.workflow.conditions.condition_03_field","v2.2","en","fnv1a64:df415823535ac40f","decision.workflow.conditions.condition_03_field","workflow.conditions | short_text | v2.fact.workflow.conditions.v1","Which request detail should this rule check?","Name the request detail that decides which path to use, such as amount, country, or purchase type.","","","approved","","","","",""
"question","v2.workflow.conditions.condition_03_field","v2.2","zh-Hant","fnv1a64:df415823535ac40f","decision.workflow.conditions.condition_03_field","workflow.conditions | short_text | v2.fact.workflow.conditions.v1","這項規則應檢查哪一項申請資料？","請列出決定使用哪種處理方式的申請資料，例如金額、國家或採購類別。","","","approved","","","","",""
"question","v2.workflow.conditions.condition_03_field","v2.2","zh-Hans","fnv1a64:df415823535ac40f","decision.workflow.conditions.condition_03_field","workflow.conditions | short_text | v2.fact.workflow.conditions.v1","这项规则应检查哪一项申请信息？","请列出决定使用哪种处理方式的申请资料，例如金额、国家或采购类别。","","","approved","","","","",""
"question","v2.workflow.conditions.condition_03_comparison","v2.2","en","fnv1a64:df415823535ac40f","decision.workflow.conditions.condition_03_comparison","workflow.conditions | choice | v2.fact.workflow.conditions.v1","How should we compare that detail?","Choose the simple check to make. For example, ‘at least’ lets an amount of HK$10,000 or more use the different path.","","equals: Equals | not_equals: Does not equal | greater_than: Greater than | at_least: At least | less_than: Less than | at_most: At most","approved","","","","",""
"question","v2.workflow.conditions.condition_03_comparison","v2.2","zh-Hant","fnv1a64:df415823535ac40f","decision.workflow.conditions.condition_03_comparison","workflow.conditions | choice | v2.fact.workflow.conditions.v1","應如何比較這項資料？","選擇簡單的檢查方法。例如選「不少於」，金額為 HK$10,000 或以上便使用不同處理方式。","","equals: 等於 | not_equals: 不等於 | greater_than: 大於 | at_least: 不少於 | less_than: 小於 | at_most: 不多於","approved","","","","",""
"question","v2.workflow.conditions.condition_03_comparison","v2.2","zh-Hans","fnv1a64:df415823535ac40f","decision.workflow.conditions.condition_03_comparison","workflow.conditions | choice | v2.fact.workflow.conditions.v1","应如何比较这项资料？","选择简单的检查方法。例如选“不少于”，金额为 HK$10,000 或以上便使用不同处理方式。","","equals: 等于 | not_equals: 不等于 | greater_than: 大于 | at_least: 不少于 | less_than: 小于 | at_most: 不多于","approved","","","","",""
"question","v2.workflow.conditions.condition_03_value","v2.2","en","fnv1a64:df415823535ac40f","decision.workflow.conditions.condition_03_value","workflow.conditions | short_text | v2.fact.workflow.conditions.v1","What value should make this rule apply?","Enter the value used by the check, such as ‘10000’ for an amount or ‘Hong Kong’ for a location.","","","approved","","","","",""
"question","v2.workflow.conditions.condition_03_value","v2.2","zh-Hant","fnv1a64:df415823535ac40f","decision.workflow.conditions.condition_03_value","workflow.conditions | short_text | v2.fact.workflow.conditions.v1","甚麼數值會令這項規則適用？","填寫檢查時使用的數值，例如金額填「10000」，地點填「香港」。","","","approved","","","","",""
"question","v2.workflow.conditions.condition_03_value","v2.2","zh-Hans","fnv1a64:df415823535ac40f","decision.workflow.conditions.condition_03_value","workflow.conditions | short_text | v2.fact.workflow.conditions.v1","什么数值会让这项规则适用？","填写检查时使用的数值，例如金额填“10000”，地点填“香港”。","","","approved","","","","",""
"question","v2.workflow.conditions.condition_03_matching","v2.2","en","fnv1a64:df415823535ac40f","decision.workflow.conditions.condition_03_matching","workflow.conditions | short_text | v2.fact.workflow.conditions.v1","What should happen when it matches?","Say what should happen when the request meets this check, for example ‘send it to Finance before the manager’.","","","approved","","","","",""
"question","v2.workflow.conditions.condition_03_matching","v2.2","zh-Hant","fnv1a64:df415823535ac40f","decision.workflow.conditions.condition_03_matching","workflow.conditions | short_text | v2.fact.workflow.conditions.v1","符合時應如何處理？","說明申請符合此檢查時應如何處理，例如「先交財務部，再交經理」。","","","approved","","","","",""
"question","v2.workflow.conditions.condition_03_matching","v2.2","zh-Hans","fnv1a64:df415823535ac40f","decision.workflow.conditions.condition_03_matching","workflow.conditions | short_text | v2.fact.workflow.conditions.v1","符合时应如何处理？","说明申请符合此检查时应如何处理，例如“先交财务部，再交经理”。","","","approved","","","","",""
"question","v2.workflow.conditions.condition_03_otherwise","v2.2","en","fnv1a64:df415823535ac40f","decision.workflow.conditions.condition_03_otherwise","workflow.conditions | short_text | v2.fact.workflow.conditions.v1","What should happen when it does not match?","Say what should happen when the request does not meet the check. This is the normal path for the other requests.","","","approved","","","","",""
"question","v2.workflow.conditions.condition_03_otherwise","v2.2","zh-Hant","fnv1a64:df415823535ac40f","decision.workflow.conditions.condition_03_otherwise","workflow.conditions | short_text | v2.fact.workflow.conditions.v1","不符合時應如何處理？","說明申請不符合此檢查時應如何處理，這是其他申請的正常處理方式。","","","approved","","","","",""
"question","v2.workflow.conditions.condition_03_otherwise","v2.2","zh-Hans","fnv1a64:df415823535ac40f","decision.workflow.conditions.condition_03_otherwise","workflow.conditions | short_text | v2.fact.workflow.conditions.v1","不符合时应如何处理？","说明申请不符合此检查时应如何处理，这是其他申请的正常处理方式。","","","approved","","","","",""
"question","v2.workflow.conditions.add_another_03","v2.2","en","fnv1a64:df415823535ac40f","decision.workflow.conditions.add_another_03","workflow.conditions | choice | v2.fact.workflow.conditions.v1","Do you need another rule for different approval steps?","Choose Yes only if there is another different rule that sends requests along another path. Keep each rule simple.","","yes: Yes | no: No","approved","","","","",""
"question","v2.workflow.conditions.add_another_03","v2.2","zh-Hant","fnv1a64:df415823535ac40f","decision.workflow.conditions.add_another_03","workflow.conditions | choice | v2.fact.workflow.conditions.v1","是否需要另一項規則來決定不同的審批步驟？","只有另有一項不同規則會令申請走另一種處理方式時才選「是」。每項規則請保持簡單。","","yes: 是 | no: 否","approved","","","","",""
"question","v2.workflow.conditions.add_another_03","v2.2","zh-Hans","fnv1a64:df415823535ac40f","decision.workflow.conditions.add_another_03","workflow.conditions | choice | v2.fact.workflow.conditions.v1","是否需要另一项规则来决定不同的审批步骤？","只有另有一项不同规则会令申请走另一种处理方式时才选“是”。每项规则请保持简单。","","yes: 是 | no: 否","approved","","","","",""
"question","v2.workflow.conditions.condition_04_field","v2.2","en","fnv1a64:df415823535ac40f","decision.workflow.conditions.condition_04_field","workflow.conditions | short_text | v2.fact.workflow.conditions.v1","Which request detail should this rule check?","Name the request detail that decides which path to use, such as amount, country, or purchase type.","","","approved","","","","",""
"question","v2.workflow.conditions.condition_04_field","v2.2","zh-Hant","fnv1a64:df415823535ac40f","decision.workflow.conditions.condition_04_field","workflow.conditions | short_text | v2.fact.workflow.conditions.v1","這項規則應檢查哪一項申請資料？","請列出決定使用哪種處理方式的申請資料，例如金額、國家或採購類別。","","","approved","","","","",""
"question","v2.workflow.conditions.condition_04_field","v2.2","zh-Hans","fnv1a64:df415823535ac40f","decision.workflow.conditions.condition_04_field","workflow.conditions | short_text | v2.fact.workflow.conditions.v1","这项规则应检查哪一项申请信息？","请列出决定使用哪种处理方式的申请资料，例如金额、国家或采购类别。","","","approved","","","","",""
"question","v2.workflow.conditions.condition_04_comparison","v2.2","en","fnv1a64:df415823535ac40f","decision.workflow.conditions.condition_04_comparison","workflow.conditions | choice | v2.fact.workflow.conditions.v1","How should we compare that detail?","Choose the simple check to make. For example, ‘at least’ lets an amount of HK$10,000 or more use the different path.","","equals: Equals | not_equals: Does not equal | greater_than: Greater than | at_least: At least | less_than: Less than | at_most: At most","approved","","","","",""
"question","v2.workflow.conditions.condition_04_comparison","v2.2","zh-Hant","fnv1a64:df415823535ac40f","decision.workflow.conditions.condition_04_comparison","workflow.conditions | choice | v2.fact.workflow.conditions.v1","應如何比較這項資料？","選擇簡單的檢查方法。例如選「不少於」，金額為 HK$10,000 或以上便使用不同處理方式。","","equals: 等於 | not_equals: 不等於 | greater_than: 大於 | at_least: 不少於 | less_than: 小於 | at_most: 不多於","approved","","","","",""
"question","v2.workflow.conditions.condition_04_comparison","v2.2","zh-Hans","fnv1a64:df415823535ac40f","decision.workflow.conditions.condition_04_comparison","workflow.conditions | choice | v2.fact.workflow.conditions.v1","应如何比较这项资料？","选择简单的检查方法。例如选“不少于”，金额为 HK$10,000 或以上便使用不同处理方式。","","equals: 等于 | not_equals: 不等于 | greater_than: 大于 | at_least: 不少于 | less_than: 小于 | at_most: 不多于","approved","","","","",""
"question","v2.workflow.conditions.condition_04_value","v2.2","en","fnv1a64:df415823535ac40f","decision.workflow.conditions.condition_04_value","workflow.conditions | short_text | v2.fact.workflow.conditions.v1","What value should make this rule apply?","Enter the value used by the check, such as ‘10000’ for an amount or ‘Hong Kong’ for a location.","","","approved","","","","",""
"question","v2.workflow.conditions.condition_04_value","v2.2","zh-Hant","fnv1a64:df415823535ac40f","decision.workflow.conditions.condition_04_value","workflow.conditions | short_text | v2.fact.workflow.conditions.v1","甚麼數值會令這項規則適用？","填寫檢查時使用的數值，例如金額填「10000」，地點填「香港」。","","","approved","","","","",""
"question","v2.workflow.conditions.condition_04_value","v2.2","zh-Hans","fnv1a64:df415823535ac40f","decision.workflow.conditions.condition_04_value","workflow.conditions | short_text | v2.fact.workflow.conditions.v1","什么数值会让这项规则适用？","填写检查时使用的数值，例如金额填“10000”，地点填“香港”。","","","approved","","","","",""
"question","v2.workflow.conditions.condition_04_matching","v2.2","en","fnv1a64:df415823535ac40f","decision.workflow.conditions.condition_04_matching","workflow.conditions | short_text | v2.fact.workflow.conditions.v1","What should happen when it matches?","Say what should happen when the request meets this check, for example ‘send it to Finance before the manager’.","","","approved","","","","",""
"question","v2.workflow.conditions.condition_04_matching","v2.2","zh-Hant","fnv1a64:df415823535ac40f","decision.workflow.conditions.condition_04_matching","workflow.conditions | short_text | v2.fact.workflow.conditions.v1","符合時應如何處理？","說明申請符合此檢查時應如何處理，例如「先交財務部，再交經理」。","","","approved","","","","",""
"question","v2.workflow.conditions.condition_04_matching","v2.2","zh-Hans","fnv1a64:df415823535ac40f","decision.workflow.conditions.condition_04_matching","workflow.conditions | short_text | v2.fact.workflow.conditions.v1","符合时应如何处理？","说明申请符合此检查时应如何处理，例如“先交财务部，再交经理”。","","","approved","","","","",""
"question","v2.workflow.conditions.condition_04_otherwise","v2.2","en","fnv1a64:df415823535ac40f","decision.workflow.conditions.condition_04_otherwise","workflow.conditions | short_text | v2.fact.workflow.conditions.v1","What should happen when it does not match?","Say what should happen when the request does not meet the check. This is the normal path for the other requests.","","","approved","","","","",""
"question","v2.workflow.conditions.condition_04_otherwise","v2.2","zh-Hant","fnv1a64:df415823535ac40f","decision.workflow.conditions.condition_04_otherwise","workflow.conditions | short_text | v2.fact.workflow.conditions.v1","不符合時應如何處理？","說明申請不符合此檢查時應如何處理，這是其他申請的正常處理方式。","","","approved","","","","",""
"question","v2.workflow.conditions.condition_04_otherwise","v2.2","zh-Hans","fnv1a64:df415823535ac40f","decision.workflow.conditions.condition_04_otherwise","workflow.conditions | short_text | v2.fact.workflow.conditions.v1","不符合时应如何处理？","说明申请不符合此检查时应如何处理，这是其他申请的正常处理方式。","","","approved","","","","",""
"question","v2.workflow.conditions.add_another_04","v2.2","en","fnv1a64:df415823535ac40f","decision.workflow.conditions.add_another_04","workflow.conditions | choice | v2.fact.workflow.conditions.v1","Do you need another rule for different approval steps?","Choose Yes only if there is another different rule that sends requests along another path. Keep each rule simple.","","yes: Yes | no: No","approved","","","","",""
"question","v2.workflow.conditions.add_another_04","v2.2","zh-Hant","fnv1a64:df415823535ac40f","decision.workflow.conditions.add_another_04","workflow.conditions | choice | v2.fact.workflow.conditions.v1","是否需要另一項規則來決定不同的審批步驟？","只有另有一項不同規則會令申請走另一種處理方式時才選「是」。每項規則請保持簡單。","","yes: 是 | no: 否","approved","","","","",""
"question","v2.workflow.conditions.add_another_04","v2.2","zh-Hans","fnv1a64:df415823535ac40f","decision.workflow.conditions.add_another_04","workflow.conditions | choice | v2.fact.workflow.conditions.v1","是否需要另一项规则来决定不同的审批步骤？","只有另有一项不同规则会令申请走另一种处理方式时才选“是”。每项规则请保持简单。","","yes: 是 | no: 否","approved","","","","",""
"question","v2.workflow.conditions.condition_05_field","v2.2","en","fnv1a64:df415823535ac40f","decision.workflow.conditions.condition_05_field","workflow.conditions | short_text | v2.fact.workflow.conditions.v1","Which request detail should this rule check?","Name the request detail that decides which path to use, such as amount, country, or purchase type.","","","approved","","","","",""
"question","v2.workflow.conditions.condition_05_field","v2.2","zh-Hant","fnv1a64:df415823535ac40f","decision.workflow.conditions.condition_05_field","workflow.conditions | short_text | v2.fact.workflow.conditions.v1","這項規則應檢查哪一項申請資料？","請列出決定使用哪種處理方式的申請資料，例如金額、國家或採購類別。","","","approved","","","","",""
"question","v2.workflow.conditions.condition_05_field","v2.2","zh-Hans","fnv1a64:df415823535ac40f","decision.workflow.conditions.condition_05_field","workflow.conditions | short_text | v2.fact.workflow.conditions.v1","这项规则应检查哪一项申请信息？","请列出决定使用哪种处理方式的申请资料，例如金额、国家或采购类别。","","","approved","","","","",""
"question","v2.workflow.conditions.condition_05_comparison","v2.2","en","fnv1a64:df415823535ac40f","decision.workflow.conditions.condition_05_comparison","workflow.conditions | choice | v2.fact.workflow.conditions.v1","How should we compare that detail?","Choose the simple check to make. For example, ‘at least’ lets an amount of HK$10,000 or more use the different path.","","equals: Equals | not_equals: Does not equal | greater_than: Greater than | at_least: At least | less_than: Less than | at_most: At most","approved","","","","",""
"question","v2.workflow.conditions.condition_05_comparison","v2.2","zh-Hant","fnv1a64:df415823535ac40f","decision.workflow.conditions.condition_05_comparison","workflow.conditions | choice | v2.fact.workflow.conditions.v1","應如何比較這項資料？","選擇簡單的檢查方法。例如選「不少於」，金額為 HK$10,000 或以上便使用不同處理方式。","","equals: 等於 | not_equals: 不等於 | greater_than: 大於 | at_least: 不少於 | less_than: 小於 | at_most: 不多於","approved","","","","",""
"question","v2.workflow.conditions.condition_05_comparison","v2.2","zh-Hans","fnv1a64:df415823535ac40f","decision.workflow.conditions.condition_05_comparison","workflow.conditions | choice | v2.fact.workflow.conditions.v1","应如何比较这项资料？","选择简单的检查方法。例如选“不少于”，金额为 HK$10,000 或以上便使用不同处理方式。","","equals: 等于 | not_equals: 不等于 | greater_than: 大于 | at_least: 不少于 | less_than: 小于 | at_most: 不多于","approved","","","","",""
"question","v2.workflow.conditions.condition_05_value","v2.2","en","fnv1a64:df415823535ac40f","decision.workflow.conditions.condition_05_value","workflow.conditions | short_text | v2.fact.workflow.conditions.v1","What value should make this rule apply?","Enter the value used by the check, such as ‘10000’ for an amount or ‘Hong Kong’ for a location.","","","approved","","","","",""
"question","v2.workflow.conditions.condition_05_value","v2.2","zh-Hant","fnv1a64:df415823535ac40f","decision.workflow.conditions.condition_05_value","workflow.conditions | short_text | v2.fact.workflow.conditions.v1","甚麼數值會令這項規則適用？","填寫檢查時使用的數值，例如金額填「10000」，地點填「香港」。","","","approved","","","","",""
"question","v2.workflow.conditions.condition_05_value","v2.2","zh-Hans","fnv1a64:df415823535ac40f","decision.workflow.conditions.condition_05_value","workflow.conditions | short_text | v2.fact.workflow.conditions.v1","什么数值会让这项规则适用？","填写检查时使用的数值，例如金额填“10000”，地点填“香港”。","","","approved","","","","",""
"question","v2.workflow.conditions.condition_05_matching","v2.2","en","fnv1a64:df415823535ac40f","decision.workflow.conditions.condition_05_matching","workflow.conditions | short_text | v2.fact.workflow.conditions.v1","What should happen when it matches?","Say what should happen when the request meets this check, for example ‘send it to Finance before the manager’.","","","approved","","","","",""
"question","v2.workflow.conditions.condition_05_matching","v2.2","zh-Hant","fnv1a64:df415823535ac40f","decision.workflow.conditions.condition_05_matching","workflow.conditions | short_text | v2.fact.workflow.conditions.v1","符合時應如何處理？","說明申請符合此檢查時應如何處理，例如「先交財務部，再交經理」。","","","approved","","","","",""
"question","v2.workflow.conditions.condition_05_matching","v2.2","zh-Hans","fnv1a64:df415823535ac40f","decision.workflow.conditions.condition_05_matching","workflow.conditions | short_text | v2.fact.workflow.conditions.v1","符合时应如何处理？","说明申请符合此检查时应如何处理，例如“先交财务部，再交经理”。","","","approved","","","","",""
"question","v2.workflow.conditions.condition_05_otherwise","v2.2","en","fnv1a64:df415823535ac40f","decision.workflow.conditions.condition_05_otherwise","workflow.conditions | short_text | v2.fact.workflow.conditions.v1","What should happen when it does not match?","Say what should happen when the request does not meet the check. This is the normal path for the other requests.","","","approved","","","","",""
"question","v2.workflow.conditions.condition_05_otherwise","v2.2","zh-Hant","fnv1a64:df415823535ac40f","decision.workflow.conditions.condition_05_otherwise","workflow.conditions | short_text | v2.fact.workflow.conditions.v1","不符合時應如何處理？","說明申請不符合此檢查時應如何處理，這是其他申請的正常處理方式。","","","approved","","","","",""
"question","v2.workflow.conditions.condition_05_otherwise","v2.2","zh-Hans","fnv1a64:df415823535ac40f","decision.workflow.conditions.condition_05_otherwise","workflow.conditions | short_text | v2.fact.workflow.conditions.v1","不符合时应如何处理？","说明申请不符合此检查时应如何处理，这是其他申请的正常处理方式。","","","approved","","","","",""
"question","v2.workflow.conditions.add_another_05","v2.2","en","fnv1a64:df415823535ac40f","decision.workflow.conditions.add_another_05","workflow.conditions | choice | v2.fact.workflow.conditions.v1","Do you need another rule for different approval steps?","Choose Yes only if there is another different rule that sends requests along another path. Keep each rule simple.","","yes: Yes | no: No","approved","","","","",""
"question","v2.workflow.conditions.add_another_05","v2.2","zh-Hant","fnv1a64:df415823535ac40f","decision.workflow.conditions.add_another_05","workflow.conditions | choice | v2.fact.workflow.conditions.v1","是否需要另一項規則來決定不同的審批步驟？","只有另有一項不同規則會令申請走另一種處理方式時才選「是」。每項規則請保持簡單。","","yes: 是 | no: 否","approved","","","","",""
"question","v2.workflow.conditions.add_another_05","v2.2","zh-Hans","fnv1a64:df415823535ac40f","decision.workflow.conditions.add_another_05","workflow.conditions | choice | v2.fact.workflow.conditions.v1","是否需要另一项规则来决定不同的审批步骤？","只有另有一项不同规则会令申请走另一种处理方式时才选“是”。每项规则请保持简单。","","yes: 是 | no: 否","approved","","","","",""
"question","v2.workflow.conditions.condition_06_field","v2.2","en","fnv1a64:df415823535ac40f","decision.workflow.conditions.condition_06_field","workflow.conditions | short_text | v2.fact.workflow.conditions.v1","Which request detail should this rule check?","Name the request detail that decides which path to use, such as amount, country, or purchase type.","","","approved","","","","",""
"question","v2.workflow.conditions.condition_06_field","v2.2","zh-Hant","fnv1a64:df415823535ac40f","decision.workflow.conditions.condition_06_field","workflow.conditions | short_text | v2.fact.workflow.conditions.v1","這項規則應檢查哪一項申請資料？","請列出決定使用哪種處理方式的申請資料，例如金額、國家或採購類別。","","","approved","","","","",""
"question","v2.workflow.conditions.condition_06_field","v2.2","zh-Hans","fnv1a64:df415823535ac40f","decision.workflow.conditions.condition_06_field","workflow.conditions | short_text | v2.fact.workflow.conditions.v1","这项规则应检查哪一项申请信息？","请列出决定使用哪种处理方式的申请资料，例如金额、国家或采购类别。","","","approved","","","","",""
"question","v2.workflow.conditions.condition_06_comparison","v2.2","en","fnv1a64:df415823535ac40f","decision.workflow.conditions.condition_06_comparison","workflow.conditions | choice | v2.fact.workflow.conditions.v1","How should we compare that detail?","Choose the simple check to make. For example, ‘at least’ lets an amount of HK$10,000 or more use the different path.","","equals: Equals | not_equals: Does not equal | greater_than: Greater than | at_least: At least | less_than: Less than | at_most: At most","approved","","","","",""
"question","v2.workflow.conditions.condition_06_comparison","v2.2","zh-Hant","fnv1a64:df415823535ac40f","decision.workflow.conditions.condition_06_comparison","workflow.conditions | choice | v2.fact.workflow.conditions.v1","應如何比較這項資料？","選擇簡單的檢查方法。例如選「不少於」，金額為 HK$10,000 或以上便使用不同處理方式。","","equals: 等於 | not_equals: 不等於 | greater_than: 大於 | at_least: 不少於 | less_than: 小於 | at_most: 不多於","approved","","","","",""
"question","v2.workflow.conditions.condition_06_comparison","v2.2","zh-Hans","fnv1a64:df415823535ac40f","decision.workflow.conditions.condition_06_comparison","workflow.conditions | choice | v2.fact.workflow.conditions.v1","应如何比较这项资料？","选择简单的检查方法。例如选“不少于”，金额为 HK$10,000 或以上便使用不同处理方式。","","equals: 等于 | not_equals: 不等于 | greater_than: 大于 | at_least: 不少于 | less_than: 小于 | at_most: 不多于","approved","","","","",""
"question","v2.workflow.conditions.condition_06_value","v2.2","en","fnv1a64:df415823535ac40f","decision.workflow.conditions.condition_06_value","workflow.conditions | short_text | v2.fact.workflow.conditions.v1","What value should make this rule apply?","Enter the value used by the check, such as ‘10000’ for an amount or ‘Hong Kong’ for a location.","","","approved","","","","",""
"question","v2.workflow.conditions.condition_06_value","v2.2","zh-Hant","fnv1a64:df415823535ac40f","decision.workflow.conditions.condition_06_value","workflow.conditions | short_text | v2.fact.workflow.conditions.v1","甚麼數值會令這項規則適用？","填寫檢查時使用的數值，例如金額填「10000」，地點填「香港」。","","","approved","","","","",""
"question","v2.workflow.conditions.condition_06_value","v2.2","zh-Hans","fnv1a64:df415823535ac40f","decision.workflow.conditions.condition_06_value","workflow.conditions | short_text | v2.fact.workflow.conditions.v1","什么数值会让这项规则适用？","填写检查时使用的数值，例如金额填“10000”，地点填“香港”。","","","approved","","","","",""
"question","v2.workflow.conditions.condition_06_matching","v2.2","en","fnv1a64:df415823535ac40f","decision.workflow.conditions.condition_06_matching","workflow.conditions | short_text | v2.fact.workflow.conditions.v1","What should happen when it matches?","Say what should happen when the request meets this check, for example ‘send it to Finance before the manager’.","","","approved","","","","",""
"question","v2.workflow.conditions.condition_06_matching","v2.2","zh-Hant","fnv1a64:df415823535ac40f","decision.workflow.conditions.condition_06_matching","workflow.conditions | short_text | v2.fact.workflow.conditions.v1","符合時應如何處理？","說明申請符合此檢查時應如何處理，例如「先交財務部，再交經理」。","","","approved","","","","",""
"question","v2.workflow.conditions.condition_06_matching","v2.2","zh-Hans","fnv1a64:df415823535ac40f","decision.workflow.conditions.condition_06_matching","workflow.conditions | short_text | v2.fact.workflow.conditions.v1","符合时应如何处理？","说明申请符合此检查时应如何处理，例如“先交财务部，再交经理”。","","","approved","","","","",""
"question","v2.workflow.conditions.condition_06_otherwise","v2.2","en","fnv1a64:df415823535ac40f","decision.workflow.conditions.condition_06_otherwise","workflow.conditions | short_text | v2.fact.workflow.conditions.v1","What should happen when it does not match?","Say what should happen when the request does not meet the check. This is the normal path for the other requests.","","","approved","","","","",""
"question","v2.workflow.conditions.condition_06_otherwise","v2.2","zh-Hant","fnv1a64:df415823535ac40f","decision.workflow.conditions.condition_06_otherwise","workflow.conditions | short_text | v2.fact.workflow.conditions.v1","不符合時應如何處理？","說明申請不符合此檢查時應如何處理，這是其他申請的正常處理方式。","","","approved","","","","",""
"question","v2.workflow.conditions.condition_06_otherwise","v2.2","zh-Hans","fnv1a64:df415823535ac40f","decision.workflow.conditions.condition_06_otherwise","workflow.conditions | short_text | v2.fact.workflow.conditions.v1","不符合时应如何处理？","说明申请不符合此检查时应如何处理，这是其他申请的正常处理方式。","","","approved","","","","",""
"question","v2.workflow.conditions.add_another_06","v2.2","en","fnv1a64:df415823535ac40f","decision.workflow.conditions.add_another_06","workflow.conditions | choice | v2.fact.workflow.conditions.v1","Do you need another rule for different approval steps?","Choose Yes only if there is another different rule that sends requests along another path. Keep each rule simple.","","yes: Yes | no: No","approved","","","","",""
"question","v2.workflow.conditions.add_another_06","v2.2","zh-Hant","fnv1a64:df415823535ac40f","decision.workflow.conditions.add_another_06","workflow.conditions | choice | v2.fact.workflow.conditions.v1","是否需要另一項規則來決定不同的審批步驟？","只有另有一項不同規則會令申請走另一種處理方式時才選「是」。每項規則請保持簡單。","","yes: 是 | no: 否","approved","","","","",""
"question","v2.workflow.conditions.add_another_06","v2.2","zh-Hans","fnv1a64:df415823535ac40f","decision.workflow.conditions.add_another_06","workflow.conditions | choice | v2.fact.workflow.conditions.v1","是否需要另一项规则来决定不同的审批步骤？","只有另有一项不同规则会令申请走另一种处理方式时才选“是”。每项规则请保持简单。","","yes: 是 | no: 否","approved","","","","",""
"question","v2.workflow.conditions.condition_07_field","v2.2","en","fnv1a64:df415823535ac40f","decision.workflow.conditions.condition_07_field","workflow.conditions | short_text | v2.fact.workflow.conditions.v1","Which request detail should this rule check?","Name the request detail that decides which path to use, such as amount, country, or purchase type.","","","approved","","","","",""
"question","v2.workflow.conditions.condition_07_field","v2.2","zh-Hant","fnv1a64:df415823535ac40f","decision.workflow.conditions.condition_07_field","workflow.conditions | short_text | v2.fact.workflow.conditions.v1","這項規則應檢查哪一項申請資料？","請列出決定使用哪種處理方式的申請資料，例如金額、國家或採購類別。","","","approved","","","","",""
"question","v2.workflow.conditions.condition_07_field","v2.2","zh-Hans","fnv1a64:df415823535ac40f","decision.workflow.conditions.condition_07_field","workflow.conditions | short_text | v2.fact.workflow.conditions.v1","这项规则应检查哪一项申请信息？","请列出决定使用哪种处理方式的申请资料，例如金额、国家或采购类别。","","","approved","","","","",""
"question","v2.workflow.conditions.condition_07_comparison","v2.2","en","fnv1a64:df415823535ac40f","decision.workflow.conditions.condition_07_comparison","workflow.conditions | choice | v2.fact.workflow.conditions.v1","How should we compare that detail?","Choose the simple check to make. For example, ‘at least’ lets an amount of HK$10,000 or more use the different path.","","equals: Equals | not_equals: Does not equal | greater_than: Greater than | at_least: At least | less_than: Less than | at_most: At most","approved","","","","",""
"question","v2.workflow.conditions.condition_07_comparison","v2.2","zh-Hant","fnv1a64:df415823535ac40f","decision.workflow.conditions.condition_07_comparison","workflow.conditions | choice | v2.fact.workflow.conditions.v1","應如何比較這項資料？","選擇簡單的檢查方法。例如選「不少於」，金額為 HK$10,000 或以上便使用不同處理方式。","","equals: 等於 | not_equals: 不等於 | greater_than: 大於 | at_least: 不少於 | less_than: 小於 | at_most: 不多於","approved","","","","",""
"question","v2.workflow.conditions.condition_07_comparison","v2.2","zh-Hans","fnv1a64:df415823535ac40f","decision.workflow.conditions.condition_07_comparison","workflow.conditions | choice | v2.fact.workflow.conditions.v1","应如何比较这项资料？","选择简单的检查方法。例如选“不少于”，金额为 HK$10,000 或以上便使用不同处理方式。","","equals: 等于 | not_equals: 不等于 | greater_than: 大于 | at_least: 不少于 | less_than: 小于 | at_most: 不多于","approved","","","","",""
"question","v2.workflow.conditions.condition_07_value","v2.2","en","fnv1a64:df415823535ac40f","decision.workflow.conditions.condition_07_value","workflow.conditions | short_text | v2.fact.workflow.conditions.v1","What value should make this rule apply?","Enter the value used by the check, such as ‘10000’ for an amount or ‘Hong Kong’ for a location.","","","approved","","","","",""
"question","v2.workflow.conditions.condition_07_value","v2.2","zh-Hant","fnv1a64:df415823535ac40f","decision.workflow.conditions.condition_07_value","workflow.conditions | short_text | v2.fact.workflow.conditions.v1","甚麼數值會令這項規則適用？","填寫檢查時使用的數值，例如金額填「10000」，地點填「香港」。","","","approved","","","","",""
"question","v2.workflow.conditions.condition_07_value","v2.2","zh-Hans","fnv1a64:df415823535ac40f","decision.workflow.conditions.condition_07_value","workflow.conditions | short_text | v2.fact.workflow.conditions.v1","什么数值会让这项规则适用？","填写检查时使用的数值，例如金额填“10000”，地点填“香港”。","","","approved","","","","",""
"question","v2.workflow.conditions.condition_07_matching","v2.2","en","fnv1a64:df415823535ac40f","decision.workflow.conditions.condition_07_matching","workflow.conditions | short_text | v2.fact.workflow.conditions.v1","What should happen when it matches?","Say what should happen when the request meets this check, for example ‘send it to Finance before the manager’.","","","approved","","","","",""
"question","v2.workflow.conditions.condition_07_matching","v2.2","zh-Hant","fnv1a64:df415823535ac40f","decision.workflow.conditions.condition_07_matching","workflow.conditions | short_text | v2.fact.workflow.conditions.v1","符合時應如何處理？","說明申請符合此檢查時應如何處理，例如「先交財務部，再交經理」。","","","approved","","","","",""
"question","v2.workflow.conditions.condition_07_matching","v2.2","zh-Hans","fnv1a64:df415823535ac40f","decision.workflow.conditions.condition_07_matching","workflow.conditions | short_text | v2.fact.workflow.conditions.v1","符合时应如何处理？","说明申请符合此检查时应如何处理，例如“先交财务部，再交经理”。","","","approved","","","","",""
"question","v2.workflow.conditions.condition_07_otherwise","v2.2","en","fnv1a64:df415823535ac40f","decision.workflow.conditions.condition_07_otherwise","workflow.conditions | short_text | v2.fact.workflow.conditions.v1","What should happen when it does not match?","Say what should happen when the request does not meet the check. This is the normal path for the other requests.","","","approved","","","","",""
"question","v2.workflow.conditions.condition_07_otherwise","v2.2","zh-Hant","fnv1a64:df415823535ac40f","decision.workflow.conditions.condition_07_otherwise","workflow.conditions | short_text | v2.fact.workflow.conditions.v1","不符合時應如何處理？","說明申請不符合此檢查時應如何處理，這是其他申請的正常處理方式。","","","approved","","","","",""
"question","v2.workflow.conditions.condition_07_otherwise","v2.2","zh-Hans","fnv1a64:df415823535ac40f","decision.workflow.conditions.condition_07_otherwise","workflow.conditions | short_text | v2.fact.workflow.conditions.v1","不符合时应如何处理？","说明申请不符合此检查时应如何处理，这是其他申请的正常处理方式。","","","approved","","","","",""
"question","v2.workflow.conditions.add_another_07","v2.2","en","fnv1a64:df415823535ac40f","decision.workflow.conditions.add_another_07","workflow.conditions | choice | v2.fact.workflow.conditions.v1","Do you need another rule for different approval steps?","Choose Yes only if there is another different rule that sends requests along another path. Keep each rule simple.","","yes: Yes | no: No","approved","","","","",""
"question","v2.workflow.conditions.add_another_07","v2.2","zh-Hant","fnv1a64:df415823535ac40f","decision.workflow.conditions.add_another_07","workflow.conditions | choice | v2.fact.workflow.conditions.v1","是否需要另一項規則來決定不同的審批步驟？","只有另有一項不同規則會令申請走另一種處理方式時才選「是」。每項規則請保持簡單。","","yes: 是 | no: 否","approved","","","","",""
"question","v2.workflow.conditions.add_another_07","v2.2","zh-Hans","fnv1a64:df415823535ac40f","decision.workflow.conditions.add_another_07","workflow.conditions | choice | v2.fact.workflow.conditions.v1","是否需要另一项规则来决定不同的审批步骤？","只有另有一项不同规则会令申请走另一种处理方式时才选“是”。每项规则请保持简单。","","yes: 是 | no: 否","approved","","","","",""
"question","v2.workflow.conditions.condition_08_field","v2.2","en","fnv1a64:df415823535ac40f","decision.workflow.conditions.condition_08_field","workflow.conditions | short_text | v2.fact.workflow.conditions.v1","Which request detail should this rule check?","Name the request detail that decides which path to use, such as amount, country, or purchase type.","","","approved","","","","",""
"question","v2.workflow.conditions.condition_08_field","v2.2","zh-Hant","fnv1a64:df415823535ac40f","decision.workflow.conditions.condition_08_field","workflow.conditions | short_text | v2.fact.workflow.conditions.v1","這項規則應檢查哪一項申請資料？","請列出決定使用哪種處理方式的申請資料，例如金額、國家或採購類別。","","","approved","","","","",""
"question","v2.workflow.conditions.condition_08_field","v2.2","zh-Hans","fnv1a64:df415823535ac40f","decision.workflow.conditions.condition_08_field","workflow.conditions | short_text | v2.fact.workflow.conditions.v1","这项规则应检查哪一项申请信息？","请列出决定使用哪种处理方式的申请资料，例如金额、国家或采购类别。","","","approved","","","","",""
"question","v2.workflow.conditions.condition_08_comparison","v2.2","en","fnv1a64:df415823535ac40f","decision.workflow.conditions.condition_08_comparison","workflow.conditions | choice | v2.fact.workflow.conditions.v1","How should we compare that detail?","Choose the simple check to make. For example, ‘at least’ lets an amount of HK$10,000 or more use the different path.","","equals: Equals | not_equals: Does not equal | greater_than: Greater than | at_least: At least | less_than: Less than | at_most: At most","approved","","","","",""
"question","v2.workflow.conditions.condition_08_comparison","v2.2","zh-Hant","fnv1a64:df415823535ac40f","decision.workflow.conditions.condition_08_comparison","workflow.conditions | choice | v2.fact.workflow.conditions.v1","應如何比較這項資料？","選擇簡單的檢查方法。例如選「不少於」，金額為 HK$10,000 或以上便使用不同處理方式。","","equals: 等於 | not_equals: 不等於 | greater_than: 大於 | at_least: 不少於 | less_than: 小於 | at_most: 不多於","approved","","","","",""
"question","v2.workflow.conditions.condition_08_comparison","v2.2","zh-Hans","fnv1a64:df415823535ac40f","decision.workflow.conditions.condition_08_comparison","workflow.conditions | choice | v2.fact.workflow.conditions.v1","应如何比较这项资料？","选择简单的检查方法。例如选“不少于”，金额为 HK$10,000 或以上便使用不同处理方式。","","equals: 等于 | not_equals: 不等于 | greater_than: 大于 | at_least: 不少于 | less_than: 小于 | at_most: 不多于","approved","","","","",""
"question","v2.workflow.conditions.condition_08_value","v2.2","en","fnv1a64:df415823535ac40f","decision.workflow.conditions.condition_08_value","workflow.conditions | short_text | v2.fact.workflow.conditions.v1","What value should make this rule apply?","Enter the value used by the check, such as ‘10000’ for an amount or ‘Hong Kong’ for a location.","","","approved","","","","",""
"question","v2.workflow.conditions.condition_08_value","v2.2","zh-Hant","fnv1a64:df415823535ac40f","decision.workflow.conditions.condition_08_value","workflow.conditions | short_text | v2.fact.workflow.conditions.v1","甚麼數值會令這項規則適用？","填寫檢查時使用的數值，例如金額填「10000」，地點填「香港」。","","","approved","","","","",""
"question","v2.workflow.conditions.condition_08_value","v2.2","zh-Hans","fnv1a64:df415823535ac40f","decision.workflow.conditions.condition_08_value","workflow.conditions | short_text | v2.fact.workflow.conditions.v1","什么数值会让这项规则适用？","填写检查时使用的数值，例如金额填“10000”，地点填“香港”。","","","approved","","","","",""
"question","v2.workflow.conditions.condition_08_matching","v2.2","en","fnv1a64:df415823535ac40f","decision.workflow.conditions.condition_08_matching","workflow.conditions | short_text | v2.fact.workflow.conditions.v1","What should happen when it matches?","Say what should happen when the request meets this check, for example ‘send it to Finance before the manager’.","","","approved","","","","",""
"question","v2.workflow.conditions.condition_08_matching","v2.2","zh-Hant","fnv1a64:df415823535ac40f","decision.workflow.conditions.condition_08_matching","workflow.conditions | short_text | v2.fact.workflow.conditions.v1","符合時應如何處理？","說明申請符合此檢查時應如何處理，例如「先交財務部，再交經理」。","","","approved","","","","",""
"question","v2.workflow.conditions.condition_08_matching","v2.2","zh-Hans","fnv1a64:df415823535ac40f","decision.workflow.conditions.condition_08_matching","workflow.conditions | short_text | v2.fact.workflow.conditions.v1","符合时应如何处理？","说明申请符合此检查时应如何处理，例如“先交财务部，再交经理”。","","","approved","","","","",""
"question","v2.workflow.conditions.condition_08_otherwise","v2.2","en","fnv1a64:df415823535ac40f","decision.workflow.conditions.condition_08_otherwise","workflow.conditions | short_text | v2.fact.workflow.conditions.v1","What should happen when it does not match?","Say what should happen when the request does not meet the check. This is the normal path for the other requests.","","","approved","","","","",""
"question","v2.workflow.conditions.condition_08_otherwise","v2.2","zh-Hant","fnv1a64:df415823535ac40f","decision.workflow.conditions.condition_08_otherwise","workflow.conditions | short_text | v2.fact.workflow.conditions.v1","不符合時應如何處理？","說明申請不符合此檢查時應如何處理，這是其他申請的正常處理方式。","","","approved","","","","",""
"question","v2.workflow.conditions.condition_08_otherwise","v2.2","zh-Hans","fnv1a64:df415823535ac40f","decision.workflow.conditions.condition_08_otherwise","workflow.conditions | short_text | v2.fact.workflow.conditions.v1","不符合时应如何处理？","说明申请不符合此检查时应如何处理，这是其他申请的正常处理方式。","","","approved","","","","",""
"question","v2.workflow.conditions.add_another_08","v2.2","en","fnv1a64:df415823535ac40f","decision.workflow.conditions.add_another_08","workflow.conditions | choice | v2.fact.workflow.conditions.v1","Do you need another rule for different approval steps?","Choose Yes only if there is another different rule that sends requests along another path. Keep each rule simple.","","yes: Yes | no: No","approved","","","","",""
"question","v2.workflow.conditions.add_another_08","v2.2","zh-Hant","fnv1a64:df415823535ac40f","decision.workflow.conditions.add_another_08","workflow.conditions | choice | v2.fact.workflow.conditions.v1","是否需要另一項規則來決定不同的審批步驟？","只有另有一項不同規則會令申請走另一種處理方式時才選「是」。每項規則請保持簡單。","","yes: 是 | no: 否","approved","","","","",""
"question","v2.workflow.conditions.add_another_08","v2.2","zh-Hans","fnv1a64:df415823535ac40f","decision.workflow.conditions.add_another_08","workflow.conditions | choice | v2.fact.workflow.conditions.v1","是否需要另一项规则来决定不同的审批步骤？","只有另有一项不同规则会令申请走另一种处理方式时才选“是”。每项规则请保持简单。","","yes: 是 | no: 否","approved","","","","",""
"question","v2.workflow.conditions.condition_09_field","v2.2","en","fnv1a64:df415823535ac40f","decision.workflow.conditions.condition_09_field","workflow.conditions | short_text | v2.fact.workflow.conditions.v1","Which request detail should this rule check?","Name the request detail that decides which path to use, such as amount, country, or purchase type.","","","approved","","","","",""
"question","v2.workflow.conditions.condition_09_field","v2.2","zh-Hant","fnv1a64:df415823535ac40f","decision.workflow.conditions.condition_09_field","workflow.conditions | short_text | v2.fact.workflow.conditions.v1","這項規則應檢查哪一項申請資料？","請列出決定使用哪種處理方式的申請資料，例如金額、國家或採購類別。","","","approved","","","","",""
"question","v2.workflow.conditions.condition_09_field","v2.2","zh-Hans","fnv1a64:df415823535ac40f","decision.workflow.conditions.condition_09_field","workflow.conditions | short_text | v2.fact.workflow.conditions.v1","这项规则应检查哪一项申请信息？","请列出决定使用哪种处理方式的申请资料，例如金额、国家或采购类别。","","","approved","","","","",""
"question","v2.workflow.conditions.condition_09_comparison","v2.2","en","fnv1a64:df415823535ac40f","decision.workflow.conditions.condition_09_comparison","workflow.conditions | choice | v2.fact.workflow.conditions.v1","How should we compare that detail?","Choose the simple check to make. For example, ‘at least’ lets an amount of HK$10,000 or more use the different path.","","equals: Equals | not_equals: Does not equal | greater_than: Greater than | at_least: At least | less_than: Less than | at_most: At most","approved","","","","",""
"question","v2.workflow.conditions.condition_09_comparison","v2.2","zh-Hant","fnv1a64:df415823535ac40f","decision.workflow.conditions.condition_09_comparison","workflow.conditions | choice | v2.fact.workflow.conditions.v1","應如何比較這項資料？","選擇簡單的檢查方法。例如選「不少於」，金額為 HK$10,000 或以上便使用不同處理方式。","","equals: 等於 | not_equals: 不等於 | greater_than: 大於 | at_least: 不少於 | less_than: 小於 | at_most: 不多於","approved","","","","",""
"question","v2.workflow.conditions.condition_09_comparison","v2.2","zh-Hans","fnv1a64:df415823535ac40f","decision.workflow.conditions.condition_09_comparison","workflow.conditions | choice | v2.fact.workflow.conditions.v1","应如何比较这项资料？","选择简单的检查方法。例如选“不少于”，金额为 HK$10,000 或以上便使用不同处理方式。","","equals: 等于 | not_equals: 不等于 | greater_than: 大于 | at_least: 不少于 | less_than: 小于 | at_most: 不多于","approved","","","","",""
"question","v2.workflow.conditions.condition_09_value","v2.2","en","fnv1a64:df415823535ac40f","decision.workflow.conditions.condition_09_value","workflow.conditions | short_text | v2.fact.workflow.conditions.v1","What value should make this rule apply?","Enter the value used by the check, such as ‘10000’ for an amount or ‘Hong Kong’ for a location.","","","approved","","","","",""
"question","v2.workflow.conditions.condition_09_value","v2.2","zh-Hant","fnv1a64:df415823535ac40f","decision.workflow.conditions.condition_09_value","workflow.conditions | short_text | v2.fact.workflow.conditions.v1","甚麼數值會令這項規則適用？","填寫檢查時使用的數值，例如金額填「10000」，地點填「香港」。","","","approved","","","","",""
"question","v2.workflow.conditions.condition_09_value","v2.2","zh-Hans","fnv1a64:df415823535ac40f","decision.workflow.conditions.condition_09_value","workflow.conditions | short_text | v2.fact.workflow.conditions.v1","什么数值会让这项规则适用？","填写检查时使用的数值，例如金额填“10000”，地点填“香港”。","","","approved","","","","",""
"question","v2.workflow.conditions.condition_09_matching","v2.2","en","fnv1a64:df415823535ac40f","decision.workflow.conditions.condition_09_matching","workflow.conditions | short_text | v2.fact.workflow.conditions.v1","What should happen when it matches?","Say what should happen when the request meets this check, for example ‘send it to Finance before the manager’.","","","approved","","","","",""
"question","v2.workflow.conditions.condition_09_matching","v2.2","zh-Hant","fnv1a64:df415823535ac40f","decision.workflow.conditions.condition_09_matching","workflow.conditions | short_text | v2.fact.workflow.conditions.v1","符合時應如何處理？","說明申請符合此檢查時應如何處理，例如「先交財務部，再交經理」。","","","approved","","","","",""
"question","v2.workflow.conditions.condition_09_matching","v2.2","zh-Hans","fnv1a64:df415823535ac40f","decision.workflow.conditions.condition_09_matching","workflow.conditions | short_text | v2.fact.workflow.conditions.v1","符合时应如何处理？","说明申请符合此检查时应如何处理，例如“先交财务部，再交经理”。","","","approved","","","","",""
"question","v2.workflow.conditions.condition_09_otherwise","v2.2","en","fnv1a64:df415823535ac40f","decision.workflow.conditions.condition_09_otherwise","workflow.conditions | short_text | v2.fact.workflow.conditions.v1","What should happen when it does not match?","Say what should happen when the request does not meet the check. This is the normal path for the other requests.","","","approved","","","","",""
"question","v2.workflow.conditions.condition_09_otherwise","v2.2","zh-Hant","fnv1a64:df415823535ac40f","decision.workflow.conditions.condition_09_otherwise","workflow.conditions | short_text | v2.fact.workflow.conditions.v1","不符合時應如何處理？","說明申請不符合此檢查時應如何處理，這是其他申請的正常處理方式。","","","approved","","","","",""
"question","v2.workflow.conditions.condition_09_otherwise","v2.2","zh-Hans","fnv1a64:df415823535ac40f","decision.workflow.conditions.condition_09_otherwise","workflow.conditions | short_text | v2.fact.workflow.conditions.v1","不符合时应如何处理？","说明申请不符合此检查时应如何处理，这是其他申请的正常处理方式。","","","approved","","","","",""
"question","v2.workflow.conditions.add_another_09","v2.2","en","fnv1a64:df415823535ac40f","decision.workflow.conditions.add_another_09","workflow.conditions | choice | v2.fact.workflow.conditions.v1","Do you need another rule for different approval steps?","Choose Yes only if there is another different rule that sends requests along another path. Keep each rule simple.","","yes: Yes | no: No","approved","","","","",""
"question","v2.workflow.conditions.add_another_09","v2.2","zh-Hant","fnv1a64:df415823535ac40f","decision.workflow.conditions.add_another_09","workflow.conditions | choice | v2.fact.workflow.conditions.v1","是否需要另一項規則來決定不同的審批步驟？","只有另有一項不同規則會令申請走另一種處理方式時才選「是」。每項規則請保持簡單。","","yes: 是 | no: 否","approved","","","","",""
"question","v2.workflow.conditions.add_another_09","v2.2","zh-Hans","fnv1a64:df415823535ac40f","decision.workflow.conditions.add_another_09","workflow.conditions | choice | v2.fact.workflow.conditions.v1","是否需要另一项规则来决定不同的审批步骤？","只有另有一项不同规则会令申请走另一种处理方式时才选“是”。每项规则请保持简单。","","yes: 是 | no: 否","approved","","","","",""
"question","v2.workflow.conditions.condition_10_field","v2.2","en","fnv1a64:df415823535ac40f","decision.workflow.conditions.condition_10_field","workflow.conditions | short_text | v2.fact.workflow.conditions.v1","Which request detail should this rule check?","Name the request detail that decides which path to use, such as amount, country, or purchase type.","","","approved","","","","",""
"question","v2.workflow.conditions.condition_10_field","v2.2","zh-Hant","fnv1a64:df415823535ac40f","decision.workflow.conditions.condition_10_field","workflow.conditions | short_text | v2.fact.workflow.conditions.v1","這項規則應檢查哪一項申請資料？","請列出決定使用哪種處理方式的申請資料，例如金額、國家或採購類別。","","","approved","","","","",""
"question","v2.workflow.conditions.condition_10_field","v2.2","zh-Hans","fnv1a64:df415823535ac40f","decision.workflow.conditions.condition_10_field","workflow.conditions | short_text | v2.fact.workflow.conditions.v1","这项规则应检查哪一项申请信息？","请列出决定使用哪种处理方式的申请资料，例如金额、国家或采购类别。","","","approved","","","","",""
"question","v2.workflow.conditions.condition_10_comparison","v2.2","en","fnv1a64:df415823535ac40f","decision.workflow.conditions.condition_10_comparison","workflow.conditions | choice | v2.fact.workflow.conditions.v1","How should we compare that detail?","Choose the simple check to make. For example, ‘at least’ lets an amount of HK$10,000 or more use the different path.","","equals: Equals | not_equals: Does not equal | greater_than: Greater than | at_least: At least | less_than: Less than | at_most: At most","approved","","","","",""
"question","v2.workflow.conditions.condition_10_comparison","v2.2","zh-Hant","fnv1a64:df415823535ac40f","decision.workflow.conditions.condition_10_comparison","workflow.conditions | choice | v2.fact.workflow.conditions.v1","應如何比較這項資料？","選擇簡單的檢查方法。例如選「不少於」，金額為 HK$10,000 或以上便使用不同處理方式。","","equals: 等於 | not_equals: 不等於 | greater_than: 大於 | at_least: 不少於 | less_than: 小於 | at_most: 不多於","approved","","","","",""
"question","v2.workflow.conditions.condition_10_comparison","v2.2","zh-Hans","fnv1a64:df415823535ac40f","decision.workflow.conditions.condition_10_comparison","workflow.conditions | choice | v2.fact.workflow.conditions.v1","应如何比较这项资料？","选择简单的检查方法。例如选“不少于”，金额为 HK$10,000 或以上便使用不同处理方式。","","equals: 等于 | not_equals: 不等于 | greater_than: 大于 | at_least: 不少于 | less_than: 小于 | at_most: 不多于","approved","","","","",""
"question","v2.workflow.conditions.condition_10_value","v2.2","en","fnv1a64:df415823535ac40f","decision.workflow.conditions.condition_10_value","workflow.conditions | short_text | v2.fact.workflow.conditions.v1","What value should make this rule apply?","Enter the value used by the check, such as ‘10000’ for an amount or ‘Hong Kong’ for a location.","","","approved","","","","",""
"question","v2.workflow.conditions.condition_10_value","v2.2","zh-Hant","fnv1a64:df415823535ac40f","decision.workflow.conditions.condition_10_value","workflow.conditions | short_text | v2.fact.workflow.conditions.v1","甚麼數值會令這項規則適用？","填寫檢查時使用的數值，例如金額填「10000」，地點填「香港」。","","","approved","","","","",""
"question","v2.workflow.conditions.condition_10_value","v2.2","zh-Hans","fnv1a64:df415823535ac40f","decision.workflow.conditions.condition_10_value","workflow.conditions | short_text | v2.fact.workflow.conditions.v1","什么数值会让这项规则适用？","填写检查时使用的数值，例如金额填“10000”，地点填“香港”。","","","approved","","","","",""
"question","v2.workflow.conditions.condition_10_matching","v2.2","en","fnv1a64:df415823535ac40f","decision.workflow.conditions.condition_10_matching","workflow.conditions | short_text | v2.fact.workflow.conditions.v1","What should happen when it matches?","Say what should happen when the request meets this check, for example ‘send it to Finance before the manager’.","","","approved","","","","",""
"question","v2.workflow.conditions.condition_10_matching","v2.2","zh-Hant","fnv1a64:df415823535ac40f","decision.workflow.conditions.condition_10_matching","workflow.conditions | short_text | v2.fact.workflow.conditions.v1","符合時應如何處理？","說明申請符合此檢查時應如何處理，例如「先交財務部，再交經理」。","","","approved","","","","",""
"question","v2.workflow.conditions.condition_10_matching","v2.2","zh-Hans","fnv1a64:df415823535ac40f","decision.workflow.conditions.condition_10_matching","workflow.conditions | short_text | v2.fact.workflow.conditions.v1","符合时应如何处理？","说明申请符合此检查时应如何处理，例如“先交财务部，再交经理”。","","","approved","","","","",""
"question","v2.workflow.conditions.condition_10_otherwise","v2.2","en","fnv1a64:df415823535ac40f","decision.workflow.conditions.condition_10_otherwise","workflow.conditions | short_text | v2.fact.workflow.conditions.v1","What should happen when it does not match?","Say what should happen when the request does not meet the check. This is the normal path for the other requests.","","","approved","","","","",""
"question","v2.workflow.conditions.condition_10_otherwise","v2.2","zh-Hant","fnv1a64:df415823535ac40f","decision.workflow.conditions.condition_10_otherwise","workflow.conditions | short_text | v2.fact.workflow.conditions.v1","不符合時應如何處理？","說明申請不符合此檢查時應如何處理，這是其他申請的正常處理方式。","","","approved","","","","",""
"question","v2.workflow.conditions.condition_10_otherwise","v2.2","zh-Hans","fnv1a64:df415823535ac40f","decision.workflow.conditions.condition_10_otherwise","workflow.conditions | short_text | v2.fact.workflow.conditions.v1","不符合时应如何处理？","说明申请不符合此检查时应如何处理，这是其他申请的正常处理方式。","","","approved","","","","",""
"question","v2.notifications.rules.add_another_01","v2.2","en","fnv1a64:df415823535ac40f","decision.notifications.rules.add_another_01","notifications.rules | choice | v2.fact.notifications.rules.v1","Do you need another message?","Choose Yes only if another event needs its own message. Choose No when people will receive all the messages they need.","","yes: Yes | no: No","approved","","","","",""
"question","v2.notifications.rules.add_another_01","v2.2","zh-Hant","fnv1a64:df415823535ac40f","decision.notifications.rules.add_another_01","notifications.rules | choice | v2.fact.notifications.rules.v1","是否需要另一則通知？","只有另一個事件需要獨立通知時才選「是」。相關人士已會收到所需通知時請選「否」。","","yes: 是 | no: 否","approved","","","","",""
"question","v2.notifications.rules.add_another_01","v2.2","zh-Hans","fnv1a64:df415823535ac40f","decision.notifications.rules.add_another_01","notifications.rules | choice | v2.fact.notifications.rules.v1","是否需要另一则通知？","只有另一个事件需要独立通知时才选“是”。相关人员已会收到所需通知时请选择“否”。","","yes: 是 | no: 否","approved","","","","",""
"question","v2.notifications.rules.notification_02_event","v2.2","en","fnv1a64:df415823535ac40f","decision.notifications.rules.notification_02_event","notifications.rules | short_text | v2.fact.notifications.rules.v1","What event should send this message?","Name one event that should send a message, for example ‘a new reviewer is assigned’ or ‘the request is approved’.","","","approved","","","","",""
"question","v2.notifications.rules.notification_02_event","v2.2","zh-Hant","fnv1a64:df415823535ac40f","decision.notifications.rules.notification_02_event","notifications.rules | short_text | v2.fact.notifications.rules.v1","哪個事件應發出此通知？","列出一個應發出通知的事件，例如「指派了新的處理人」或「申請已獲批」。","","","approved","","","","",""
"question","v2.notifications.rules.notification_02_event","v2.2","zh-Hans","fnv1a64:df415823535ac40f","decision.notifications.rules.notification_02_event","notifications.rules | short_text | v2.fact.notifications.rules.v1","哪个事件应发送此通知？","列出一个应发送通知的事件，例如“指派了新的处理人”或“申请已获批”。","","","approved","","","","",""
"question","v2.notifications.rules.notification_02_recipient","v2.2","en","fnv1a64:df415823535ac40f","decision.notifications.rules.notification_02_recipient","notifications.rules | short_text | v2.fact.notifications.rules.v1","Who should receive this message?","Name who should receive this message. For example, the requester only, the current reviewer, or Finance.","","","approved","","","","",""
"question","v2.notifications.rules.notification_02_recipient","v2.2","zh-Hant","fnv1a64:df415823535ac40f","decision.notifications.rules.notification_02_recipient","notifications.rules | short_text | v2.fact.notifications.rules.v1","誰應收到此通知？","列出誰應收到這則通知，例如只通知申請人、目前處理人或財務部。","","","approved","","","","",""
"question","v2.notifications.rules.notification_02_recipient","v2.2","zh-Hans","fnv1a64:df415823535ac40f","decision.notifications.rules.notification_02_recipient","notifications.rules | short_text | v2.fact.notifications.rules.v1","谁应收到此通知？","列出谁应收到这则通知，例如只通知申请人、目前处理人或财务部。","","","approved","","","","",""
"question","v2.notifications.rules.notification_02_channel","v2.2","en","fnv1a64:df415823535ac40f","decision.notifications.rules.notification_02_channel","notifications.rules | choice | v2.fact.notifications.rules.v1","How should this message be sent?","Choose where this message should arrive: inside this app, by email, or both if your policy needs both.","","in_app: In the app | email: By email","approved","","","","",""
"question","v2.notifications.rules.notification_02_channel","v2.2","zh-Hant","fnv1a64:df415823535ac40f","decision.notifications.rules.notification_02_channel","notifications.rules | choice | v2.fact.notifications.rules.v1","此通知應如何發送？","選擇通知應送到哪裡：此應用程式內、電郵，或按公司規定兩者都使用。","","in_app: 應用程式內 | email: 電郵","approved","","","","",""
"question","v2.notifications.rules.notification_02_channel","v2.2","zh-Hans","fnv1a64:df415823535ac40f","decision.notifications.rules.notification_02_channel","notifications.rules | choice | v2.fact.notifications.rules.v1","此通知应如何发送？","选择通知应送到哪里：此应用内、电子邮件，或按公司规定两者都使用。","","in_app: 应用内 | email: 电子邮件","approved","","","","",""
"question","v2.notifications.rules.add_another_02","v2.2","en","fnv1a64:df415823535ac40f","decision.notifications.rules.add_another_02","notifications.rules | choice | v2.fact.notifications.rules.v1","Do you need another message?","Choose Yes only if another event needs its own message. Choose No when people will receive all the messages they need.","","yes: Yes | no: No","approved","","","","",""
"question","v2.notifications.rules.add_another_02","v2.2","zh-Hant","fnv1a64:df415823535ac40f","decision.notifications.rules.add_another_02","notifications.rules | choice | v2.fact.notifications.rules.v1","是否需要另一則通知？","只有另一個事件需要獨立通知時才選「是」。相關人士已會收到所需通知時請選「否」。","","yes: 是 | no: 否","approved","","","","",""
"question","v2.notifications.rules.add_another_02","v2.2","zh-Hans","fnv1a64:df415823535ac40f","decision.notifications.rules.add_another_02","notifications.rules | choice | v2.fact.notifications.rules.v1","是否需要另一则通知？","只有另一个事件需要独立通知时才选“是”。相关人员已会收到所需通知时请选择“否”。","","yes: 是 | no: 否","approved","","","","",""
"question","v2.notifications.rules.notification_03_event","v2.2","en","fnv1a64:df415823535ac40f","decision.notifications.rules.notification_03_event","notifications.rules | short_text | v2.fact.notifications.rules.v1","What event should send this message?","Name one event that should send a message, for example ‘a new reviewer is assigned’ or ‘the request is approved’.","","","approved","","","","",""
"question","v2.notifications.rules.notification_03_event","v2.2","zh-Hant","fnv1a64:df415823535ac40f","decision.notifications.rules.notification_03_event","notifications.rules | short_text | v2.fact.notifications.rules.v1","哪個事件應發出此通知？","列出一個應發出通知的事件，例如「指派了新的處理人」或「申請已獲批」。","","","approved","","","","",""
"question","v2.notifications.rules.notification_03_event","v2.2","zh-Hans","fnv1a64:df415823535ac40f","decision.notifications.rules.notification_03_event","notifications.rules | short_text | v2.fact.notifications.rules.v1","哪个事件应发送此通知？","列出一个应发送通知的事件，例如“指派了新的处理人”或“申请已获批”。","","","approved","","","","",""
"question","v2.notifications.rules.notification_03_recipient","v2.2","en","fnv1a64:df415823535ac40f","decision.notifications.rules.notification_03_recipient","notifications.rules | short_text | v2.fact.notifications.rules.v1","Who should receive this message?","Name who should receive this message. For example, the requester only, the current reviewer, or Finance.","","","approved","","","","",""
"question","v2.notifications.rules.notification_03_recipient","v2.2","zh-Hant","fnv1a64:df415823535ac40f","decision.notifications.rules.notification_03_recipient","notifications.rules | short_text | v2.fact.notifications.rules.v1","誰應收到此通知？","列出誰應收到這則通知，例如只通知申請人、目前處理人或財務部。","","","approved","","","","",""
"question","v2.notifications.rules.notification_03_recipient","v2.2","zh-Hans","fnv1a64:df415823535ac40f","decision.notifications.rules.notification_03_recipient","notifications.rules | short_text | v2.fact.notifications.rules.v1","谁应收到此通知？","列出谁应收到这则通知，例如只通知申请人、目前处理人或财务部。","","","approved","","","","",""
"question","v2.notifications.rules.notification_03_channel","v2.2","en","fnv1a64:df415823535ac40f","decision.notifications.rules.notification_03_channel","notifications.rules | choice | v2.fact.notifications.rules.v1","How should this message be sent?","Choose where this message should arrive: inside this app, by email, or both if your policy needs both.","","in_app: In the app | email: By email","approved","","","","",""
"question","v2.notifications.rules.notification_03_channel","v2.2","zh-Hant","fnv1a64:df415823535ac40f","decision.notifications.rules.notification_03_channel","notifications.rules | choice | v2.fact.notifications.rules.v1","此通知應如何發送？","選擇通知應送到哪裡：此應用程式內、電郵，或按公司規定兩者都使用。","","in_app: 應用程式內 | email: 電郵","approved","","","","",""
"question","v2.notifications.rules.notification_03_channel","v2.2","zh-Hans","fnv1a64:df415823535ac40f","decision.notifications.rules.notification_03_channel","notifications.rules | choice | v2.fact.notifications.rules.v1","此通知应如何发送？","选择通知应送到哪里：此应用内、电子邮件，或按公司规定两者都使用。","","in_app: 应用内 | email: 电子邮件","approved","","","","",""
"question","v2.notifications.rules.add_another_03","v2.2","en","fnv1a64:df415823535ac40f","decision.notifications.rules.add_another_03","notifications.rules | choice | v2.fact.notifications.rules.v1","Do you need another message?","Choose Yes only if another event needs its own message. Choose No when people will receive all the messages they need.","","yes: Yes | no: No","approved","","","","",""
"question","v2.notifications.rules.add_another_03","v2.2","zh-Hant","fnv1a64:df415823535ac40f","decision.notifications.rules.add_another_03","notifications.rules | choice | v2.fact.notifications.rules.v1","是否需要另一則通知？","只有另一個事件需要獨立通知時才選「是」。相關人士已會收到所需通知時請選「否」。","","yes: 是 | no: 否","approved","","","","",""
"question","v2.notifications.rules.add_another_03","v2.2","zh-Hans","fnv1a64:df415823535ac40f","decision.notifications.rules.add_another_03","notifications.rules | choice | v2.fact.notifications.rules.v1","是否需要另一则通知？","只有另一个事件需要独立通知时才选“是”。相关人员已会收到所需通知时请选择“否”。","","yes: 是 | no: 否","approved","","","","",""
"question","v2.notifications.rules.notification_04_event","v2.2","en","fnv1a64:df415823535ac40f","decision.notifications.rules.notification_04_event","notifications.rules | short_text | v2.fact.notifications.rules.v1","What event should send this message?","Name one event that should send a message, for example ‘a new reviewer is assigned’ or ‘the request is approved’.","","","approved","","","","",""
"question","v2.notifications.rules.notification_04_event","v2.2","zh-Hant","fnv1a64:df415823535ac40f","decision.notifications.rules.notification_04_event","notifications.rules | short_text | v2.fact.notifications.rules.v1","哪個事件應發出此通知？","列出一個應發出通知的事件，例如「指派了新的處理人」或「申請已獲批」。","","","approved","","","","",""
"question","v2.notifications.rules.notification_04_event","v2.2","zh-Hans","fnv1a64:df415823535ac40f","decision.notifications.rules.notification_04_event","notifications.rules | short_text | v2.fact.notifications.rules.v1","哪个事件应发送此通知？","列出一个应发送通知的事件，例如“指派了新的处理人”或“申请已获批”。","","","approved","","","","",""
"question","v2.notifications.rules.notification_04_recipient","v2.2","en","fnv1a64:df415823535ac40f","decision.notifications.rules.notification_04_recipient","notifications.rules | short_text | v2.fact.notifications.rules.v1","Who should receive this message?","Name who should receive this message. For example, the requester only, the current reviewer, or Finance.","","","approved","","","","",""
"question","v2.notifications.rules.notification_04_recipient","v2.2","zh-Hant","fnv1a64:df415823535ac40f","decision.notifications.rules.notification_04_recipient","notifications.rules | short_text | v2.fact.notifications.rules.v1","誰應收到此通知？","列出誰應收到這則通知，例如只通知申請人、目前處理人或財務部。","","","approved","","","","",""
"question","v2.notifications.rules.notification_04_recipient","v2.2","zh-Hans","fnv1a64:df415823535ac40f","decision.notifications.rules.notification_04_recipient","notifications.rules | short_text | v2.fact.notifications.rules.v1","谁应收到此通知？","列出谁应收到这则通知，例如只通知申请人、目前处理人或财务部。","","","approved","","","","",""
"question","v2.notifications.rules.notification_04_channel","v2.2","en","fnv1a64:df415823535ac40f","decision.notifications.rules.notification_04_channel","notifications.rules | choice | v2.fact.notifications.rules.v1","How should this message be sent?","Choose where this message should arrive: inside this app, by email, or both if your policy needs both.","","in_app: In the app | email: By email","approved","","","","",""
"question","v2.notifications.rules.notification_04_channel","v2.2","zh-Hant","fnv1a64:df415823535ac40f","decision.notifications.rules.notification_04_channel","notifications.rules | choice | v2.fact.notifications.rules.v1","此通知應如何發送？","選擇通知應送到哪裡：此應用程式內、電郵，或按公司規定兩者都使用。","","in_app: 應用程式內 | email: 電郵","approved","","","","",""
"question","v2.notifications.rules.notification_04_channel","v2.2","zh-Hans","fnv1a64:df415823535ac40f","decision.notifications.rules.notification_04_channel","notifications.rules | choice | v2.fact.notifications.rules.v1","此通知应如何发送？","选择通知应送到哪里：此应用内、电子邮件，或按公司规定两者都使用。","","in_app: 应用内 | email: 电子邮件","approved","","","","",""
"question","v2.notifications.rules.add_another_04","v2.2","en","fnv1a64:df415823535ac40f","decision.notifications.rules.add_another_04","notifications.rules | choice | v2.fact.notifications.rules.v1","Do you need another message?","Choose Yes only if another event needs its own message. Choose No when people will receive all the messages they need.","","yes: Yes | no: No","approved","","","","",""
"question","v2.notifications.rules.add_another_04","v2.2","zh-Hant","fnv1a64:df415823535ac40f","decision.notifications.rules.add_another_04","notifications.rules | choice | v2.fact.notifications.rules.v1","是否需要另一則通知？","只有另一個事件需要獨立通知時才選「是」。相關人士已會收到所需通知時請選「否」。","","yes: 是 | no: 否","approved","","","","",""
"question","v2.notifications.rules.add_another_04","v2.2","zh-Hans","fnv1a64:df415823535ac40f","decision.notifications.rules.add_another_04","notifications.rules | choice | v2.fact.notifications.rules.v1","是否需要另一则通知？","只有另一个事件需要独立通知时才选“是”。相关人员已会收到所需通知时请选择“否”。","","yes: 是 | no: 否","approved","","","","",""
"question","v2.notifications.rules.notification_05_event","v2.2","en","fnv1a64:df415823535ac40f","decision.notifications.rules.notification_05_event","notifications.rules | short_text | v2.fact.notifications.rules.v1","What event should send this message?","Name one event that should send a message, for example ‘a new reviewer is assigned’ or ‘the request is approved’.","","","approved","","","","",""
"question","v2.notifications.rules.notification_05_event","v2.2","zh-Hant","fnv1a64:df415823535ac40f","decision.notifications.rules.notification_05_event","notifications.rules | short_text | v2.fact.notifications.rules.v1","哪個事件應發出此通知？","列出一個應發出通知的事件，例如「指派了新的處理人」或「申請已獲批」。","","","approved","","","","",""
"question","v2.notifications.rules.notification_05_event","v2.2","zh-Hans","fnv1a64:df415823535ac40f","decision.notifications.rules.notification_05_event","notifications.rules | short_text | v2.fact.notifications.rules.v1","哪个事件应发送此通知？","列出一个应发送通知的事件，例如“指派了新的处理人”或“申请已获批”。","","","approved","","","","",""
"question","v2.notifications.rules.notification_05_recipient","v2.2","en","fnv1a64:df415823535ac40f","decision.notifications.rules.notification_05_recipient","notifications.rules | short_text | v2.fact.notifications.rules.v1","Who should receive this message?","Name who should receive this message. For example, the requester only, the current reviewer, or Finance.","","","approved","","","","",""
"question","v2.notifications.rules.notification_05_recipient","v2.2","zh-Hant","fnv1a64:df415823535ac40f","decision.notifications.rules.notification_05_recipient","notifications.rules | short_text | v2.fact.notifications.rules.v1","誰應收到此通知？","列出誰應收到這則通知，例如只通知申請人、目前處理人或財務部。","","","approved","","","","",""
"question","v2.notifications.rules.notification_05_recipient","v2.2","zh-Hans","fnv1a64:df415823535ac40f","decision.notifications.rules.notification_05_recipient","notifications.rules | short_text | v2.fact.notifications.rules.v1","谁应收到此通知？","列出谁应收到这则通知，例如只通知申请人、目前处理人或财务部。","","","approved","","","","",""
"question","v2.notifications.rules.notification_05_channel","v2.2","en","fnv1a64:df415823535ac40f","decision.notifications.rules.notification_05_channel","notifications.rules | choice | v2.fact.notifications.rules.v1","How should this message be sent?","Choose where this message should arrive: inside this app, by email, or both if your policy needs both.","","in_app: In the app | email: By email","approved","","","","",""
"question","v2.notifications.rules.notification_05_channel","v2.2","zh-Hant","fnv1a64:df415823535ac40f","decision.notifications.rules.notification_05_channel","notifications.rules | choice | v2.fact.notifications.rules.v1","此通知應如何發送？","選擇通知應送到哪裡：此應用程式內、電郵，或按公司規定兩者都使用。","","in_app: 應用程式內 | email: 電郵","approved","","","","",""
"question","v2.notifications.rules.notification_05_channel","v2.2","zh-Hans","fnv1a64:df415823535ac40f","decision.notifications.rules.notification_05_channel","notifications.rules | choice | v2.fact.notifications.rules.v1","此通知应如何发送？","选择通知应送到哪里：此应用内、电子邮件，或按公司规定两者都使用。","","in_app: 应用内 | email: 电子邮件","approved","","","","",""
"question","v2.notifications.rules.add_another_05","v2.2","en","fnv1a64:df415823535ac40f","decision.notifications.rules.add_another_05","notifications.rules | choice | v2.fact.notifications.rules.v1","Do you need another message?","Choose Yes only if another event needs its own message. Choose No when people will receive all the messages they need.","","yes: Yes | no: No","approved","","","","",""
"question","v2.notifications.rules.add_another_05","v2.2","zh-Hant","fnv1a64:df415823535ac40f","decision.notifications.rules.add_another_05","notifications.rules | choice | v2.fact.notifications.rules.v1","是否需要另一則通知？","只有另一個事件需要獨立通知時才選「是」。相關人士已會收到所需通知時請選「否」。","","yes: 是 | no: 否","approved","","","","",""
"question","v2.notifications.rules.add_another_05","v2.2","zh-Hans","fnv1a64:df415823535ac40f","decision.notifications.rules.add_another_05","notifications.rules | choice | v2.fact.notifications.rules.v1","是否需要另一则通知？","只有另一个事件需要独立通知时才选“是”。相关人员已会收到所需通知时请选择“否”。","","yes: 是 | no: 否","approved","","","","",""
"question","v2.notifications.rules.notification_06_event","v2.2","en","fnv1a64:df415823535ac40f","decision.notifications.rules.notification_06_event","notifications.rules | short_text | v2.fact.notifications.rules.v1","What event should send this message?","Name one event that should send a message, for example ‘a new reviewer is assigned’ or ‘the request is approved’.","","","approved","","","","",""
"question","v2.notifications.rules.notification_06_event","v2.2","zh-Hant","fnv1a64:df415823535ac40f","decision.notifications.rules.notification_06_event","notifications.rules | short_text | v2.fact.notifications.rules.v1","哪個事件應發出此通知？","列出一個應發出通知的事件，例如「指派了新的處理人」或「申請已獲批」。","","","approved","","","","",""
"question","v2.notifications.rules.notification_06_event","v2.2","zh-Hans","fnv1a64:df415823535ac40f","decision.notifications.rules.notification_06_event","notifications.rules | short_text | v2.fact.notifications.rules.v1","哪个事件应发送此通知？","列出一个应发送通知的事件，例如“指派了新的处理人”或“申请已获批”。","","","approved","","","","",""
"question","v2.notifications.rules.notification_06_recipient","v2.2","en","fnv1a64:df415823535ac40f","decision.notifications.rules.notification_06_recipient","notifications.rules | short_text | v2.fact.notifications.rules.v1","Who should receive this message?","Name who should receive this message. For example, the requester only, the current reviewer, or Finance.","","","approved","","","","",""
"question","v2.notifications.rules.notification_06_recipient","v2.2","zh-Hant","fnv1a64:df415823535ac40f","decision.notifications.rules.notification_06_recipient","notifications.rules | short_text | v2.fact.notifications.rules.v1","誰應收到此通知？","列出誰應收到這則通知，例如只通知申請人、目前處理人或財務部。","","","approved","","","","",""
"question","v2.notifications.rules.notification_06_recipient","v2.2","zh-Hans","fnv1a64:df415823535ac40f","decision.notifications.rules.notification_06_recipient","notifications.rules | short_text | v2.fact.notifications.rules.v1","谁应收到此通知？","列出谁应收到这则通知，例如只通知申请人、目前处理人或财务部。","","","approved","","","","",""
"question","v2.notifications.rules.notification_06_channel","v2.2","en","fnv1a64:df415823535ac40f","decision.notifications.rules.notification_06_channel","notifications.rules | choice | v2.fact.notifications.rules.v1","How should this message be sent?","Choose where this message should arrive: inside this app, by email, or both if your policy needs both.","","in_app: In the app | email: By email","approved","","","","",""
"question","v2.notifications.rules.notification_06_channel","v2.2","zh-Hant","fnv1a64:df415823535ac40f","decision.notifications.rules.notification_06_channel","notifications.rules | choice | v2.fact.notifications.rules.v1","此通知應如何發送？","選擇通知應送到哪裡：此應用程式內、電郵，或按公司規定兩者都使用。","","in_app: 應用程式內 | email: 電郵","approved","","","","",""
"question","v2.notifications.rules.notification_06_channel","v2.2","zh-Hans","fnv1a64:df415823535ac40f","decision.notifications.rules.notification_06_channel","notifications.rules | choice | v2.fact.notifications.rules.v1","此通知应如何发送？","选择通知应送到哪里：此应用内、电子邮件，或按公司规定两者都使用。","","in_app: 应用内 | email: 电子邮件","approved","","","","",""
"question","v2.notifications.rules.add_another_06","v2.2","en","fnv1a64:df415823535ac40f","decision.notifications.rules.add_another_06","notifications.rules | choice | v2.fact.notifications.rules.v1","Do you need another message?","Choose Yes only if another event needs its own message. Choose No when people will receive all the messages they need.","","yes: Yes | no: No","approved","","","","",""
"question","v2.notifications.rules.add_another_06","v2.2","zh-Hant","fnv1a64:df415823535ac40f","decision.notifications.rules.add_another_06","notifications.rules | choice | v2.fact.notifications.rules.v1","是否需要另一則通知？","只有另一個事件需要獨立通知時才選「是」。相關人士已會收到所需通知時請選「否」。","","yes: 是 | no: 否","approved","","","","",""
"question","v2.notifications.rules.add_another_06","v2.2","zh-Hans","fnv1a64:df415823535ac40f","decision.notifications.rules.add_another_06","notifications.rules | choice | v2.fact.notifications.rules.v1","是否需要另一则通知？","只有另一个事件需要独立通知时才选“是”。相关人员已会收到所需通知时请选择“否”。","","yes: 是 | no: 否","approved","","","","",""
"question","v2.notifications.rules.notification_07_event","v2.2","en","fnv1a64:df415823535ac40f","decision.notifications.rules.notification_07_event","notifications.rules | short_text | v2.fact.notifications.rules.v1","What event should send this message?","Name one event that should send a message, for example ‘a new reviewer is assigned’ or ‘the request is approved’.","","","approved","","","","",""
"question","v2.notifications.rules.notification_07_event","v2.2","zh-Hant","fnv1a64:df415823535ac40f","decision.notifications.rules.notification_07_event","notifications.rules | short_text | v2.fact.notifications.rules.v1","哪個事件應發出此通知？","列出一個應發出通知的事件，例如「指派了新的處理人」或「申請已獲批」。","","","approved","","","","",""
"question","v2.notifications.rules.notification_07_event","v2.2","zh-Hans","fnv1a64:df415823535ac40f","decision.notifications.rules.notification_07_event","notifications.rules | short_text | v2.fact.notifications.rules.v1","哪个事件应发送此通知？","列出一个应发送通知的事件，例如“指派了新的处理人”或“申请已获批”。","","","approved","","","","",""
"question","v2.notifications.rules.notification_07_recipient","v2.2","en","fnv1a64:df415823535ac40f","decision.notifications.rules.notification_07_recipient","notifications.rules | short_text | v2.fact.notifications.rules.v1","Who should receive this message?","Name who should receive this message. For example, the requester only, the current reviewer, or Finance.","","","approved","","","","",""
"question","v2.notifications.rules.notification_07_recipient","v2.2","zh-Hant","fnv1a64:df415823535ac40f","decision.notifications.rules.notification_07_recipient","notifications.rules | short_text | v2.fact.notifications.rules.v1","誰應收到此通知？","列出誰應收到這則通知，例如只通知申請人、目前處理人或財務部。","","","approved","","","","",""
"question","v2.notifications.rules.notification_07_recipient","v2.2","zh-Hans","fnv1a64:df415823535ac40f","decision.notifications.rules.notification_07_recipient","notifications.rules | short_text | v2.fact.notifications.rules.v1","谁应收到此通知？","列出谁应收到这则通知，例如只通知申请人、目前处理人或财务部。","","","approved","","","","",""
"question","v2.notifications.rules.notification_07_channel","v2.2","en","fnv1a64:df415823535ac40f","decision.notifications.rules.notification_07_channel","notifications.rules | choice | v2.fact.notifications.rules.v1","How should this message be sent?","Choose where this message should arrive: inside this app, by email, or both if your policy needs both.","","in_app: In the app | email: By email","approved","","","","",""
"question","v2.notifications.rules.notification_07_channel","v2.2","zh-Hant","fnv1a64:df415823535ac40f","decision.notifications.rules.notification_07_channel","notifications.rules | choice | v2.fact.notifications.rules.v1","此通知應如何發送？","選擇通知應送到哪裡：此應用程式內、電郵，或按公司規定兩者都使用。","","in_app: 應用程式內 | email: 電郵","approved","","","","",""
"question","v2.notifications.rules.notification_07_channel","v2.2","zh-Hans","fnv1a64:df415823535ac40f","decision.notifications.rules.notification_07_channel","notifications.rules | choice | v2.fact.notifications.rules.v1","此通知应如何发送？","选择通知应送到哪里：此应用内、电子邮件，或按公司规定两者都使用。","","in_app: 应用内 | email: 电子邮件","approved","","","","",""
"question","v2.notifications.rules.add_another_07","v2.2","en","fnv1a64:df415823535ac40f","decision.notifications.rules.add_another_07","notifications.rules | choice | v2.fact.notifications.rules.v1","Do you need another message?","Choose Yes only if another event needs its own message. Choose No when people will receive all the messages they need.","","yes: Yes | no: No","approved","","","","",""
"question","v2.notifications.rules.add_another_07","v2.2","zh-Hant","fnv1a64:df415823535ac40f","decision.notifications.rules.add_another_07","notifications.rules | choice | v2.fact.notifications.rules.v1","是否需要另一則通知？","只有另一個事件需要獨立通知時才選「是」。相關人士已會收到所需通知時請選「否」。","","yes: 是 | no: 否","approved","","","","",""
"question","v2.notifications.rules.add_another_07","v2.2","zh-Hans","fnv1a64:df415823535ac40f","decision.notifications.rules.add_another_07","notifications.rules | choice | v2.fact.notifications.rules.v1","是否需要另一则通知？","只有另一个事件需要独立通知时才选“是”。相关人员已会收到所需通知时请选择“否”。","","yes: 是 | no: 否","approved","","","","",""
"question","v2.notifications.rules.notification_08_event","v2.2","en","fnv1a64:df415823535ac40f","decision.notifications.rules.notification_08_event","notifications.rules | short_text | v2.fact.notifications.rules.v1","What event should send this message?","Name one event that should send a message, for example ‘a new reviewer is assigned’ or ‘the request is approved’.","","","approved","","","","",""
"question","v2.notifications.rules.notification_08_event","v2.2","zh-Hant","fnv1a64:df415823535ac40f","decision.notifications.rules.notification_08_event","notifications.rules | short_text | v2.fact.notifications.rules.v1","哪個事件應發出此通知？","列出一個應發出通知的事件，例如「指派了新的處理人」或「申請已獲批」。","","","approved","","","","",""
"question","v2.notifications.rules.notification_08_event","v2.2","zh-Hans","fnv1a64:df415823535ac40f","decision.notifications.rules.notification_08_event","notifications.rules | short_text | v2.fact.notifications.rules.v1","哪个事件应发送此通知？","列出一个应发送通知的事件，例如“指派了新的处理人”或“申请已获批”。","","","approved","","","","",""
"question","v2.notifications.rules.notification_08_recipient","v2.2","en","fnv1a64:df415823535ac40f","decision.notifications.rules.notification_08_recipient","notifications.rules | short_text | v2.fact.notifications.rules.v1","Who should receive this message?","Name who should receive this message. For example, the requester only, the current reviewer, or Finance.","","","approved","","","","",""
"question","v2.notifications.rules.notification_08_recipient","v2.2","zh-Hant","fnv1a64:df415823535ac40f","decision.notifications.rules.notification_08_recipient","notifications.rules | short_text | v2.fact.notifications.rules.v1","誰應收到此通知？","列出誰應收到這則通知，例如只通知申請人、目前處理人或財務部。","","","approved","","","","",""
"question","v2.notifications.rules.notification_08_recipient","v2.2","zh-Hans","fnv1a64:df415823535ac40f","decision.notifications.rules.notification_08_recipient","notifications.rules | short_text | v2.fact.notifications.rules.v1","谁应收到此通知？","列出谁应收到这则通知，例如只通知申请人、目前处理人或财务部。","","","approved","","","","",""
"question","v2.notifications.rules.notification_08_channel","v2.2","en","fnv1a64:df415823535ac40f","decision.notifications.rules.notification_08_channel","notifications.rules | choice | v2.fact.notifications.rules.v1","How should this message be sent?","Choose where this message should arrive: inside this app, by email, or both if your policy needs both.","","in_app: In the app | email: By email","approved","","","","",""
"question","v2.notifications.rules.notification_08_channel","v2.2","zh-Hant","fnv1a64:df415823535ac40f","decision.notifications.rules.notification_08_channel","notifications.rules | choice | v2.fact.notifications.rules.v1","此通知應如何發送？","選擇通知應送到哪裡：此應用程式內、電郵，或按公司規定兩者都使用。","","in_app: 應用程式內 | email: 電郵","approved","","","","",""
"question","v2.notifications.rules.notification_08_channel","v2.2","zh-Hans","fnv1a64:df415823535ac40f","decision.notifications.rules.notification_08_channel","notifications.rules | choice | v2.fact.notifications.rules.v1","此通知应如何发送？","选择通知应送到哪里：此应用内、电子邮件，或按公司规定两者都使用。","","in_app: 应用内 | email: 电子邮件","approved","","","","",""
"question","v2.notifications.rules.add_another_08","v2.2","en","fnv1a64:df415823535ac40f","decision.notifications.rules.add_another_08","notifications.rules | choice | v2.fact.notifications.rules.v1","Do you need another message?","Choose Yes only if another event needs its own message. Choose No when people will receive all the messages they need.","","yes: Yes | no: No","approved","","","","",""
"question","v2.notifications.rules.add_another_08","v2.2","zh-Hant","fnv1a64:df415823535ac40f","decision.notifications.rules.add_another_08","notifications.rules | choice | v2.fact.notifications.rules.v1","是否需要另一則通知？","只有另一個事件需要獨立通知時才選「是」。相關人士已會收到所需通知時請選「否」。","","yes: 是 | no: 否","approved","","","","",""
"question","v2.notifications.rules.add_another_08","v2.2","zh-Hans","fnv1a64:df415823535ac40f","decision.notifications.rules.add_another_08","notifications.rules | choice | v2.fact.notifications.rules.v1","是否需要另一则通知？","只有另一个事件需要独立通知时才选“是”。相关人员已会收到所需通知时请选择“否”。","","yes: 是 | no: 否","approved","","","","",""
"question","v2.notifications.rules.notification_09_event","v2.2","en","fnv1a64:df415823535ac40f","decision.notifications.rules.notification_09_event","notifications.rules | short_text | v2.fact.notifications.rules.v1","What event should send this message?","Name one event that should send a message, for example ‘a new reviewer is assigned’ or ‘the request is approved’.","","","approved","","","","",""
"question","v2.notifications.rules.notification_09_event","v2.2","zh-Hant","fnv1a64:df415823535ac40f","decision.notifications.rules.notification_09_event","notifications.rules | short_text | v2.fact.notifications.rules.v1","哪個事件應發出此通知？","列出一個應發出通知的事件，例如「指派了新的處理人」或「申請已獲批」。","","","approved","","","","",""
"question","v2.notifications.rules.notification_09_event","v2.2","zh-Hans","fnv1a64:df415823535ac40f","decision.notifications.rules.notification_09_event","notifications.rules | short_text | v2.fact.notifications.rules.v1","哪个事件应发送此通知？","列出一个应发送通知的事件，例如“指派了新的处理人”或“申请已获批”。","","","approved","","","","",""
"question","v2.notifications.rules.notification_09_recipient","v2.2","en","fnv1a64:df415823535ac40f","decision.notifications.rules.notification_09_recipient","notifications.rules | short_text | v2.fact.notifications.rules.v1","Who should receive this message?","Name who should receive this message. For example, the requester only, the current reviewer, or Finance.","","","approved","","","","",""
"question","v2.notifications.rules.notification_09_recipient","v2.2","zh-Hant","fnv1a64:df415823535ac40f","decision.notifications.rules.notification_09_recipient","notifications.rules | short_text | v2.fact.notifications.rules.v1","誰應收到此通知？","列出誰應收到這則通知，例如只通知申請人、目前處理人或財務部。","","","approved","","","","",""
"question","v2.notifications.rules.notification_09_recipient","v2.2","zh-Hans","fnv1a64:df415823535ac40f","decision.notifications.rules.notification_09_recipient","notifications.rules | short_text | v2.fact.notifications.rules.v1","谁应收到此通知？","列出谁应收到这则通知，例如只通知申请人、目前处理人或财务部。","","","approved","","","","",""
"question","v2.notifications.rules.notification_09_channel","v2.2","en","fnv1a64:df415823535ac40f","decision.notifications.rules.notification_09_channel","notifications.rules | choice | v2.fact.notifications.rules.v1","How should this message be sent?","Choose where this message should arrive: inside this app, by email, or both if your policy needs both.","","in_app: In the app | email: By email","approved","","","","",""
"question","v2.notifications.rules.notification_09_channel","v2.2","zh-Hant","fnv1a64:df415823535ac40f","decision.notifications.rules.notification_09_channel","notifications.rules | choice | v2.fact.notifications.rules.v1","此通知應如何發送？","選擇通知應送到哪裡：此應用程式內、電郵，或按公司規定兩者都使用。","","in_app: 應用程式內 | email: 電郵","approved","","","","",""
"question","v2.notifications.rules.notification_09_channel","v2.2","zh-Hans","fnv1a64:df415823535ac40f","decision.notifications.rules.notification_09_channel","notifications.rules | choice | v2.fact.notifications.rules.v1","此通知应如何发送？","选择通知应送到哪里：此应用内、电子邮件，或按公司规定两者都使用。","","in_app: 应用内 | email: 电子邮件","approved","","","","",""
"question","v2.notifications.rules.add_another_09","v2.2","en","fnv1a64:df415823535ac40f","decision.notifications.rules.add_another_09","notifications.rules | choice | v2.fact.notifications.rules.v1","Do you need another message?","Choose Yes only if another event needs its own message. Choose No when people will receive all the messages they need.","","yes: Yes | no: No","approved","","","","",""
"question","v2.notifications.rules.add_another_09","v2.2","zh-Hant","fnv1a64:df415823535ac40f","decision.notifications.rules.add_another_09","notifications.rules | choice | v2.fact.notifications.rules.v1","是否需要另一則通知？","只有另一個事件需要獨立通知時才選「是」。相關人士已會收到所需通知時請選「否」。","","yes: 是 | no: 否","approved","","","","",""
"question","v2.notifications.rules.add_another_09","v2.2","zh-Hans","fnv1a64:df415823535ac40f","decision.notifications.rules.add_another_09","notifications.rules | choice | v2.fact.notifications.rules.v1","是否需要另一则通知？","只有另一个事件需要独立通知时才选“是”。相关人员已会收到所需通知时请选择“否”。","","yes: 是 | no: 否","approved","","","","",""
"question","v2.notifications.rules.notification_10_event","v2.2","en","fnv1a64:df415823535ac40f","decision.notifications.rules.notification_10_event","notifications.rules | short_text | v2.fact.notifications.rules.v1","What event should send this message?","Name one event that should send a message, for example ‘a new reviewer is assigned’ or ‘the request is approved’.","","","approved","","","","",""
"question","v2.notifications.rules.notification_10_event","v2.2","zh-Hant","fnv1a64:df415823535ac40f","decision.notifications.rules.notification_10_event","notifications.rules | short_text | v2.fact.notifications.rules.v1","哪個事件應發出此通知？","列出一個應發出通知的事件，例如「指派了新的處理人」或「申請已獲批」。","","","approved","","","","",""
"question","v2.notifications.rules.notification_10_event","v2.2","zh-Hans","fnv1a64:df415823535ac40f","decision.notifications.rules.notification_10_event","notifications.rules | short_text | v2.fact.notifications.rules.v1","哪个事件应发送此通知？","列出一个应发送通知的事件，例如“指派了新的处理人”或“申请已获批”。","","","approved","","","","",""
"question","v2.notifications.rules.notification_10_recipient","v2.2","en","fnv1a64:df415823535ac40f","decision.notifications.rules.notification_10_recipient","notifications.rules | short_text | v2.fact.notifications.rules.v1","Who should receive this message?","Name who should receive this message. For example, the requester only, the current reviewer, or Finance.","","","approved","","","","",""
"question","v2.notifications.rules.notification_10_recipient","v2.2","zh-Hant","fnv1a64:df415823535ac40f","decision.notifications.rules.notification_10_recipient","notifications.rules | short_text | v2.fact.notifications.rules.v1","誰應收到此通知？","列出誰應收到這則通知，例如只通知申請人、目前處理人或財務部。","","","approved","","","","",""
"question","v2.notifications.rules.notification_10_recipient","v2.2","zh-Hans","fnv1a64:df415823535ac40f","decision.notifications.rules.notification_10_recipient","notifications.rules | short_text | v2.fact.notifications.rules.v1","谁应收到此通知？","列出谁应收到这则通知，例如只通知申请人、目前处理人或财务部。","","","approved","","","","",""
"question","v2.notifications.rules.notification_10_channel","v2.2","en","fnv1a64:df415823535ac40f","decision.notifications.rules.notification_10_channel","notifications.rules | choice | v2.fact.notifications.rules.v1","How should this message be sent?","Choose where this message should arrive: inside this app, by email, or both if your policy needs both.","","in_app: In the app | email: By email","approved","","","","",""
"question","v2.notifications.rules.notification_10_channel","v2.2","zh-Hant","fnv1a64:df415823535ac40f","decision.notifications.rules.notification_10_channel","notifications.rules | choice | v2.fact.notifications.rules.v1","此通知應如何發送？","選擇通知應送到哪裡：此應用程式內、電郵，或按公司規定兩者都使用。","","in_app: 應用程式內 | email: 電郵","approved","","","","",""
"question","v2.notifications.rules.notification_10_channel","v2.2","zh-Hans","fnv1a64:df415823535ac40f","decision.notifications.rules.notification_10_channel","notifications.rules | choice | v2.fact.notifications.rules.v1","此通知应如何发送？","选择通知应送到哪里：此应用内、电子邮件，或按公司规定两者都使用。","","in_app: 应用内 | email: 电子邮件","approved","","","","",""
"question","v2.notifications.rules.add_another_10","v2.2","en","fnv1a64:df415823535ac40f","decision.notifications.rules.add_another_10","notifications.rules | choice | v2.fact.notifications.rules.v1","Do you need another message?","Choose Yes only if another event needs its own message. Choose No when people will receive all the messages they need.","","yes: Yes | no: No","approved","","","","",""
"question","v2.notifications.rules.add_another_10","v2.2","zh-Hant","fnv1a64:df415823535ac40f","decision.notifications.rules.add_another_10","notifications.rules | choice | v2.fact.notifications.rules.v1","是否需要另一則通知？","只有另一個事件需要獨立通知時才選「是」。相關人士已會收到所需通知時請選「否」。","","yes: 是 | no: 否","approved","","","","",""
"question","v2.notifications.rules.add_another_10","v2.2","zh-Hans","fnv1a64:df415823535ac40f","decision.notifications.rules.add_another_10","notifications.rules | choice | v2.fact.notifications.rules.v1","是否需要另一则通知？","只有另一个事件需要独立通知时才选“是”。相关人员已会收到所需通知时请选择“否”。","","yes: 是 | no: 否","approved","","","","",""
"question","v2.notifications.rules.notification_11_event","v2.2","en","fnv1a64:df415823535ac40f","decision.notifications.rules.notification_11_event","notifications.rules | short_text | v2.fact.notifications.rules.v1","What event should send this message?","Name one event that should send a message, for example ‘a new reviewer is assigned’ or ‘the request is approved’.","","","approved","","","","",""
"question","v2.notifications.rules.notification_11_event","v2.2","zh-Hant","fnv1a64:df415823535ac40f","decision.notifications.rules.notification_11_event","notifications.rules | short_text | v2.fact.notifications.rules.v1","哪個事件應發出此通知？","列出一個應發出通知的事件，例如「指派了新的處理人」或「申請已獲批」。","","","approved","","","","",""
"question","v2.notifications.rules.notification_11_event","v2.2","zh-Hans","fnv1a64:df415823535ac40f","decision.notifications.rules.notification_11_event","notifications.rules | short_text | v2.fact.notifications.rules.v1","哪个事件应发送此通知？","列出一个应发送通知的事件，例如“指派了新的处理人”或“申请已获批”。","","","approved","","","","",""
"question","v2.notifications.rules.notification_11_recipient","v2.2","en","fnv1a64:df415823535ac40f","decision.notifications.rules.notification_11_recipient","notifications.rules | short_text | v2.fact.notifications.rules.v1","Who should receive this message?","Name who should receive this message. For example, the requester only, the current reviewer, or Finance.","","","approved","","","","",""
"question","v2.notifications.rules.notification_11_recipient","v2.2","zh-Hant","fnv1a64:df415823535ac40f","decision.notifications.rules.notification_11_recipient","notifications.rules | short_text | v2.fact.notifications.rules.v1","誰應收到此通知？","列出誰應收到這則通知，例如只通知申請人、目前處理人或財務部。","","","approved","","","","",""
"question","v2.notifications.rules.notification_11_recipient","v2.2","zh-Hans","fnv1a64:df415823535ac40f","decision.notifications.rules.notification_11_recipient","notifications.rules | short_text | v2.fact.notifications.rules.v1","谁应收到此通知？","列出谁应收到这则通知，例如只通知申请人、目前处理人或财务部。","","","approved","","","","",""
"question","v2.notifications.rules.notification_11_channel","v2.2","en","fnv1a64:df415823535ac40f","decision.notifications.rules.notification_11_channel","notifications.rules | choice | v2.fact.notifications.rules.v1","How should this message be sent?","Choose where this message should arrive: inside this app, by email, or both if your policy needs both.","","in_app: In the app | email: By email","approved","","","","",""
"question","v2.notifications.rules.notification_11_channel","v2.2","zh-Hant","fnv1a64:df415823535ac40f","decision.notifications.rules.notification_11_channel","notifications.rules | choice | v2.fact.notifications.rules.v1","此通知應如何發送？","選擇通知應送到哪裡：此應用程式內、電郵，或按公司規定兩者都使用。","","in_app: 應用程式內 | email: 電郵","approved","","","","",""
"question","v2.notifications.rules.notification_11_channel","v2.2","zh-Hans","fnv1a64:df415823535ac40f","decision.notifications.rules.notification_11_channel","notifications.rules | choice | v2.fact.notifications.rules.v1","此通知应如何发送？","选择通知应送到哪里：此应用内、电子邮件，或按公司规定两者都使用。","","in_app: 应用内 | email: 电子邮件","approved","","","","",""
"question","v2.notifications.rules.add_another_11","v2.2","en","fnv1a64:df415823535ac40f","decision.notifications.rules.add_another_11","notifications.rules | choice | v2.fact.notifications.rules.v1","Do you need another message?","Choose Yes only if another event needs its own message. Choose No when people will receive all the messages they need.","","yes: Yes | no: No","approved","","","","",""
"question","v2.notifications.rules.add_another_11","v2.2","zh-Hant","fnv1a64:df415823535ac40f","decision.notifications.rules.add_another_11","notifications.rules | choice | v2.fact.notifications.rules.v1","是否需要另一則通知？","只有另一個事件需要獨立通知時才選「是」。相關人士已會收到所需通知時請選「否」。","","yes: 是 | no: 否","approved","","","","",""
"question","v2.notifications.rules.add_another_11","v2.2","zh-Hans","fnv1a64:df415823535ac40f","decision.notifications.rules.add_another_11","notifications.rules | choice | v2.fact.notifications.rules.v1","是否需要另一则通知？","只有另一个事件需要独立通知时才选“是”。相关人员已会收到所需通知时请选择“否”。","","yes: 是 | no: 否","approved","","","","",""
"question","v2.notifications.rules.notification_12_event","v2.2","en","fnv1a64:df415823535ac40f","decision.notifications.rules.notification_12_event","notifications.rules | short_text | v2.fact.notifications.rules.v1","What event should send this message?","Name one event that should send a message, for example ‘a new reviewer is assigned’ or ‘the request is approved’.","","","approved","","","","",""
"question","v2.notifications.rules.notification_12_event","v2.2","zh-Hant","fnv1a64:df415823535ac40f","decision.notifications.rules.notification_12_event","notifications.rules | short_text | v2.fact.notifications.rules.v1","哪個事件應發出此通知？","列出一個應發出通知的事件，例如「指派了新的處理人」或「申請已獲批」。","","","approved","","","","",""
"question","v2.notifications.rules.notification_12_event","v2.2","zh-Hans","fnv1a64:df415823535ac40f","decision.notifications.rules.notification_12_event","notifications.rules | short_text | v2.fact.notifications.rules.v1","哪个事件应发送此通知？","列出一个应发送通知的事件，例如“指派了新的处理人”或“申请已获批”。","","","approved","","","","",""
"question","v2.notifications.rules.notification_12_recipient","v2.2","en","fnv1a64:df415823535ac40f","decision.notifications.rules.notification_12_recipient","notifications.rules | short_text | v2.fact.notifications.rules.v1","Who should receive this message?","Name who should receive this message. For example, the requester only, the current reviewer, or Finance.","","","approved","","","","",""
"question","v2.notifications.rules.notification_12_recipient","v2.2","zh-Hant","fnv1a64:df415823535ac40f","decision.notifications.rules.notification_12_recipient","notifications.rules | short_text | v2.fact.notifications.rules.v1","誰應收到此通知？","列出誰應收到這則通知，例如只通知申請人、目前處理人或財務部。","","","approved","","","","",""
"question","v2.notifications.rules.notification_12_recipient","v2.2","zh-Hans","fnv1a64:df415823535ac40f","decision.notifications.rules.notification_12_recipient","notifications.rules | short_text | v2.fact.notifications.rules.v1","谁应收到此通知？","列出谁应收到这则通知，例如只通知申请人、目前处理人或财务部。","","","approved","","","","",""
"question","v2.notifications.rules.notification_12_channel","v2.2","en","fnv1a64:df415823535ac40f","decision.notifications.rules.notification_12_channel","notifications.rules | choice | v2.fact.notifications.rules.v1","How should this message be sent?","Choose where this message should arrive: inside this app, by email, or both if your policy needs both.","","in_app: In the app | email: By email","approved","","","","",""
"question","v2.notifications.rules.notification_12_channel","v2.2","zh-Hant","fnv1a64:df415823535ac40f","decision.notifications.rules.notification_12_channel","notifications.rules | choice | v2.fact.notifications.rules.v1","此通知應如何發送？","選擇通知應送到哪裡：此應用程式內、電郵，或按公司規定兩者都使用。","","in_app: 應用程式內 | email: 電郵","approved","","","","",""
"question","v2.notifications.rules.notification_12_channel","v2.2","zh-Hans","fnv1a64:df415823535ac40f","decision.notifications.rules.notification_12_channel","notifications.rules | choice | v2.fact.notifications.rules.v1","此通知应如何发送？","选择通知应送到哪里：此应用内、电子邮件，或按公司规定两者都使用。","","in_app: 应用内 | email: 电子邮件","approved","","","","",""
"question","v2.notifications.rules.add_another_12","v2.2","en","fnv1a64:df415823535ac40f","decision.notifications.rules.add_another_12","notifications.rules | choice | v2.fact.notifications.rules.v1","Do you need another message?","Choose Yes only if another event needs its own message. Choose No when people will receive all the messages they need.","","yes: Yes | no: No","approved","","","","",""
"question","v2.notifications.rules.add_another_12","v2.2","zh-Hant","fnv1a64:df415823535ac40f","decision.notifications.rules.add_another_12","notifications.rules | choice | v2.fact.notifications.rules.v1","是否需要另一則通知？","只有另一個事件需要獨立通知時才選「是」。相關人士已會收到所需通知時請選「否」。","","yes: 是 | no: 否","approved","","","","",""
"question","v2.notifications.rules.add_another_12","v2.2","zh-Hans","fnv1a64:df415823535ac40f","decision.notifications.rules.add_another_12","notifications.rules | choice | v2.fact.notifications.rules.v1","是否需要另一则通知？","只有另一个事件需要独立通知时才选“是”。相关人员已会收到所需通知时请选择“否”。","","yes: 是 | no: 否","approved","","","","",""
"question","v2.notifications.rules.notification_13_event","v2.2","en","fnv1a64:df415823535ac40f","decision.notifications.rules.notification_13_event","notifications.rules | short_text | v2.fact.notifications.rules.v1","What event should send this message?","Name one event that should send a message, for example ‘a new reviewer is assigned’ or ‘the request is approved’.","","","approved","","","","",""
"question","v2.notifications.rules.notification_13_event","v2.2","zh-Hant","fnv1a64:df415823535ac40f","decision.notifications.rules.notification_13_event","notifications.rules | short_text | v2.fact.notifications.rules.v1","哪個事件應發出此通知？","列出一個應發出通知的事件，例如「指派了新的處理人」或「申請已獲批」。","","","approved","","","","",""
"question","v2.notifications.rules.notification_13_event","v2.2","zh-Hans","fnv1a64:df415823535ac40f","decision.notifications.rules.notification_13_event","notifications.rules | short_text | v2.fact.notifications.rules.v1","哪个事件应发送此通知？","列出一个应发送通知的事件，例如“指派了新的处理人”或“申请已获批”。","","","approved","","","","",""
"question","v2.notifications.rules.notification_13_recipient","v2.2","en","fnv1a64:df415823535ac40f","decision.notifications.rules.notification_13_recipient","notifications.rules | short_text | v2.fact.notifications.rules.v1","Who should receive this message?","Name who should receive this message. For example, the requester only, the current reviewer, or Finance.","","","approved","","","","",""
"question","v2.notifications.rules.notification_13_recipient","v2.2","zh-Hant","fnv1a64:df415823535ac40f","decision.notifications.rules.notification_13_recipient","notifications.rules | short_text | v2.fact.notifications.rules.v1","誰應收到此通知？","列出誰應收到這則通知，例如只通知申請人、目前處理人或財務部。","","","approved","","","","",""
"question","v2.notifications.rules.notification_13_recipient","v2.2","zh-Hans","fnv1a64:df415823535ac40f","decision.notifications.rules.notification_13_recipient","notifications.rules | short_text | v2.fact.notifications.rules.v1","谁应收到此通知？","列出谁应收到这则通知，例如只通知申请人、目前处理人或财务部。","","","approved","","","","",""
"question","v2.notifications.rules.notification_13_channel","v2.2","en","fnv1a64:df415823535ac40f","decision.notifications.rules.notification_13_channel","notifications.rules | choice | v2.fact.notifications.rules.v1","How should this message be sent?","Choose where this message should arrive: inside this app, by email, or both if your policy needs both.","","in_app: In the app | email: By email","approved","","","","",""
"question","v2.notifications.rules.notification_13_channel","v2.2","zh-Hant","fnv1a64:df415823535ac40f","decision.notifications.rules.notification_13_channel","notifications.rules | choice | v2.fact.notifications.rules.v1","此通知應如何發送？","選擇通知應送到哪裡：此應用程式內、電郵，或按公司規定兩者都使用。","","in_app: 應用程式內 | email: 電郵","approved","","","","",""
"question","v2.notifications.rules.notification_13_channel","v2.2","zh-Hans","fnv1a64:df415823535ac40f","decision.notifications.rules.notification_13_channel","notifications.rules | choice | v2.fact.notifications.rules.v1","此通知应如何发送？","选择通知应送到哪里：此应用内、电子邮件，或按公司规定两者都使用。","","in_app: 应用内 | email: 电子邮件","approved","","","","",""
"question","v2.notifications.rules.add_another_13","v2.2","en","fnv1a64:df415823535ac40f","decision.notifications.rules.add_another_13","notifications.rules | choice | v2.fact.notifications.rules.v1","Do you need another message?","Choose Yes only if another event needs its own message. Choose No when people will receive all the messages they need.","","yes: Yes | no: No","approved","","","","",""
"question","v2.notifications.rules.add_another_13","v2.2","zh-Hant","fnv1a64:df415823535ac40f","decision.notifications.rules.add_another_13","notifications.rules | choice | v2.fact.notifications.rules.v1","是否需要另一則通知？","只有另一個事件需要獨立通知時才選「是」。相關人士已會收到所需通知時請選「否」。","","yes: 是 | no: 否","approved","","","","",""
"question","v2.notifications.rules.add_another_13","v2.2","zh-Hans","fnv1a64:df415823535ac40f","decision.notifications.rules.add_another_13","notifications.rules | choice | v2.fact.notifications.rules.v1","是否需要另一则通知？","只有另一个事件需要独立通知时才选“是”。相关人员已会收到所需通知时请选择“否”。","","yes: 是 | no: 否","approved","","","","",""
"question","v2.notifications.rules.notification_14_event","v2.2","en","fnv1a64:df415823535ac40f","decision.notifications.rules.notification_14_event","notifications.rules | short_text | v2.fact.notifications.rules.v1","What event should send this message?","Name one event that should send a message, for example ‘a new reviewer is assigned’ or ‘the request is approved’.","","","approved","","","","",""
"question","v2.notifications.rules.notification_14_event","v2.2","zh-Hant","fnv1a64:df415823535ac40f","decision.notifications.rules.notification_14_event","notifications.rules | short_text | v2.fact.notifications.rules.v1","哪個事件應發出此通知？","列出一個應發出通知的事件，例如「指派了新的處理人」或「申請已獲批」。","","","approved","","","","",""
"question","v2.notifications.rules.notification_14_event","v2.2","zh-Hans","fnv1a64:df415823535ac40f","decision.notifications.rules.notification_14_event","notifications.rules | short_text | v2.fact.notifications.rules.v1","哪个事件应发送此通知？","列出一个应发送通知的事件，例如“指派了新的处理人”或“申请已获批”。","","","approved","","","","",""
"question","v2.notifications.rules.notification_14_recipient","v2.2","en","fnv1a64:df415823535ac40f","decision.notifications.rules.notification_14_recipient","notifications.rules | short_text | v2.fact.notifications.rules.v1","Who should receive this message?","Name who should receive this message. For example, the requester only, the current reviewer, or Finance.","","","approved","","","","",""
"question","v2.notifications.rules.notification_14_recipient","v2.2","zh-Hant","fnv1a64:df415823535ac40f","decision.notifications.rules.notification_14_recipient","notifications.rules | short_text | v2.fact.notifications.rules.v1","誰應收到此通知？","列出誰應收到這則通知，例如只通知申請人、目前處理人或財務部。","","","approved","","","","",""
"question","v2.notifications.rules.notification_14_recipient","v2.2","zh-Hans","fnv1a64:df415823535ac40f","decision.notifications.rules.notification_14_recipient","notifications.rules | short_text | v2.fact.notifications.rules.v1","谁应收到此通知？","列出谁应收到这则通知，例如只通知申请人、目前处理人或财务部。","","","approved","","","","",""
"question","v2.notifications.rules.notification_14_channel","v2.2","en","fnv1a64:df415823535ac40f","decision.notifications.rules.notification_14_channel","notifications.rules | choice | v2.fact.notifications.rules.v1","How should this message be sent?","Choose where this message should arrive: inside this app, by email, or both if your policy needs both.","","in_app: In the app | email: By email","approved","","","","",""
"question","v2.notifications.rules.notification_14_channel","v2.2","zh-Hant","fnv1a64:df415823535ac40f","decision.notifications.rules.notification_14_channel","notifications.rules | choice | v2.fact.notifications.rules.v1","此通知應如何發送？","選擇通知應送到哪裡：此應用程式內、電郵，或按公司規定兩者都使用。","","in_app: 應用程式內 | email: 電郵","approved","","","","",""
"question","v2.notifications.rules.notification_14_channel","v2.2","zh-Hans","fnv1a64:df415823535ac40f","decision.notifications.rules.notification_14_channel","notifications.rules | choice | v2.fact.notifications.rules.v1","此通知应如何发送？","选择通知应送到哪里：此应用内、电子邮件，或按公司规定两者都使用。","","in_app: 应用内 | email: 电子邮件","approved","","","","",""
"question","v2.notifications.rules.add_another_14","v2.2","en","fnv1a64:df415823535ac40f","decision.notifications.rules.add_another_14","notifications.rules | choice | v2.fact.notifications.rules.v1","Do you need another message?","Choose Yes only if another event needs its own message. Choose No when people will receive all the messages they need.","","yes: Yes | no: No","approved","","","","",""
"question","v2.notifications.rules.add_another_14","v2.2","zh-Hant","fnv1a64:df415823535ac40f","decision.notifications.rules.add_another_14","notifications.rules | choice | v2.fact.notifications.rules.v1","是否需要另一則通知？","只有另一個事件需要獨立通知時才選「是」。相關人士已會收到所需通知時請選「否」。","","yes: 是 | no: 否","approved","","","","",""
"question","v2.notifications.rules.add_another_14","v2.2","zh-Hans","fnv1a64:df415823535ac40f","decision.notifications.rules.add_another_14","notifications.rules | choice | v2.fact.notifications.rules.v1","是否需要另一则通知？","只有另一个事件需要独立通知时才选“是”。相关人员已会收到所需通知时请选择“否”。","","yes: 是 | no: 否","approved","","","","",""
"question","v2.notifications.rules.notification_15_event","v2.2","en","fnv1a64:df415823535ac40f","decision.notifications.rules.notification_15_event","notifications.rules | short_text | v2.fact.notifications.rules.v1","What event should send this message?","Name one event that should send a message, for example ‘a new reviewer is assigned’ or ‘the request is approved’.","","","approved","","","","",""
"question","v2.notifications.rules.notification_15_event","v2.2","zh-Hant","fnv1a64:df415823535ac40f","decision.notifications.rules.notification_15_event","notifications.rules | short_text | v2.fact.notifications.rules.v1","哪個事件應發出此通知？","列出一個應發出通知的事件，例如「指派了新的處理人」或「申請已獲批」。","","","approved","","","","",""
"question","v2.notifications.rules.notification_15_event","v2.2","zh-Hans","fnv1a64:df415823535ac40f","decision.notifications.rules.notification_15_event","notifications.rules | short_text | v2.fact.notifications.rules.v1","哪个事件应发送此通知？","列出一个应发送通知的事件，例如“指派了新的处理人”或“申请已获批”。","","","approved","","","","",""
"question","v2.notifications.rules.notification_15_recipient","v2.2","en","fnv1a64:df415823535ac40f","decision.notifications.rules.notification_15_recipient","notifications.rules | short_text | v2.fact.notifications.rules.v1","Who should receive this message?","Name who should receive this message. For example, the requester only, the current reviewer, or Finance.","","","approved","","","","",""
"question","v2.notifications.rules.notification_15_recipient","v2.2","zh-Hant","fnv1a64:df415823535ac40f","decision.notifications.rules.notification_15_recipient","notifications.rules | short_text | v2.fact.notifications.rules.v1","誰應收到此通知？","列出誰應收到這則通知，例如只通知申請人、目前處理人或財務部。","","","approved","","","","",""
"question","v2.notifications.rules.notification_15_recipient","v2.2","zh-Hans","fnv1a64:df415823535ac40f","decision.notifications.rules.notification_15_recipient","notifications.rules | short_text | v2.fact.notifications.rules.v1","谁应收到此通知？","列出谁应收到这则通知，例如只通知申请人、目前处理人或财务部。","","","approved","","","","",""
"question","v2.notifications.rules.notification_15_channel","v2.2","en","fnv1a64:df415823535ac40f","decision.notifications.rules.notification_15_channel","notifications.rules | choice | v2.fact.notifications.rules.v1","How should this message be sent?","Choose where this message should arrive: inside this app, by email, or both if your policy needs both.","","in_app: In the app | email: By email","approved","","","","",""
"question","v2.notifications.rules.notification_15_channel","v2.2","zh-Hant","fnv1a64:df415823535ac40f","decision.notifications.rules.notification_15_channel","notifications.rules | choice | v2.fact.notifications.rules.v1","此通知應如何發送？","選擇通知應送到哪裡：此應用程式內、電郵，或按公司規定兩者都使用。","","in_app: 應用程式內 | email: 電郵","approved","","","","",""
"question","v2.notifications.rules.notification_15_channel","v2.2","zh-Hans","fnv1a64:df415823535ac40f","decision.notifications.rules.notification_15_channel","notifications.rules | choice | v2.fact.notifications.rules.v1","此通知应如何发送？","选择通知应送到哪里：此应用内、电子邮件，或按公司规定两者都使用。","","in_app: 应用内 | email: 电子邮件","approved","","","","",""
"question","v2.notifications.rules.add_another_15","v2.2","en","fnv1a64:df415823535ac40f","decision.notifications.rules.add_another_15","notifications.rules | choice | v2.fact.notifications.rules.v1","Do you need another message?","Choose Yes only if another event needs its own message. Choose No when people will receive all the messages they need.","","yes: Yes | no: No","approved","","","","",""
"question","v2.notifications.rules.add_another_15","v2.2","zh-Hant","fnv1a64:df415823535ac40f","decision.notifications.rules.add_another_15","notifications.rules | choice | v2.fact.notifications.rules.v1","是否需要另一則通知？","只有另一個事件需要獨立通知時才選「是」。相關人士已會收到所需通知時請選「否」。","","yes: 是 | no: 否","approved","","","","",""
"question","v2.notifications.rules.add_another_15","v2.2","zh-Hans","fnv1a64:df415823535ac40f","decision.notifications.rules.add_another_15","notifications.rules | choice | v2.fact.notifications.rules.v1","是否需要另一则通知？","只有另一个事件需要独立通知时才选“是”。相关人员已会收到所需通知时请选择“否”。","","yes: 是 | no: 否","approved","","","","",""
"question","v2.notifications.rules.notification_16_event","v2.2","en","fnv1a64:df415823535ac40f","decision.notifications.rules.notification_16_event","notifications.rules | short_text | v2.fact.notifications.rules.v1","What event should send this message?","Name one event that should send a message, for example ‘a new reviewer is assigned’ or ‘the request is approved’.","","","approved","","","","",""
"question","v2.notifications.rules.notification_16_event","v2.2","zh-Hant","fnv1a64:df415823535ac40f","decision.notifications.rules.notification_16_event","notifications.rules | short_text | v2.fact.notifications.rules.v1","哪個事件應發出此通知？","列出一個應發出通知的事件，例如「指派了新的處理人」或「申請已獲批」。","","","approved","","","","",""
"question","v2.notifications.rules.notification_16_event","v2.2","zh-Hans","fnv1a64:df415823535ac40f","decision.notifications.rules.notification_16_event","notifications.rules | short_text | v2.fact.notifications.rules.v1","哪个事件应发送此通知？","列出一个应发送通知的事件，例如“指派了新的处理人”或“申请已获批”。","","","approved","","","","",""
"question","v2.notifications.rules.notification_16_recipient","v2.2","en","fnv1a64:df415823535ac40f","decision.notifications.rules.notification_16_recipient","notifications.rules | short_text | v2.fact.notifications.rules.v1","Who should receive this message?","Name who should receive this message. For example, the requester only, the current reviewer, or Finance.","","","approved","","","","",""
"question","v2.notifications.rules.notification_16_recipient","v2.2","zh-Hant","fnv1a64:df415823535ac40f","decision.notifications.rules.notification_16_recipient","notifications.rules | short_text | v2.fact.notifications.rules.v1","誰應收到此通知？","列出誰應收到這則通知，例如只通知申請人、目前處理人或財務部。","","","approved","","","","",""
"question","v2.notifications.rules.notification_16_recipient","v2.2","zh-Hans","fnv1a64:df415823535ac40f","decision.notifications.rules.notification_16_recipient","notifications.rules | short_text | v2.fact.notifications.rules.v1","谁应收到此通知？","列出谁应收到这则通知，例如只通知申请人、目前处理人或财务部。","","","approved","","","","",""
"question","v2.notifications.rules.notification_16_channel","v2.2","en","fnv1a64:df415823535ac40f","decision.notifications.rules.notification_16_channel","notifications.rules | choice | v2.fact.notifications.rules.v1","How should this message be sent?","Choose where this message should arrive: inside this app, by email, or both if your policy needs both.","","in_app: In the app | email: By email","approved","","","","",""
"question","v2.notifications.rules.notification_16_channel","v2.2","zh-Hant","fnv1a64:df415823535ac40f","decision.notifications.rules.notification_16_channel","notifications.rules | choice | v2.fact.notifications.rules.v1","此通知應如何發送？","選擇通知應送到哪裡：此應用程式內、電郵，或按公司規定兩者都使用。","","in_app: 應用程式內 | email: 電郵","approved","","","","",""
"question","v2.notifications.rules.notification_16_channel","v2.2","zh-Hans","fnv1a64:df415823535ac40f","decision.notifications.rules.notification_16_channel","notifications.rules | choice | v2.fact.notifications.rules.v1","此通知应如何发送？","选择通知应送到哪里：此应用内、电子邮件，或按公司规定两者都使用。","","in_app: 应用内 | email: 电子邮件","approved","","","","",""
"question","v2.notifications.rules.add_another_16","v2.2","en","fnv1a64:df415823535ac40f","decision.notifications.rules.add_another_16","notifications.rules | choice | v2.fact.notifications.rules.v1","Do you need another message?","Choose Yes only if another event needs its own message. Choose No when people will receive all the messages they need.","","yes: Yes | no: No","approved","","","","",""
"question","v2.notifications.rules.add_another_16","v2.2","zh-Hant","fnv1a64:df415823535ac40f","decision.notifications.rules.add_another_16","notifications.rules | choice | v2.fact.notifications.rules.v1","是否需要另一則通知？","只有另一個事件需要獨立通知時才選「是」。相關人士已會收到所需通知時請選「否」。","","yes: 是 | no: 否","approved","","","","",""
"question","v2.notifications.rules.add_another_16","v2.2","zh-Hans","fnv1a64:df415823535ac40f","decision.notifications.rules.add_another_16","notifications.rules | choice | v2.fact.notifications.rules.v1","是否需要另一则通知？","只有另一个事件需要独立通知时才选“是”。相关人员已会收到所需通知时请选择“否”。","","yes: 是 | no: 否","approved","","","","",""
"question","v2.notifications.rules.notification_17_event","v2.2","en","fnv1a64:df415823535ac40f","decision.notifications.rules.notification_17_event","notifications.rules | short_text | v2.fact.notifications.rules.v1","What event should send this message?","Name one event that should send a message, for example ‘a new reviewer is assigned’ or ‘the request is approved’.","","","approved","","","","",""
"question","v2.notifications.rules.notification_17_event","v2.2","zh-Hant","fnv1a64:df415823535ac40f","decision.notifications.rules.notification_17_event","notifications.rules | short_text | v2.fact.notifications.rules.v1","哪個事件應發出此通知？","列出一個應發出通知的事件，例如「指派了新的處理人」或「申請已獲批」。","","","approved","","","","",""
"question","v2.notifications.rules.notification_17_event","v2.2","zh-Hans","fnv1a64:df415823535ac40f","decision.notifications.rules.notification_17_event","notifications.rules | short_text | v2.fact.notifications.rules.v1","哪个事件应发送此通知？","列出一个应发送通知的事件，例如“指派了新的处理人”或“申请已获批”。","","","approved","","","","",""
"question","v2.notifications.rules.notification_17_recipient","v2.2","en","fnv1a64:df415823535ac40f","decision.notifications.rules.notification_17_recipient","notifications.rules | short_text | v2.fact.notifications.rules.v1","Who should receive this message?","Name who should receive this message. For example, the requester only, the current reviewer, or Finance.","","","approved","","","","",""
"question","v2.notifications.rules.notification_17_recipient","v2.2","zh-Hant","fnv1a64:df415823535ac40f","decision.notifications.rules.notification_17_recipient","notifications.rules | short_text | v2.fact.notifications.rules.v1","誰應收到此通知？","列出誰應收到這則通知，例如只通知申請人、目前處理人或財務部。","","","approved","","","","",""
"question","v2.notifications.rules.notification_17_recipient","v2.2","zh-Hans","fnv1a64:df415823535ac40f","decision.notifications.rules.notification_17_recipient","notifications.rules | short_text | v2.fact.notifications.rules.v1","谁应收到此通知？","列出谁应收到这则通知，例如只通知申请人、目前处理人或财务部。","","","approved","","","","",""
"question","v2.notifications.rules.notification_17_channel","v2.2","en","fnv1a64:df415823535ac40f","decision.notifications.rules.notification_17_channel","notifications.rules | choice | v2.fact.notifications.rules.v1","How should this message be sent?","Choose where this message should arrive: inside this app, by email, or both if your policy needs both.","","in_app: In the app | email: By email","approved","","","","",""
"question","v2.notifications.rules.notification_17_channel","v2.2","zh-Hant","fnv1a64:df415823535ac40f","decision.notifications.rules.notification_17_channel","notifications.rules | choice | v2.fact.notifications.rules.v1","此通知應如何發送？","選擇通知應送到哪裡：此應用程式內、電郵，或按公司規定兩者都使用。","","in_app: 應用程式內 | email: 電郵","approved","","","","",""
"question","v2.notifications.rules.notification_17_channel","v2.2","zh-Hans","fnv1a64:df415823535ac40f","decision.notifications.rules.notification_17_channel","notifications.rules | choice | v2.fact.notifications.rules.v1","此通知应如何发送？","选择通知应送到哪里：此应用内、电子邮件，或按公司规定两者都使用。","","in_app: 应用内 | email: 电子邮件","approved","","","","",""
"question","v2.notifications.rules.add_another_17","v2.2","en","fnv1a64:df415823535ac40f","decision.notifications.rules.add_another_17","notifications.rules | choice | v2.fact.notifications.rules.v1","Do you need another message?","Choose Yes only if another event needs its own message. Choose No when people will receive all the messages they need.","","yes: Yes | no: No","approved","","","","",""
"question","v2.notifications.rules.add_another_17","v2.2","zh-Hant","fnv1a64:df415823535ac40f","decision.notifications.rules.add_another_17","notifications.rules | choice | v2.fact.notifications.rules.v1","是否需要另一則通知？","只有另一個事件需要獨立通知時才選「是」。相關人士已會收到所需通知時請選「否」。","","yes: 是 | no: 否","approved","","","","",""
"question","v2.notifications.rules.add_another_17","v2.2","zh-Hans","fnv1a64:df415823535ac40f","decision.notifications.rules.add_another_17","notifications.rules | choice | v2.fact.notifications.rules.v1","是否需要另一则通知？","只有另一个事件需要独立通知时才选“是”。相关人员已会收到所需通知时请选择“否”。","","yes: 是 | no: 否","approved","","","","",""
"question","v2.notifications.rules.notification_18_event","v2.2","en","fnv1a64:df415823535ac40f","decision.notifications.rules.notification_18_event","notifications.rules | short_text | v2.fact.notifications.rules.v1","What event should send this message?","Name one event that should send a message, for example ‘a new reviewer is assigned’ or ‘the request is approved’.","","","approved","","","","",""
"question","v2.notifications.rules.notification_18_event","v2.2","zh-Hant","fnv1a64:df415823535ac40f","decision.notifications.rules.notification_18_event","notifications.rules | short_text | v2.fact.notifications.rules.v1","哪個事件應發出此通知？","列出一個應發出通知的事件，例如「指派了新的處理人」或「申請已獲批」。","","","approved","","","","",""
"question","v2.notifications.rules.notification_18_event","v2.2","zh-Hans","fnv1a64:df415823535ac40f","decision.notifications.rules.notification_18_event","notifications.rules | short_text | v2.fact.notifications.rules.v1","哪个事件应发送此通知？","列出一个应发送通知的事件，例如“指派了新的处理人”或“申请已获批”。","","","approved","","","","",""
"question","v2.notifications.rules.notification_18_recipient","v2.2","en","fnv1a64:df415823535ac40f","decision.notifications.rules.notification_18_recipient","notifications.rules | short_text | v2.fact.notifications.rules.v1","Who should receive this message?","Name who should receive this message. For example, the requester only, the current reviewer, or Finance.","","","approved","","","","",""
"question","v2.notifications.rules.notification_18_recipient","v2.2","zh-Hant","fnv1a64:df415823535ac40f","decision.notifications.rules.notification_18_recipient","notifications.rules | short_text | v2.fact.notifications.rules.v1","誰應收到此通知？","列出誰應收到這則通知，例如只通知申請人、目前處理人或財務部。","","","approved","","","","",""
"question","v2.notifications.rules.notification_18_recipient","v2.2","zh-Hans","fnv1a64:df415823535ac40f","decision.notifications.rules.notification_18_recipient","notifications.rules | short_text | v2.fact.notifications.rules.v1","谁应收到此通知？","列出谁应收到这则通知，例如只通知申请人、目前处理人或财务部。","","","approved","","","","",""
"question","v2.notifications.rules.notification_18_channel","v2.2","en","fnv1a64:df415823535ac40f","decision.notifications.rules.notification_18_channel","notifications.rules | choice | v2.fact.notifications.rules.v1","How should this message be sent?","Choose where this message should arrive: inside this app, by email, or both if your policy needs both.","","in_app: In the app | email: By email","approved","","","","",""
"question","v2.notifications.rules.notification_18_channel","v2.2","zh-Hant","fnv1a64:df415823535ac40f","decision.notifications.rules.notification_18_channel","notifications.rules | choice | v2.fact.notifications.rules.v1","此通知應如何發送？","選擇通知應送到哪裡：此應用程式內、電郵，或按公司規定兩者都使用。","","in_app: 應用程式內 | email: 電郵","approved","","","","",""
"question","v2.notifications.rules.notification_18_channel","v2.2","zh-Hans","fnv1a64:df415823535ac40f","decision.notifications.rules.notification_18_channel","notifications.rules | choice | v2.fact.notifications.rules.v1","此通知应如何发送？","选择通知应送到哪里：此应用内、电子邮件，或按公司规定两者都使用。","","in_app: 应用内 | email: 电子邮件","approved","","","","",""
"question","v2.notifications.rules.add_another_18","v2.2","en","fnv1a64:df415823535ac40f","decision.notifications.rules.add_another_18","notifications.rules | choice | v2.fact.notifications.rules.v1","Do you need another message?","Choose Yes only if another event needs its own message. Choose No when people will receive all the messages they need.","","yes: Yes | no: No","approved","","","","",""
"question","v2.notifications.rules.add_another_18","v2.2","zh-Hant","fnv1a64:df415823535ac40f","decision.notifications.rules.add_another_18","notifications.rules | choice | v2.fact.notifications.rules.v1","是否需要另一則通知？","只有另一個事件需要獨立通知時才選「是」。相關人士已會收到所需通知時請選「否」。","","yes: 是 | no: 否","approved","","","","",""
"question","v2.notifications.rules.add_another_18","v2.2","zh-Hans","fnv1a64:df415823535ac40f","decision.notifications.rules.add_another_18","notifications.rules | choice | v2.fact.notifications.rules.v1","是否需要另一则通知？","只有另一个事件需要独立通知时才选“是”。相关人员已会收到所需通知时请选择“否”。","","yes: 是 | no: 否","approved","","","","",""
"question","v2.notifications.rules.notification_19_event","v2.2","en","fnv1a64:df415823535ac40f","decision.notifications.rules.notification_19_event","notifications.rules | short_text | v2.fact.notifications.rules.v1","What event should send this message?","Name one event that should send a message, for example ‘a new reviewer is assigned’ or ‘the request is approved’.","","","approved","","","","",""
"question","v2.notifications.rules.notification_19_event","v2.2","zh-Hant","fnv1a64:df415823535ac40f","decision.notifications.rules.notification_19_event","notifications.rules | short_text | v2.fact.notifications.rules.v1","哪個事件應發出此通知？","列出一個應發出通知的事件，例如「指派了新的處理人」或「申請已獲批」。","","","approved","","","","",""
"question","v2.notifications.rules.notification_19_event","v2.2","zh-Hans","fnv1a64:df415823535ac40f","decision.notifications.rules.notification_19_event","notifications.rules | short_text | v2.fact.notifications.rules.v1","哪个事件应发送此通知？","列出一个应发送通知的事件，例如“指派了新的处理人”或“申请已获批”。","","","approved","","","","",""
"question","v2.notifications.rules.notification_19_recipient","v2.2","en","fnv1a64:df415823535ac40f","decision.notifications.rules.notification_19_recipient","notifications.rules | short_text | v2.fact.notifications.rules.v1","Who should receive this message?","Name who should receive this message. For example, the requester only, the current reviewer, or Finance.","","","approved","","","","",""
"question","v2.notifications.rules.notification_19_recipient","v2.2","zh-Hant","fnv1a64:df415823535ac40f","decision.notifications.rules.notification_19_recipient","notifications.rules | short_text | v2.fact.notifications.rules.v1","誰應收到此通知？","列出誰應收到這則通知，例如只通知申請人、目前處理人或財務部。","","","approved","","","","",""
"question","v2.notifications.rules.notification_19_recipient","v2.2","zh-Hans","fnv1a64:df415823535ac40f","decision.notifications.rules.notification_19_recipient","notifications.rules | short_text | v2.fact.notifications.rules.v1","谁应收到此通知？","列出谁应收到这则通知，例如只通知申请人、目前处理人或财务部。","","","approved","","","","",""
"question","v2.notifications.rules.notification_19_channel","v2.2","en","fnv1a64:df415823535ac40f","decision.notifications.rules.notification_19_channel","notifications.rules | choice | v2.fact.notifications.rules.v1","How should this message be sent?","Choose where this message should arrive: inside this app, by email, or both if your policy needs both.","","in_app: In the app | email: By email","approved","","","","",""
"question","v2.notifications.rules.notification_19_channel","v2.2","zh-Hant","fnv1a64:df415823535ac40f","decision.notifications.rules.notification_19_channel","notifications.rules | choice | v2.fact.notifications.rules.v1","此通知應如何發送？","選擇通知應送到哪裡：此應用程式內、電郵，或按公司規定兩者都使用。","","in_app: 應用程式內 | email: 電郵","approved","","","","",""
"question","v2.notifications.rules.notification_19_channel","v2.2","zh-Hans","fnv1a64:df415823535ac40f","decision.notifications.rules.notification_19_channel","notifications.rules | choice | v2.fact.notifications.rules.v1","此通知应如何发送？","选择通知应送到哪里：此应用内、电子邮件，或按公司规定两者都使用。","","in_app: 应用内 | email: 电子邮件","approved","","","","",""
"question","v2.notifications.rules.add_another_19","v2.2","en","fnv1a64:df415823535ac40f","decision.notifications.rules.add_another_19","notifications.rules | choice | v2.fact.notifications.rules.v1","Do you need another message?","Choose Yes only if another event needs its own message. Choose No when people will receive all the messages they need.","","yes: Yes | no: No","approved","","","","",""
"question","v2.notifications.rules.add_another_19","v2.2","zh-Hant","fnv1a64:df415823535ac40f","decision.notifications.rules.add_another_19","notifications.rules | choice | v2.fact.notifications.rules.v1","是否需要另一則通知？","只有另一個事件需要獨立通知時才選「是」。相關人士已會收到所需通知時請選「否」。","","yes: 是 | no: 否","approved","","","","",""
"question","v2.notifications.rules.add_another_19","v2.2","zh-Hans","fnv1a64:df415823535ac40f","decision.notifications.rules.add_another_19","notifications.rules | choice | v2.fact.notifications.rules.v1","是否需要另一则通知？","只有另一个事件需要独立通知时才选“是”。相关人员已会收到所需通知时请选择“否”。","","yes: 是 | no: 否","approved","","","","",""
"question","v2.notifications.rules.notification_20_event","v2.2","en","fnv1a64:df415823535ac40f","decision.notifications.rules.notification_20_event","notifications.rules | short_text | v2.fact.notifications.rules.v1","What event should send this message?","Name one event that should send a message, for example ‘a new reviewer is assigned’ or ‘the request is approved’.","","","approved","","","","",""
"question","v2.notifications.rules.notification_20_event","v2.2","zh-Hant","fnv1a64:df415823535ac40f","decision.notifications.rules.notification_20_event","notifications.rules | short_text | v2.fact.notifications.rules.v1","哪個事件應發出此通知？","列出一個應發出通知的事件，例如「指派了新的處理人」或「申請已獲批」。","","","approved","","","","",""
"question","v2.notifications.rules.notification_20_event","v2.2","zh-Hans","fnv1a64:df415823535ac40f","decision.notifications.rules.notification_20_event","notifications.rules | short_text | v2.fact.notifications.rules.v1","哪个事件应发送此通知？","列出一个应发送通知的事件，例如“指派了新的处理人”或“申请已获批”。","","","approved","","","","",""
"question","v2.notifications.rules.notification_20_recipient","v2.2","en","fnv1a64:df415823535ac40f","decision.notifications.rules.notification_20_recipient","notifications.rules | short_text | v2.fact.notifications.rules.v1","Who should receive this message?","Name who should receive this message. For example, the requester only, the current reviewer, or Finance.","","","approved","","","","",""
"question","v2.notifications.rules.notification_20_recipient","v2.2","zh-Hant","fnv1a64:df415823535ac40f","decision.notifications.rules.notification_20_recipient","notifications.rules | short_text | v2.fact.notifications.rules.v1","誰應收到此通知？","列出誰應收到這則通知，例如只通知申請人、目前處理人或財務部。","","","approved","","","","",""
"question","v2.notifications.rules.notification_20_recipient","v2.2","zh-Hans","fnv1a64:df415823535ac40f","decision.notifications.rules.notification_20_recipient","notifications.rules | short_text | v2.fact.notifications.rules.v1","谁应收到此通知？","列出谁应收到这则通知，例如只通知申请人、目前处理人或财务部。","","","approved","","","","",""
"question","v2.notifications.rules.notification_20_channel","v2.2","en","fnv1a64:df415823535ac40f","decision.notifications.rules.notification_20_channel","notifications.rules | choice | v2.fact.notifications.rules.v1","How should this message be sent?","Choose where this message should arrive: inside this app, by email, or both if your policy needs both.","","in_app: In the app | email: By email","approved","","","","",""
"question","v2.notifications.rules.notification_20_channel","v2.2","zh-Hant","fnv1a64:df415823535ac40f","decision.notifications.rules.notification_20_channel","notifications.rules | choice | v2.fact.notifications.rules.v1","此通知應如何發送？","選擇通知應送到哪裡：此應用程式內、電郵，或按公司規定兩者都使用。","","in_app: 應用程式內 | email: 電郵","approved","","","","",""
"question","v2.notifications.rules.notification_20_channel","v2.2","zh-Hans","fnv1a64:df415823535ac40f","decision.notifications.rules.notification_20_channel","notifications.rules | choice | v2.fact.notifications.rules.v1","此通知应如何发送？","选择通知应送到哪里：此应用内、电子邮件，或按公司规定两者都使用。","","in_app: 应用内 | email: 电子邮件","approved","","","","",""
